ts_unix,index,name,uuid,compute_cap,driver_version,temperature.gpu,utilization.gpu,utilization.memory,memory.total,memory.used,memory.free,clocks.sm,clocks.mem,power.draw,power.limit
1762620709,0, NVIDIA A10, GPU-359b21ab-3dbf-5646-ba1f-a513e3866c50, 8.6, 570.148.08, 32, 0, 0, 23028, 0, 22599, 900, 6251, 15.67, 150.00
1762620710,0, NVIDIA A10, GPU-359b21ab-3dbf-5646-ba1f-a513e3866c50, 8.6, 570.148.08, 33, 0, 0, 23028, 0, 22599, 900, 6251, 28.14, 150.00
1762620711,0, NVIDIA A10, GPU-359b21ab-3dbf-5646-ba1f-a513e3866c50, 8.6, 570.148.08, 33, 0, 0, 23028, 0, 22599, 210, 405, 28.13, 150.00
1762620712,0, NVIDIA A10, GPU-359b21ab-3dbf-5646-ba1f-a513e3866c50, 8.6, 570.148.08, 32, 0, 0, 23028, 0, 22599, 210, 405, 15.67, 150.00
1762620713,0, NVIDIA A10, GPU-359b21ab-3dbf-5646-ba1f-a513e3866c50, 8.6, 570.148.08, 32, 0, 0, 23028, 0, 22599, 210, 405, 15.67, 150.00
1762620714,0, NVIDIA A10, GPU-359b21ab-3dbf-5646-ba1f-a513e3866c50, 8.6, 570.148.08, 32, 0, 0, 23028, 0, 22599, 210, 405, 15.67, 150.00
1762620715,0, NVIDIA A10, GPU-359b21ab-3dbf-5646-ba1f-a513e3866c50, 8.6, 570.148.08, 32, 0, 0, 23028, 0, 22599, 210, 405, 15.66, 150.00
1762620716,0, NVIDIA A10, GPU-359b21ab-3dbf-5646-ba1f-a513e3866c50, 8.6, 570.148.08, 32, 0, 0, 23028, 0, 22599, 210, 405, 15.66, 150.00
1762620717,0, NVIDIA A10, GPU-359b21ab-3dbf-5646-ba1f-a513e3866c50, 8.6, 570.148.08, 32, 0, 0, 23028, 0, 22599, 210, 405, 15.71, 150.00
1762620718,0, NVIDIA A10, GPU-359b21ab-3dbf-5646-ba1f-a513e3866c50, 8.6, 570.148.08, 32, 0, 0, 23028, 0, 22599, 210, 405, 15.75, 150.00
1762620719,0, NVIDIA A10, GPU-359b21ab-3dbf-5646-ba1f-a513e3866c50, 8.6, 570.148.08, 32, 0, 0, 23028, 0, 22599, 210, 405, 15.70, 150.00
1762620720,0, NVIDIA A10, GPU-359b21ab-3dbf-5646-ba1f-a513e3866c50, 8.6, 570.148.08, 32, 0, 0, 23028, 0, 22599, 210, 405, 15.66, 150.00
1762620721,0, NVIDIA A10, GPU-359b21ab-3dbf-5646-ba1f-a513e3866c50, 8.6, 570.148.08, 32, 0, 0, 23028, 0, 22599, 210, 405, 15.66, 150.00
1762620722,0, NVIDIA A10, GPU-359b21ab-3dbf-5646-ba1f-a513e3866c50, 8.6, 570.148.08, 32, 0, 0, 23028, 0, 22599, 210, 405, 15.66, 150.00
1762620724,0, NVIDIA A10, GPU-359b21ab-3dbf-5646-ba1f-a513e3866c50, 8.6, 570.148.08, 32, 0, 0, 23028, 0, 22599, 210, 405, 15.66, 150.00
1762620725,0, NVIDIA A10, GPU-359b21ab-3dbf-5646-ba1f-a513e3866c50, 8.6, 570.148.08, 33, 2, 0, 23028, 347, 22253, 1695, 6251, 27.20, 150.00
1762620726,0, NVIDIA A10, GPU-359b21ab-3dbf-5646-ba1f-a513e3866c50, 8.6, 570.148.08, 34, 18, 1, 23028, 3227, 19373, 1695, 6251, 55.46, 150.00
1762620727,0, NVIDIA A10, GPU-359b21ab-3dbf-5646-ba1f-a513e3866c50, 8.6, 570.148.08, 34, 0, 0, 23028, 2725, 19875, 1695, 6251, 54.82, 150.00
1762620728,0, NVIDIA A10, GPU-359b21ab-3dbf-5646-ba1f-a513e3866c50, 8.6, 570.148.08, 34, 0, 0, 23028, 2725, 19875, 1695, 6251, 54.80, 150.00
1762620729,0, NVIDIA A10, GPU-359b21ab-3dbf-5646-ba1f-a513e3866c50, 8.6, 570.148.08, 34, 0, 0, 23028, 2725, 19875, 1695, 6251, 54.78, 150.00
1762620730,0, NVIDIA A10, GPU-359b21ab-3dbf-5646-ba1f-a513e3866c50, 8.6, 570.148.08, 35, 0, 0, 23028, 2725, 19875, 1695, 6251, 54.90, 150.00
1762620731,0, NVIDIA A10, GPU-359b21ab-3dbf-5646-ba1f-a513e3866c50, 8.6, 570.148.08, 35, 1, 0, 23028, 2853, 19747, 1695, 6251, 55.10, 150.00
1762620732,0, NVIDIA A10, GPU-359b21ab-3dbf-5646-ba1f-a513e3866c50, 8.6, 570.148.08, 36, 0, 0, 23028, 2741, 19859, 1695, 6251, 82.99, 150.00
1762620733,0, NVIDIA A10, GPU-359b21ab-3dbf-5646-ba1f-a513e3866c50, 8.6, 570.148.08, 40, 54, 44, 23028, 19671, 2929, 1680, 6251, 123.04, 150.00
1762620734,0, NVIDIA A10, GPU-359b21ab-3dbf-5646-ba1f-a513e3866c50, 8.6, 570.148.08, 40, 46, 39, 23028, 19823, 2777, 1680, 6251, 118.71, 150.00
1762620735,0, NVIDIA A10, GPU-359b21ab-3dbf-5646-ba1f-a513e3866c50, 8.6, 570.148.08, 37, 0, 0, 23028, 21037, 1563, 1695, 6251, 62.61, 150.00
1762620736,0, NVIDIA A10, GPU-359b21ab-3dbf-5646-ba1f-a513e3866c50, 8.6, 570.148.08, 41, 93, 94, 23028, 21037, 1563, 1665, 6251, 119.77, 150.00
1762620737,0, NVIDIA A10, GPU-359b21ab-3dbf-5646-ba1f-a513e3866c50, 8.6, 570.148.08, 42, 92, 93, 23028, 21037, 1563, 1650, 6251, 151.65, 150.00
1762620738,0, NVIDIA A10, GPU-359b21ab-3dbf-5646-ba1f-a513e3866c50, 8.6, 570.148.08, 43, 91, 78, 23028, 21037, 1563, 1485, 6251, 147.05, 150.00
1762620739,0, NVIDIA A10, GPU-359b21ab-3dbf-5646-ba1f-a513e3866c50, 8.6, 570.148.08, 44, 89, 87, 23028, 21037, 1563, 1650, 6251, 148.96, 150.00
1762620740,0, NVIDIA A10, GPU-359b21ab-3dbf-5646-ba1f-a513e3866c50, 8.6, 570.148.08, 45, 90, 91, 23028, 21037, 1563, 1650, 6251, 152.74, 150.00
1762620741,0, NVIDIA A10, GPU-359b21ab-3dbf-5646-ba1f-a513e3866c50, 8.6, 570.148.08, 45, 92, 93, 23028, 21037, 1563, 1635, 6251, 149.70, 150.00
1762620742,0, NVIDIA A10, GPU-359b21ab-3dbf-5646-ba1f-a513e3866c50, 8.6, 570.148.08, 46, 88, 89, 23028, 21037, 1563, 1650, 6251, 149.46, 150.00
1762620743,0, NVIDIA A10, GPU-359b21ab-3dbf-5646-ba1f-a513e3866c50, 8.6, 570.148.08, 47, 92, 93, 23028, 21037, 1563, 1605, 6251, 148.43, 150.00
1762620744,0, NVIDIA A10, GPU-359b21ab-3dbf-5646-ba1f-a513e3866c50, 8.6, 570.148.08, 47, 87, 88, 23028, 21037, 1563, 1665, 6251, 147.60, 150.00
1762620745,0, NVIDIA A10, GPU-359b21ab-3dbf-5646-ba1f-a513e3866c50, 8.6, 570.148.08, 48, 92, 93, 23028, 21037, 1563, 1620, 6251, 147.41, 150.00
1762620746,0, NVIDIA A10, GPU-359b21ab-3dbf-5646-ba1f-a513e3866c50, 8.6, 570.148.08, 48, 90, 78, 23028, 21037, 1563, 1590, 6251, 145.45, 150.00
1762620747,0, NVIDIA A10, GPU-359b21ab-3dbf-5646-ba1f-a513e3866c50, 8.6, 570.148.08, 49, 91, 92, 23028, 21037, 1563, 1620, 6251, 148.42, 150.00
1762620748,0, NVIDIA A10, GPU-359b21ab-3dbf-5646-ba1f-a513e3866c50, 8.6, 570.148.08, 49, 90, 90, 23028, 21037, 1563, 1650, 6251, 149.77, 150.00
1762620749,0, NVIDIA A10, GPU-359b21ab-3dbf-5646-ba1f-a513e3866c50, 8.6, 570.148.08, 50, 89, 90, 23028, 21037, 1563, 1590, 6251, 153.23, 150.00
1762620750,0, NVIDIA A10, GPU-359b21ab-3dbf-5646-ba1f-a513e3866c50, 8.6, 570.148.08, 50, 91, 91, 23028, 21037, 1563, 1605, 6251, 152.41, 150.00
1762620751,0, NVIDIA A10, GPU-359b21ab-3dbf-5646-ba1f-a513e3866c50, 8.6, 570.148.08, 51, 90, 91, 23028, 21037, 1563, 1620, 6251, 148.30, 150.00
1762620752,0, NVIDIA A10, GPU-359b21ab-3dbf-5646-ba1f-a513e3866c50, 8.6, 570.148.08, 51, 91, 92, 23028, 21037, 1563, 1605, 6251, 146.91, 150.00
1762620753,0, NVIDIA A10, GPU-359b21ab-3dbf-5646-ba1f-a513e3866c50, 8.6, 570.148.08, 52, 90, 83, 23028, 21037, 1563, 1260, 6251, 154.24, 150.00
1762620754,0, NVIDIA A10, GPU-359b21ab-3dbf-5646-ba1f-a513e3866c50, 8.6, 570.148.08, 52, 91, 78, 23028, 21037, 1563, 1545, 6251, 151.95, 150.00
1762620755,0, NVIDIA A10, GPU-359b21ab-3dbf-5646-ba1f-a513e3866c50, 8.6, 570.148.08, 52, 91, 90, 23028, 21037, 1563, 1590, 6251, 145.92, 150.00
1762620756,0, NVIDIA A10, GPU-359b21ab-3dbf-5646-ba1f-a513e3866c50, 8.6, 570.148.08, 53, 91, 92, 23028, 21037, 1563, 1575, 6251, 147.71, 150.00
1762620757,0, NVIDIA A10, GPU-359b21ab-3dbf-5646-ba1f-a513e3866c50, 8.6, 570.148.08, 53, 93, 93, 23028, 21037, 1563, 1590, 6251, 149.14, 150.00
1762620759,0, NVIDIA A10, GPU-359b21ab-3dbf-5646-ba1f-a513e3866c50, 8.6, 570.148.08, 54, 92, 93, 23028, 21037, 1563, 1650, 6251, 154.96, 150.00
1762620760,0, NVIDIA A10, GPU-359b21ab-3dbf-5646-ba1f-a513e3866c50, 8.6, 570.148.08, 54, 87, 87, 23028, 21037, 1563, 1650, 6251, 150.06, 150.00
1762620761,0, NVIDIA A10, GPU-359b21ab-3dbf-5646-ba1f-a513e3866c50, 8.6, 570.148.08, 54, 85, 85, 23028, 21037, 1563, 1680, 6251, 147.26, 150.00
1762620762,0, NVIDIA A10, GPU-359b21ab-3dbf-5646-ba1f-a513e3866c50, 8.6, 570.148.08, 55, 87, 87, 23028, 21037, 1563, 1635, 6251, 147.06, 150.00
1762620763,0, NVIDIA A10, GPU-359b21ab-3dbf-5646-ba1f-a513e3866c50, 8.6, 570.148.08, 56, 89, 82, 23028, 21037, 1563, 1575, 6251, 153.98, 150.00
1762620764,0, NVIDIA A10, GPU-359b21ab-3dbf-5646-ba1f-a513e3866c50, 8.6, 570.148.08, 55, 89, 89, 23028, 21037, 1563, 1635, 6251, 148.04, 150.00
1762620765,0, NVIDIA A10, GPU-359b21ab-3dbf-5646-ba1f-a513e3866c50, 8.6, 570.148.08, 56, 88, 89, 23028, 21037, 1563, 1635, 6251, 147.63, 150.00
1762620766,0, NVIDIA A10, GPU-359b21ab-3dbf-5646-ba1f-a513e3866c50, 8.6, 570.148.08, 56, 87, 88, 23028, 21037, 1563, 1605, 6251, 147.92, 150.00
1762620767,0, NVIDIA A10, GPU-359b21ab-3dbf-5646-ba1f-a513e3866c50, 8.6, 570.148.08, 56, 91, 91, 23028, 21037, 1563, 1605, 6251, 153.77, 150.00
1762620768,0, NVIDIA A10, GPU-359b21ab-3dbf-5646-ba1f-a513e3866c50, 8.6, 570.148.08, 57, 90, 91, 23028, 21037, 1563, 1620, 6251, 147.73, 150.00
1762620769,0, NVIDIA A10, GPU-359b21ab-3dbf-5646-ba1f-a513e3866c50, 8.6, 570.148.08, 57, 89, 90, 23028, 21037, 1563, 1620, 6251, 148.23, 150.00
1762620770,0, NVIDIA A10, GPU-359b21ab-3dbf-5646-ba1f-a513e3866c50, 8.6, 570.148.08, 57, 92, 92, 23028, 21037, 1563, 1590, 6251, 148.52, 150.00
1762620771,0, NVIDIA A10, GPU-359b21ab-3dbf-5646-ba1f-a513e3866c50, 8.6, 570.148.08, 57, 92, 80, 23028, 21037, 1563, 1455, 6251, 151.35, 150.00
1762620772,0, NVIDIA A10, GPU-359b21ab-3dbf-5646-ba1f-a513e3866c50, 8.6, 570.148.08, 58, 88, 88, 23028, 21037, 1563, 1590, 6251, 151.07, 150.00
1762620773,0, NVIDIA A10, GPU-359b21ab-3dbf-5646-ba1f-a513e3866c50, 8.6, 570.148.08, 58, 89, 89, 23028, 21037, 1563, 1620, 6251, 148.38, 150.00
1762620774,0, NVIDIA A10, GPU-359b21ab-3dbf-5646-ba1f-a513e3866c50, 8.6, 570.148.08, 58, 89, 90, 23028, 21037, 1563, 1575, 6251, 147.51, 150.00
1762620775,0, NVIDIA A10, GPU-359b21ab-3dbf-5646-ba1f-a513e3866c50, 8.6, 570.148.08, 59, 92, 92, 23028, 21037, 1563, 1575, 6251, 148.18, 150.00
1762620776,0, NVIDIA A10, GPU-359b21ab-3dbf-5646-ba1f-a513e3866c50, 8.6, 570.148.08, 59, 90, 90, 23028, 21037, 1563, 1590, 6251, 148.56, 150.00
1762620777,0, NVIDIA A10, GPU-359b21ab-3dbf-5646-ba1f-a513e3866c50, 8.6, 570.148.08, 59, 89, 90, 23028, 21037, 1563, 1560, 6251, 150.45, 150.00
1762620778,0, NVIDIA A10, GPU-359b21ab-3dbf-5646-ba1f-a513e3866c50, 8.6, 570.148.08, 59, 91, 91, 23028, 21037, 1563, 1575, 6251, 153.51, 150.00
1762620779,0, NVIDIA A10, GPU-359b21ab-3dbf-5646-ba1f-a513e3866c50, 8.6, 570.148.08, 59, 92, 75, 23028, 21037, 1563, 1410, 6251, 146.08, 150.00
1762620780,0, NVIDIA A10, GPU-359b21ab-3dbf-5646-ba1f-a513e3866c50, 8.6, 570.148.08, 60, 90, 87, 23028, 21037, 1563, 1590, 6251, 146.46, 150.00
1762620781,0, NVIDIA A10, GPU-359b21ab-3dbf-5646-ba1f-a513e3866c50, 8.6, 570.148.08, 58, 0, 0, 23028, 21037, 1563, 1680, 6251, 127.54, 150.00
1762620782,0, NVIDIA A10, GPU-359b21ab-3dbf-5646-ba1f-a513e3866c50, 8.6, 570.148.08, 57, 0, 0, 23028, 0, 22599, 1695, 6251, 70.27, 150.00
1762620783,0, NVIDIA A10, GPU-359b21ab-3dbf-5646-ba1f-a513e3866c50, 8.6, 570.148.08, 57, 0, 0, 23028, 0, 22599, 1695, 6251, 66.09, 150.00
1762620784,0, NVIDIA A10, GPU-359b21ab-3dbf-5646-ba1f-a513e3866c50, 8.6, 570.148.08, 56, 0, 0, 23028, 0, 22599, 345, 6251, 47.14, 150.00
1762620785,0, NVIDIA A10, GPU-359b21ab-3dbf-5646-ba1f-a513e3866c50, 8.6, 570.148.08, 54, 0, 0, 23028, 0, 22599, 225, 6251, 45.07, 150.00
1762620786,0, NVIDIA A10, GPU-359b21ab-3dbf-5646-ba1f-a513e3866c50, 8.6, 570.148.08, 54, 0, 0, 23028, 0, 22599, 210, 6251, 44.64, 150.00
1762620787,0, NVIDIA A10, GPU-359b21ab-3dbf-5646-ba1f-a513e3866c50, 8.6, 570.148.08, 53, 0, 0, 23028, 0, 22599, 210, 6251, 44.22, 150.00
1762620788,0, NVIDIA A10, GPU-359b21ab-3dbf-5646-ba1f-a513e3866c50, 8.6, 570.148.08, 53, 0, 0, 23028, 0, 22599, 210, 6251, 44.37, 150.00
1762620789,0, NVIDIA A10, GPU-359b21ab-3dbf-5646-ba1f-a513e3866c50, 8.6, 570.148.08, 53, 0, 0, 23028, 0, 22599, 210, 405, 30.95, 150.00
1762620790,0, NVIDIA A10, GPU-359b21ab-3dbf-5646-ba1f-a513e3866c50, 8.6, 570.148.08, 52, 0, 0, 23028, 0, 22599, 210, 405, 17.25, 150.00
1762620791,0, NVIDIA A10, GPU-359b21ab-3dbf-5646-ba1f-a513e3866c50, 8.6, 570.148.08, 51, 0, 0, 23028, 0, 22599, 210, 405, 17.06, 150.00
1762620792,0, NVIDIA A10, GPU-359b21ab-3dbf-5646-ba1f-a513e3866c50, 8.6, 570.148.08, 51, 0, 0, 23028, 0, 22599, 210, 405, 19.31, 150.00
1762620794,0, NVIDIA A10, GPU-359b21ab-3dbf-5646-ba1f-a513e3866c50, 8.6, 570.148.08, 50, 0, 0, 23028, 0, 22599, 210, 405, 19.26, 150.00
1762620795,0, NVIDIA A10, GPU-359b21ab-3dbf-5646-ba1f-a513e3866c50, 8.6, 570.148.08, 49, 0, 0, 23028, 0, 22599, 210, 405, 16.92, 150.00
1762620796,0, NVIDIA A10, GPU-359b21ab-3dbf-5646-ba1f-a513e3866c50, 8.6, 570.148.08, 49, 0, 0, 23028, 0, 22599, 210, 405, 16.92, 150.00
1762620797,0, NVIDIA A10, GPU-359b21ab-3dbf-5646-ba1f-a513e3866c50, 8.6, 570.148.08, 48, 0, 0, 23028, 1, 22598, 210, 405, 20.31, 150.00
1762620798,0, NVIDIA A10, GPU-359b21ab-3dbf-5646-ba1f-a513e3866c50, 8.6, 570.148.08, 50, 0, 0, 23028, 3227, 19373, 1695, 6251, 57.76, 150.00
1762620799,0, NVIDIA A10, GPU-359b21ab-3dbf-5646-ba1f-a513e3866c50, 8.6, 570.148.08, 50, 0, 0, 23028, 2725, 19875, 1695, 6251, 63.10, 150.00
1762620800,0, NVIDIA A10, GPU-359b21ab-3dbf-5646-ba1f-a513e3866c50, 8.6, 570.148.08, 50, 0, 0, 23028, 2725, 19875, 1695, 6251, 62.40, 150.00
1762620801,0, NVIDIA A10, GPU-359b21ab-3dbf-5646-ba1f-a513e3866c50, 8.6, 570.148.08, 50, 0, 0, 23028, 2725, 19875, 1695, 6251, 61.88, 150.00
1762620802,0, NVIDIA A10, GPU-359b21ab-3dbf-5646-ba1f-a513e3866c50, 8.6, 570.148.08, 50, 0, 0, 23028, 2725, 19875, 1695, 6251, 61.85, 150.00
1762620803,0, NVIDIA A10, GPU-359b21ab-3dbf-5646-ba1f-a513e3866c50, 8.6, 570.148.08, 50, 0, 0, 23028, 2725, 19875, 1695, 6251, 62.17, 150.00
1762620804,0, NVIDIA A10, GPU-359b21ab-3dbf-5646-ba1f-a513e3866c50, 8.6, 570.148.08, 51, 14, 1, 23028, 2741, 19859, 1695, 6251, 82.62, 150.00
1762620805,0, NVIDIA A10, GPU-359b21ab-3dbf-5646-ba1f-a513e3866c50, 8.6, 570.148.08, 54, 52, 42, 23028, 19611, 2989, 1545, 6251, 112.66, 150.00
1762620806,0, NVIDIA A10, GPU-359b21ab-3dbf-5646-ba1f-a513e3866c50, 8.6, 570.148.08, 54, 51, 38, 23028, 19785, 2815, 1680, 6251, 114.79, 150.00
1762620807,0, NVIDIA A10, GPU-359b21ab-3dbf-5646-ba1f-a513e3866c50, 8.6, 570.148.08, 52, 0, 0, 23028, 21037, 1563, 1695, 6251, 78.56, 150.00
1762620808,0, NVIDIA A10, GPU-359b21ab-3dbf-5646-ba1f-a513e3866c50, 8.6, 570.148.08, 54, 91, 91, 23028, 21037, 1563, 1620, 6251, 95.42, 150.00
1762620809,0, NVIDIA A10, GPU-359b21ab-3dbf-5646-ba1f-a513e3866c50, 8.6, 570.148.08, 55, 92, 92, 23028, 21037, 1563, 1605, 6251, 147.50, 150.00
1762620810,0, NVIDIA A10, GPU-359b21ab-3dbf-5646-ba1f-a513e3866c50, 8.6, 570.148.08, 56, 92, 92, 23028, 21037, 1563, 1590, 6251, 152.21, 150.00
1762620811,0, NVIDIA A10, GPU-359b21ab-3dbf-5646-ba1f-a513e3866c50, 8.6, 570.148.08, 56, 92, 92, 23028, 21037, 1563, 1590, 6251, 148.70, 150.00
1762620812,0, NVIDIA A10, GPU-359b21ab-3dbf-5646-ba1f-a513e3866c50, 8.6, 570.148.08, 57, 91, 91, 23028, 21037, 1563, 1590, 6251, 147.42, 150.00
1762620813,0, NVIDIA A10, GPU-359b21ab-3dbf-5646-ba1f-a513e3866c50, 8.6, 570.148.08, 57, 92, 92, 23028, 21037, 1563, 1605, 6251, 152.04, 150.00
1762620814,0, NVIDIA A10, GPU-359b21ab-3dbf-5646-ba1f-a513e3866c50, 8.6, 570.148.08, 58, 92, 92, 23028, 21037, 1563, 1590, 6251, 148.33, 150.00
1762620815,0, NVIDIA A10, GPU-359b21ab-3dbf-5646-ba1f-a513e3866c50, 8.6, 570.148.08, 58, 92, 92, 23028, 21037, 1563, 1590, 6251, 148.39, 150.00
1762620816,0, NVIDIA A10, GPU-359b21ab-3dbf-5646-ba1f-a513e3866c50, 8.6, 570.148.08, 58, 92, 92, 23028, 21037, 1563, 1590, 6251, 153.08, 150.00
1762620817,0, NVIDIA A10, GPU-359b21ab-3dbf-5646-ba1f-a513e3866c50, 8.6, 570.148.08, 59, 90, 90, 23028, 21037, 1563, 1590, 6251, 151.08, 150.00
1762620818,0, NVIDIA A10, GPU-359b21ab-3dbf-5646-ba1f-a513e3866c50, 8.6, 570.148.08, 59, 89, 89, 23028, 21037, 1563, 1185, 6251, 148.20, 150.00
1762620819,0, NVIDIA A10, GPU-359b21ab-3dbf-5646-ba1f-a513e3866c50, 8.6, 570.148.08, 60, 88, 86, 23028, 21037, 1563, 1125, 6251, 148.22, 150.00
1762620820,0, NVIDIA A10, GPU-359b21ab-3dbf-5646-ba1f-a513e3866c50, 8.6, 570.148.08, 60, 95, 62, 23028, 21037, 1563, 1470, 6251, 150.41, 150.00
1762620821,0, NVIDIA A10, GPU-359b21ab-3dbf-5646-ba1f-a513e3866c50, 8.6, 570.148.08, 59, 93, 78, 23028, 21037, 1563, 1560, 6251, 146.09, 150.00
1762620822,0, NVIDIA A10, GPU-359b21ab-3dbf-5646-ba1f-a513e3866c50, 8.6, 570.148.08, 60, 92, 88, 23028, 21037, 1563, 1575, 6251, 145.77, 150.00
1762620823,0, NVIDIA A10, GPU-359b21ab-3dbf-5646-ba1f-a513e3866c50, 8.6, 570.148.08, 60, 92, 91, 23028, 21037, 1563, 1560, 6251, 147.85, 150.00
1762620824,0, NVIDIA A10, GPU-359b21ab-3dbf-5646-ba1f-a513e3866c50, 8.6, 570.148.08, 61, 92, 91, 23028, 21037, 1563, 1560, 6251, 151.74, 150.00
1762620825,0, NVIDIA A10, GPU-359b21ab-3dbf-5646-ba1f-a513e3866c50, 8.6, 570.148.08, 61, 92, 92, 23028, 21037, 1563, 1575, 6251, 149.62, 150.00
1762620826,0, NVIDIA A10, GPU-359b21ab-3dbf-5646-ba1f-a513e3866c50, 8.6, 570.148.08, 61, 90, 90, 23028, 21037, 1563, 1590, 6251, 148.05, 150.00
1762620827,0, NVIDIA A10, GPU-359b21ab-3dbf-5646-ba1f-a513e3866c50, 8.6, 570.148.08, 61, 91, 91, 23028, 21037, 1563, 1560, 6251, 150.55, 150.00
1762620828,0, NVIDIA A10, GPU-359b21ab-3dbf-5646-ba1f-a513e3866c50, 8.6, 570.148.08, 62, 92, 91, 23028, 21037, 1563, 1620, 6251, 149.43, 150.00
1762620830,0, NVIDIA A10, GPU-359b21ab-3dbf-5646-ba1f-a513e3866c50, 8.6, 570.148.08, 62, 92, 92, 23028, 21037, 1563, 1560, 6251, 151.65, 150.00
1762620831,0, NVIDIA A10, GPU-359b21ab-3dbf-5646-ba1f-a513e3866c50, 8.6, 570.148.08, 62, 92, 92, 23028, 21037, 1563, 1560, 6251, 150.08, 150.00
1762620832,0, NVIDIA A10, GPU-359b21ab-3dbf-5646-ba1f-a513e3866c50, 8.6, 570.148.08, 62, 92, 91, 23028, 21037, 1563, 1560, 6251, 148.76, 150.00
1762620833,0, NVIDIA A10, GPU-359b21ab-3dbf-5646-ba1f-a513e3866c50, 8.6, 570.148.08, 62, 92, 91, 23028, 21037, 1563, 1560, 6251, 151.48, 150.00
1762620834,0, NVIDIA A10, GPU-359b21ab-3dbf-5646-ba1f-a513e3866c50, 8.6, 570.148.08, 63, 92, 92, 23028, 21037, 1563, 1545, 6251, 149.44, 150.00
1762620835,0, NVIDIA A10, GPU-359b21ab-3dbf-5646-ba1f-a513e3866c50, 8.6, 570.148.08, 63, 92, 92, 23028, 21037, 1563, 1545, 6251, 148.65, 150.00
1762620836,0, NVIDIA A10, GPU-359b21ab-3dbf-5646-ba1f-a513e3866c50, 8.6, 570.148.08, 63, 91, 91, 23028, 21037, 1563, 1515, 6251, 148.80, 150.00
1762620837,0, NVIDIA A10, GPU-359b21ab-3dbf-5646-ba1f-a513e3866c50, 8.6, 570.148.08, 63, 90, 86, 23028, 21037, 1563, 1350, 6251, 147.23, 150.00
1762620838,0, NVIDIA A10, GPU-359b21ab-3dbf-5646-ba1f-a513e3866c50, 8.6, 570.148.08, 64, 89, 78, 23028, 21037, 1563, 1080, 6251, 149.04, 150.00
1762620839,0, NVIDIA A10, GPU-359b21ab-3dbf-5646-ba1f-a513e3866c50, 8.6, 570.148.08, 64, 91, 73, 23028, 21037, 1563, 1260, 6251, 152.90, 150.00
1762620840,0, NVIDIA A10, GPU-359b21ab-3dbf-5646-ba1f-a513e3866c50, 8.6, 570.148.08, 64, 94, 73, 23028, 21037, 1563, 1455, 6251, 147.93, 150.00
1762620841,0, NVIDIA A10, GPU-359b21ab-3dbf-5646-ba1f-a513e3866c50, 8.6, 570.148.08, 64, 92, 88, 23028, 21037, 1563, 1515, 6251, 147.47, 150.00
1762620842,0, NVIDIA A10, GPU-359b21ab-3dbf-5646-ba1f-a513e3866c50, 8.6, 570.148.08, 64, 92, 90, 23028, 21037, 1563, 1545, 6251, 146.91, 150.00
1762620843,0, NVIDIA A10, GPU-359b21ab-3dbf-5646-ba1f-a513e3866c50, 8.6, 570.148.08, 64, 92, 91, 23028, 21037, 1563, 1560, 6251, 149.70, 150.00
1762620844,0, NVIDIA A10, GPU-359b21ab-3dbf-5646-ba1f-a513e3866c50, 8.6, 570.148.08, 64, 92, 92, 23028, 21037, 1563, 1545, 6251, 149.09, 150.00
1762620845,0, NVIDIA A10, GPU-359b21ab-3dbf-5646-ba1f-a513e3866c50, 8.6, 570.148.08, 65, 92, 91, 23028, 21037, 1563, 1560, 6251, 148.10, 150.00
1762620846,0, NVIDIA A10, GPU-359b21ab-3dbf-5646-ba1f-a513e3866c50, 8.6, 570.148.08, 65, 92, 92, 23028, 21037, 1563, 1545, 6251, 148.72, 150.00
1762620847,0, NVIDIA A10, GPU-359b21ab-3dbf-5646-ba1f-a513e3866c50, 8.6, 570.148.08, 65, 92, 92, 23028, 21037, 1563, 1545, 6251, 147.60, 150.00
1762620848,0, NVIDIA A10, GPU-359b21ab-3dbf-5646-ba1f-a513e3866c50, 8.6, 570.148.08, 65, 91, 91, 23028, 21037, 1563, 1545, 6251, 153.45, 150.00
1762620849,0, NVIDIA A10, GPU-359b21ab-3dbf-5646-ba1f-a513e3866c50, 8.6, 570.148.08, 65, 89, 89, 23028, 21037, 1563, 1545, 6251, 151.15, 150.00
1762620850,0, NVIDIA A10, GPU-359b21ab-3dbf-5646-ba1f-a513e3866c50, 8.6, 570.148.08, 66, 92, 91, 23028, 21037, 1563, 1545, 6251, 150.46, 150.00
1762620851,0, NVIDIA A10, GPU-359b21ab-3dbf-5646-ba1f-a513e3866c50, 8.6, 570.148.08, 66, 92, 92, 23028, 21037, 1563, 1530, 6251, 149.43, 150.00
1762620852,0, NVIDIA A10, GPU-359b21ab-3dbf-5646-ba1f-a513e3866c50, 8.6, 570.148.08, 66, 92, 92, 23028, 21037, 1563, 1530, 6251, 148.16, 150.00
1762620853,0, NVIDIA A10, GPU-359b21ab-3dbf-5646-ba1f-a513e3866c50, 8.6, 570.148.08, 66, 93, 92, 23028, 21037, 1563, 1530, 6251, 153.13, 150.00
1762620854,0, NVIDIA A10, GPU-359b21ab-3dbf-5646-ba1f-a513e3866c50, 8.6, 570.148.08, 66, 92, 91, 23028, 21037, 1563, 1530, 6251, 148.79, 150.00
1762620855,0, NVIDIA A10, GPU-359b21ab-3dbf-5646-ba1f-a513e3866c50, 8.6, 570.148.08, 66, 92, 91, 23028, 21037, 1563, 1530, 6251, 149.24, 150.00
1762620856,0, NVIDIA A10, GPU-359b21ab-3dbf-5646-ba1f-a513e3866c50, 8.6, 570.148.08, 66, 56, 56, 23028, 21037, 1563, 1650, 6251, 142.05, 150.00
1762620857,0, NVIDIA A10, GPU-359b21ab-3dbf-5646-ba1f-a513e3866c50, 8.6, 570.148.08, 63, 34, 3, 23028, 0, 22599, 1695, 6251, 75.17, 150.00
1762620858,0, NVIDIA A10, GPU-359b21ab-3dbf-5646-ba1f-a513e3866c50, 8.6, 570.148.08, 63, 0, 0, 23028, 0, 22599, 1695, 6251, 70.75, 150.00
1762620859,0, NVIDIA A10, GPU-359b21ab-3dbf-5646-ba1f-a513e3866c50, 8.6, 570.148.08, 62, 0, 0, 23028, 0, 22599, 345, 6251, 49.99, 150.00
1762620860,0, NVIDIA A10, GPU-359b21ab-3dbf-5646-ba1f-a513e3866c50, 8.6, 570.148.08, 60, 0, 0, 23028, 0, 22599, 225, 6251, 47.66, 150.00
1762620861,0, NVIDIA A10, GPU-359b21ab-3dbf-5646-ba1f-a513e3866c50, 8.6, 570.148.08, 60, 0, 0, 23028, 0, 22599, 210, 6251, 47.13, 150.00
1762620862,0, NVIDIA A10, GPU-359b21ab-3dbf-5646-ba1f-a513e3866c50, 8.6, 570.148.08, 59, 0, 0, 23028, 0, 22599, 210, 405, 18.25, 150.00
1762620863,0, NVIDIA A10, GPU-359b21ab-3dbf-5646-ba1f-a513e3866c50, 8.6, 570.148.08, 58, 0, 0, 23028, 0, 22599, 420, 405, 18.21, 150.00
1762620865,0, NVIDIA A10, GPU-359b21ab-3dbf-5646-ba1f-a513e3866c50, 8.6, 570.148.08, 58, 0, 0, 23028, 0, 22599, 210, 405, 17.92, 150.00
1762620866,0, NVIDIA A10, GPU-359b21ab-3dbf-5646-ba1f-a513e3866c50, 8.6, 570.148.08, 57, 0, 0, 23028, 0, 22599, 210, 405, 17.68, 150.00
1762620867,0, NVIDIA A10, GPU-359b21ab-3dbf-5646-ba1f-a513e3866c50, 8.6, 570.148.08, 57, 0, 0, 23028, 0, 22599, 210, 405, 17.58, 150.00
1762620868,0, NVIDIA A10, GPU-359b21ab-3dbf-5646-ba1f-a513e3866c50, 8.6, 570.148.08, 56, 0, 0, 23028, 0, 22599, 210, 405, 17.49, 150.00
1762620869,0, NVIDIA A10, GPU-359b21ab-3dbf-5646-ba1f-a513e3866c50, 8.6, 570.148.08, 55, 0, 0, 23028, 0, 22599, 210, 405, 17.44, 150.00
1762620870,0, NVIDIA A10, GPU-359b21ab-3dbf-5646-ba1f-a513e3866c50, 8.6, 570.148.08, 55, 0, 0, 23028, 0, 22599, 210, 405, 17.39, 150.00
1762620871,0, NVIDIA A10, GPU-359b21ab-3dbf-5646-ba1f-a513e3866c50, 8.6, 570.148.08, 54, 0, 0, 23028, 0, 22599, 210, 405, 17.39, 150.00
1762620872,0, NVIDIA A10, GPU-359b21ab-3dbf-5646-ba1f-a513e3866c50, 8.6, 570.148.08, 54, 0, 0, 23028, 0, 22599, 210, 405, 17.34, 150.00
1762620873,0, NVIDIA A10, GPU-359b21ab-3dbf-5646-ba1f-a513e3866c50, 8.6, 570.148.08, 55, 0, 0, 23028, 869, 21731, 1695, 6251, 41.26, 150.00
1762620874,0, NVIDIA A10, GPU-359b21ab-3dbf-5646-ba1f-a513e3866c50, 8.6, 570.148.08, 55, 6, 0, 23028, 3227, 19373, 1695, 6251, 65.46, 150.00
1762620875,0, NVIDIA A10, GPU-359b21ab-3dbf-5646-ba1f-a513e3866c50, 8.6, 570.148.08, 55, 0, 0, 23028, 2725, 19875, 1695, 6251, 64.75, 150.00
1762620876,0, NVIDIA A10, GPU-359b21ab-3dbf-5646-ba1f-a513e3866c50, 8.6, 570.148.08, 55, 0, 0, 23028, 2725, 19875, 1695, 6251, 64.53, 150.00
1762620877,0, NVIDIA A10, GPU-359b21ab-3dbf-5646-ba1f-a513e3866c50, 8.6, 570.148.08, 55, 0, 0, 23028, 2725, 19875, 1695, 6251, 64.48, 150.00
1762620878,0, NVIDIA A10, GPU-359b21ab-3dbf-5646-ba1f-a513e3866c50, 8.6, 570.148.08, 55, 0, 0, 23028, 2725, 19875, 1695, 6251, 64.51, 150.00
1762620879,0, NVIDIA A10, GPU-359b21ab-3dbf-5646-ba1f-a513e3866c50, 8.6, 570.148.08, 57, 76, 48, 23028, 4299, 18301, 1665, 6251, 83.53, 150.00
1762620880,0, NVIDIA A10, GPU-359b21ab-3dbf-5646-ba1f-a513e3866c50, 8.6, 570.148.08, 57, 63, 41, 23028, 19583, 3017, 1380, 6251, 77.93, 150.00
1762620881,0, NVIDIA A10, GPU-359b21ab-3dbf-5646-ba1f-a513e3866c50, 8.6, 570.148.08, 58, 35, 34, 23028, 19733, 2867, 1680, 6251, 133.32, 150.00
1762620882,0, NVIDIA A10, GPU-359b21ab-3dbf-5646-ba1f-a513e3866c50, 8.6, 570.148.08, 57, 31, 34, 23028, 21037, 1563, 1680, 6251, 105.11, 150.00
1762620883,0, NVIDIA A10, GPU-359b21ab-3dbf-5646-ba1f-a513e3866c50, 8.6, 570.148.08, 56, 0, 0, 23028, 21037, 1563, 1695, 6251, 73.95, 150.00
1762620884,0, NVIDIA A10, GPU-359b21ab-3dbf-5646-ba1f-a513e3866c50, 8.6, 570.148.08, 59, 92, 92, 23028, 21037, 1563, 1530, 6251, 151.04, 150.00
1762620885,0, NVIDIA A10, GPU-359b21ab-3dbf-5646-ba1f-a513e3866c50, 8.6, 570.148.08, 60, 92, 92, 23028, 21037, 1563, 1515, 6251, 146.70, 150.00
1762620886,0, NVIDIA A10, GPU-359b21ab-3dbf-5646-ba1f-a513e3866c50, 8.6, 570.148.08, 60, 92, 92, 23028, 21037, 1563, 1560, 6251, 146.41, 150.00
1762620887,0, NVIDIA A10, GPU-359b21ab-3dbf-5646-ba1f-a513e3866c50, 8.6, 570.148.08, 61, 92, 92, 23028, 21037, 1563, 1560, 6251, 151.82, 150.00
1762620888,0, NVIDIA A10, GPU-359b21ab-3dbf-5646-ba1f-a513e3866c50, 8.6, 570.148.08, 61, 92, 92, 23028, 21037, 1563, 1560, 6251, 148.65, 150.00
1762620889,0, NVIDIA A10, GPU-359b21ab-3dbf-5646-ba1f-a513e3866c50, 8.6, 570.148.08, 61, 92, 92, 23028, 21037, 1563, 1545, 6251, 146.61, 150.00
1762620890,0, NVIDIA A10, GPU-359b21ab-3dbf-5646-ba1f-a513e3866c50, 8.6, 570.148.08, 62, 92, 92, 23028, 21037, 1563, 1545, 6251, 147.07, 150.00
1762620891,0, NVIDIA A10, GPU-359b21ab-3dbf-5646-ba1f-a513e3866c50, 8.6, 570.148.08, 62, 92, 92, 23028, 21037, 1563, 1545, 6251, 152.72, 150.00
1762620892,0, NVIDIA A10, GPU-359b21ab-3dbf-5646-ba1f-a513e3866c50, 8.6, 570.148.08, 62, 92, 92, 23028, 21037, 1563, 1545, 6251, 151.89, 150.00
1762620893,0, NVIDIA A10, GPU-359b21ab-3dbf-5646-ba1f-a513e3866c50, 8.6, 570.148.08, 63, 91, 91, 23028, 21037, 1563, 1545, 6251, 147.02, 150.00
1762620894,0, NVIDIA A10, GPU-359b21ab-3dbf-5646-ba1f-a513e3866c50, 8.6, 570.148.08, 63, 91, 90, 23028, 21037, 1563, 1545, 6251, 146.37, 150.00
1762620895,0, NVIDIA A10, GPU-359b21ab-3dbf-5646-ba1f-a513e3866c50, 8.6, 570.148.08, 63, 91, 91, 23028, 21037, 1563, 1545, 6251, 151.06, 150.00
1762620896,0, NVIDIA A10, GPU-359b21ab-3dbf-5646-ba1f-a513e3866c50, 8.6, 570.148.08, 63, 92, 91, 23028, 21037, 1563, 1545, 6251, 150.69, 150.00
1762620897,0, NVIDIA A10, GPU-359b21ab-3dbf-5646-ba1f-a513e3866c50, 8.6, 570.148.08, 63, 92, 91, 23028, 21037, 1563, 1545, 6251, 146.88, 150.00
1762620898,0, NVIDIA A10, GPU-359b21ab-3dbf-5646-ba1f-a513e3866c50, 8.6, 570.148.08, 63, 92, 91, 23028, 21037, 1563, 1545, 6251, 146.45, 150.00
1762620899,0, NVIDIA A10, GPU-359b21ab-3dbf-5646-ba1f-a513e3866c50, 8.6, 570.148.08, 64, 92, 91, 23028, 21037, 1563, 1545, 6251, 149.10, 150.00
1762620900,0, NVIDIA A10, GPU-359b21ab-3dbf-5646-ba1f-a513e3866c50, 8.6, 570.148.08, 64, 92, 85, 23028, 21037, 1563, 1545, 6251, 151.06, 150.00
1762620902,0, NVIDIA A10, GPU-359b21ab-3dbf-5646-ba1f-a513e3866c50, 8.6, 570.148.08, 64, 92, 89, 23028, 21037, 1563, 1545, 6251, 148.09, 150.00
1762620903,0, NVIDIA A10, GPU-359b21ab-3dbf-5646-ba1f-a513e3866c50, 8.6, 570.148.08, 64, 97, 55, 23028, 21037, 1563, 1485, 6251, 146.66, 150.00
1762620904,0, NVIDIA A10, GPU-359b21ab-3dbf-5646-ba1f-a513e3866c50, 8.6, 570.148.08, 64, 96, 47, 23028, 21037, 1563, 1335, 6251, 146.75, 150.00
1762620905,0, NVIDIA A10, GPU-359b21ab-3dbf-5646-ba1f-a513e3866c50, 8.6, 570.148.08, 65, 99, 41, 23028, 21037, 1563, 1125, 6251, 149.76, 150.00
1762620906,0, NVIDIA A10, GPU-359b21ab-3dbf-5646-ba1f-a513e3866c50, 8.6, 570.148.08, 65, 92, 78, 23028, 21037, 1563, 1035, 6251, 150.82, 150.00
1762620907,0, NVIDIA A10, GPU-359b21ab-3dbf-5646-ba1f-a513e3866c50, 8.6, 570.148.08, 65, 92, 91, 23028, 21037, 1563, 1125, 6251, 151.26, 150.00
1762620908,0, NVIDIA A10, GPU-359b21ab-3dbf-5646-ba1f-a513e3866c50, 8.6, 570.148.08, 65, 92, 91, 23028, 21037, 1563, 1455, 6251, 148.01, 150.00
1762620909,0, NVIDIA A10, GPU-359b21ab-3dbf-5646-ba1f-a513e3866c50, 8.6, 570.148.08, 65, 92, 91, 23028, 21037, 1563, 1500, 6251, 146.89, 150.00
1762620910,0, NVIDIA A10, GPU-359b21ab-3dbf-5646-ba1f-a513e3866c50, 8.6, 570.148.08, 65, 92, 92, 23028, 21037, 1563, 1530, 6251, 147.74, 150.00
1762620911,0, NVIDIA A10, GPU-359b21ab-3dbf-5646-ba1f-a513e3866c50, 8.6, 570.148.08, 66, 92, 92, 23028, 21037, 1563, 1530, 6251, 152.19, 150.00
1762620912,0, NVIDIA A10, GPU-359b21ab-3dbf-5646-ba1f-a513e3866c50, 8.6, 570.148.08, 66, 92, 91, 23028, 21037, 1563, 1530, 6251, 151.00, 150.00
1762620913,0, NVIDIA A10, GPU-359b21ab-3dbf-5646-ba1f-a513e3866c50, 8.6, 570.148.08, 66, 92, 91, 23028, 21037, 1563, 1530, 6251, 148.92, 150.00
1762620914,0, NVIDIA A10, GPU-359b21ab-3dbf-5646-ba1f-a513e3866c50, 8.6, 570.148.08, 66, 91, 91, 23028, 21037, 1563, 1530, 6251, 147.83, 150.00
1762620915,0, NVIDIA A10, GPU-359b21ab-3dbf-5646-ba1f-a513e3866c50, 8.6, 570.148.08, 66, 90, 90, 23028, 21037, 1563, 1545, 6251, 146.71, 150.00
1762620916,0, NVIDIA A10, GPU-359b21ab-3dbf-5646-ba1f-a513e3866c50, 8.6, 570.148.08, 66, 91, 90, 23028, 21037, 1563, 1530, 6251, 147.25, 150.00
1762620917,0, NVIDIA A10, GPU-359b21ab-3dbf-5646-ba1f-a513e3866c50, 8.6, 570.148.08, 66, 91, 91, 23028, 21037, 1563, 1515, 6251, 146.01, 150.00
1762620918,0, NVIDIA A10, GPU-359b21ab-3dbf-5646-ba1f-a513e3866c50, 8.6, 570.148.08, 67, 91, 91, 23028, 21037, 1563, 1530, 6251, 149.59, 150.00
1762620919,0, NVIDIA A10, GPU-359b21ab-3dbf-5646-ba1f-a513e3866c50, 8.6, 570.148.08, 67, 92, 91, 23028, 21037, 1563, 1515, 6251, 151.55, 150.00
1762620920,0, NVIDIA A10, GPU-359b21ab-3dbf-5646-ba1f-a513e3866c50, 8.6, 570.148.08, 67, 92, 91, 23028, 21037, 1563, 1530, 6251, 151.68, 150.00
1762620921,0, NVIDIA A10, GPU-359b21ab-3dbf-5646-ba1f-a513e3866c50, 8.6, 570.148.08, 67, 91, 89, 23028, 21037, 1563, 1530, 6251, 148.54, 150.00
1762620922,0, NVIDIA A10, GPU-359b21ab-3dbf-5646-ba1f-a513e3866c50, 8.6, 570.148.08, 67, 91, 89, 23028, 21037, 1563, 1530, 6251, 147.59, 150.00
1762620923,0, NVIDIA A10, GPU-359b21ab-3dbf-5646-ba1f-a513e3866c50, 8.6, 570.148.08, 67, 96, 61, 23028, 21037, 1563, 1500, 6251, 146.49, 150.00
1762620924,0, NVIDIA A10, GPU-359b21ab-3dbf-5646-ba1f-a513e3866c50, 8.6, 570.148.08, 67, 99, 43, 23028, 21037, 1563, 1380, 6251, 147.93, 150.00
1762620925,0, NVIDIA A10, GPU-359b21ab-3dbf-5646-ba1f-a513e3866c50, 8.6, 570.148.08, 68, 98, 40, 23028, 21037, 1563, 1125, 6251, 153.02, 150.00
1762620926,0, NVIDIA A10, GPU-359b21ab-3dbf-5646-ba1f-a513e3866c50, 8.6, 570.148.08, 67, 91, 73, 23028, 21037, 1563, 990, 6251, 148.85, 150.00
1762620927,0, NVIDIA A10, GPU-359b21ab-3dbf-5646-ba1f-a513e3866c50, 8.6, 570.148.08, 68, 91, 90, 23028, 21037, 1563, 1185, 6251, 150.04, 150.00
1762620928,0, NVIDIA A10, GPU-359b21ab-3dbf-5646-ba1f-a513e3866c50, 8.6, 570.148.08, 68, 92, 91, 23028, 21037, 1563, 1455, 6251, 150.28, 150.00
1762620929,0, NVIDIA A10, GPU-359b21ab-3dbf-5646-ba1f-a513e3866c50, 8.6, 570.148.08, 68, 92, 91, 23028, 21037, 1563, 1515, 6251, 147.00, 150.00
1762620930,0, NVIDIA A10, GPU-359b21ab-3dbf-5646-ba1f-a513e3866c50, 8.6, 570.148.08, 68, 92, 92, 23028, 21037, 1563, 1500, 6251, 147.40, 150.00
1762620931,0, NVIDIA A10, GPU-359b21ab-3dbf-5646-ba1f-a513e3866c50, 8.6, 570.148.08, 68, 92, 91, 23028, 21037, 1563, 1500, 6251, 150.41, 150.00
1762620932,0, NVIDIA A10, GPU-359b21ab-3dbf-5646-ba1f-a513e3866c50, 8.6, 570.148.08, 68, 91, 91, 23028, 21037, 1563, 1515, 6251, 152.59, 150.00
1762620933,0, NVIDIA A10, GPU-359b21ab-3dbf-5646-ba1f-a513e3866c50, 8.6, 570.148.08, 68, 91, 91, 23028, 21037, 1563, 1515, 6251, 151.31, 150.00
1762620934,0, NVIDIA A10, GPU-359b21ab-3dbf-5646-ba1f-a513e3866c50, 8.6, 570.148.08, 68, 91, 90, 23028, 21037, 1563, 1515, 6251, 151.39, 150.00
1762620935,0, NVIDIA A10, GPU-359b21ab-3dbf-5646-ba1f-a513e3866c50, 8.6, 570.148.08, 69, 91, 90, 23028, 21037, 1563, 1515, 6251, 147.43, 150.00
1762620937,0, NVIDIA A10, GPU-359b21ab-3dbf-5646-ba1f-a513e3866c50, 8.6, 570.148.08, 69, 92, 91, 23028, 21037, 1563, 1500, 6251, 147.33, 150.00
1762620938,0, NVIDIA A10, GPU-359b21ab-3dbf-5646-ba1f-a513e3866c50, 8.6, 570.148.08, 66, 100, 10, 23028, 0, 22599, 1695, 6251, 117.03, 150.00
1762620938,0, NVIDIA A10, GPU-359b21ab-3dbf-5646-ba1f-a513e3866c50, 8.6, 570.148.08, 66, 0, 0, 23028, 0, 22599, 1695, 6251, 77.37, 150.00
1762620939,0, NVIDIA A10, GPU-359b21ab-3dbf-5646-ba1f-a513e3866c50, 8.6, 570.148.08, 65, 0, 0, 23028, 0, 22599, 1695, 6251, 73.13, 150.00
1762620940,0, NVIDIA A10, GPU-359b21ab-3dbf-5646-ba1f-a513e3866c50, 8.6, 570.148.08, 64, 0, 0, 23028, 0, 22599, 345, 6251, 51.44, 150.00
1762620942,0, NVIDIA A10, GPU-359b21ab-3dbf-5646-ba1f-a513e3866c50, 8.6, 570.148.08, 63, 0, 0, 23028, 0, 22599, 225, 6251, 48.93, 150.00
1762620943,0, NVIDIA A10, GPU-359b21ab-3dbf-5646-ba1f-a513e3866c50, 8.6, 570.148.08, 62, 0, 0, 23028, 0, 22599, 210, 6251, 48.45, 150.00
1762620944,0, NVIDIA A10, GPU-359b21ab-3dbf-5646-ba1f-a513e3866c50, 8.6, 570.148.08, 62, 0, 0, 23028, 0, 22599, 210, 6251, 48.20, 150.00
1762620945,0, NVIDIA A10, GPU-359b21ab-3dbf-5646-ba1f-a513e3866c50, 8.6, 570.148.08, 61, 0, 0, 23028, 0, 22599, 210, 6251, 47.96, 150.00
1762620946,0, NVIDIA A10, GPU-359b21ab-3dbf-5646-ba1f-a513e3866c50, 8.6, 570.148.08, 61, 0, 0, 23028, 0, 22599, 210, 6251, 47.74, 150.00
1762620947,0, NVIDIA A10, GPU-359b21ab-3dbf-5646-ba1f-a513e3866c50, 8.6, 570.148.08, 60, 0, 0, 23028, 0, 22599, 210, 405, 33.00, 150.00
1762620948,0, NVIDIA A10, GPU-359b21ab-3dbf-5646-ba1f-a513e3866c50, 8.6, 570.148.08, 60, 0, 0, 23028, 0, 22599, 210, 405, 18.40, 150.00
1762620949,0, NVIDIA A10, GPU-359b21ab-3dbf-5646-ba1f-a513e3866c50, 8.6, 570.148.08, 59, 0, 0, 23028, 0, 22599, 210, 405, 18.12, 150.00
1762620950,0, NVIDIA A10, GPU-359b21ab-3dbf-5646-ba1f-a513e3866c50, 8.6, 570.148.08, 58, 0, 0, 23028, 0, 22599, 210, 405, 17.83, 150.00
1762620951,0, NVIDIA A10, GPU-359b21ab-3dbf-5646-ba1f-a513e3866c50, 8.6, 570.148.08, 58, 1, 0, 23028, 275, 22325, 1680, 6251, 23.98, 150.00
1762620952,0, NVIDIA A10, GPU-359b21ab-3dbf-5646-ba1f-a513e3866c50, 8.6, 570.148.08, 59, 0, 0, 23028, 3219, 19381, 1695, 6251, 67.25, 150.00
1762620953,0, NVIDIA A10, GPU-359b21ab-3dbf-5646-ba1f-a513e3866c50, 8.6, 570.148.08, 59, 0, 0, 23028, 2717, 19883, 1695, 6251, 67.84, 150.00
1762620954,0, NVIDIA A10, GPU-359b21ab-3dbf-5646-ba1f-a513e3866c50, 8.6, 570.148.08, 59, 0, 0, 23028, 2717, 19883, 1695, 6251, 67.03, 150.00
1762620955,0, NVIDIA A10, GPU-359b21ab-3dbf-5646-ba1f-a513e3866c50, 8.6, 570.148.08, 59, 0, 0, 23028, 2717, 19883, 1695, 6251, 66.58, 150.00
1762620956,0, NVIDIA A10, GPU-359b21ab-3dbf-5646-ba1f-a513e3866c50, 8.6, 570.148.08, 59, 0, 0, 23028, 2717, 19883, 1695, 6251, 66.57, 150.00
1762620957,0, NVIDIA A10, GPU-359b21ab-3dbf-5646-ba1f-a513e3866c50, 8.6, 570.148.08, 58, 0, 0, 23028, 2845, 19755, 1695, 6251, 66.75, 150.00
1762620958,0, NVIDIA A10, GPU-359b21ab-3dbf-5646-ba1f-a513e3866c50, 8.6, 570.148.08, 59, 0, 0, 23028, 2733, 19867, 1695, 6251, 84.18, 150.00
1762620959,0, NVIDIA A10, GPU-359b21ab-3dbf-5646-ba1f-a513e3866c50, 8.6, 570.148.08, 61, 50, 39, 23028, 19657, 2943, 1500, 6251, 121.66, 150.00
1762620960,0, NVIDIA A10, GPU-359b21ab-3dbf-5646-ba1f-a513e3866c50, 8.6, 570.148.08, 61, 33, 25, 23028, 19785, 2815, 1680, 6251, 124.00, 150.00
1762620961,0, NVIDIA A10, GPU-359b21ab-3dbf-5646-ba1f-a513e3866c50, 8.6, 570.148.08, 59, 0, 0, 23028, 21029, 1571, 1695, 6251, 96.68, 150.00
1762620962,0, NVIDIA A10, GPU-359b21ab-3dbf-5646-ba1f-a513e3866c50, 8.6, 570.148.08, 59, 0, 0, 23028, 21029, 1571, 1695, 6251, 74.52, 150.00
1762620963,0, NVIDIA A10, GPU-359b21ab-3dbf-5646-ba1f-a513e3866c50, 8.6, 570.148.08, 59, 0, 0, 23028, 21029, 1571, 1695, 6251, 66.67, 150.00
1762620964,0, NVIDIA A10, GPU-359b21ab-3dbf-5646-ba1f-a513e3866c50, 8.6, 570.148.08, 59, 0, 0, 23028, 21029, 1571, 1695, 6251, 66.48, 150.00
1762620965,0, NVIDIA A10, GPU-359b21ab-3dbf-5646-ba1f-a513e3866c50, 8.6, 570.148.08, 58, 0, 0, 23028, 21029, 1571, 1695, 6251, 66.39, 150.00
1762620966,0, NVIDIA A10, GPU-359b21ab-3dbf-5646-ba1f-a513e3866c50, 8.6, 570.148.08, 58, 0, 0, 23028, 21029, 1571, 1695, 6251, 66.25, 150.00
1762620967,0, NVIDIA A10, GPU-359b21ab-3dbf-5646-ba1f-a513e3866c50, 8.6, 570.148.08, 58, 0, 0, 23028, 21029, 1571, 1695, 6251, 66.08, 150.00
1762620968,0, NVIDIA A10, GPU-359b21ab-3dbf-5646-ba1f-a513e3866c50, 8.6, 570.148.08, 58, 0, 0, 23028, 21029, 1571, 1695, 6251, 66.08, 150.00
1762620969,0, NVIDIA A10, GPU-359b21ab-3dbf-5646-ba1f-a513e3866c50, 8.6, 570.148.08, 58, 0, 0, 23028, 21029, 1571, 1695, 6251, 65.91, 150.00
1762620970,0, NVIDIA A10, GPU-359b21ab-3dbf-5646-ba1f-a513e3866c50, 8.6, 570.148.08, 57, 0, 0, 23028, 21029, 1571, 1695, 6251, 65.77, 150.00
1762620971,0, NVIDIA A10, GPU-359b21ab-3dbf-5646-ba1f-a513e3866c50, 8.6, 570.148.08, 57, 0, 0, 23028, 21029, 1571, 1695, 6251, 65.73, 150.00
1762620972,0, NVIDIA A10, GPU-359b21ab-3dbf-5646-ba1f-a513e3866c50, 8.6, 570.148.08, 60, 88, 88, 23028, 21029, 1571, 1530, 6251, 135.35, 150.00
1762620973,0, NVIDIA A10, GPU-359b21ab-3dbf-5646-ba1f-a513e3866c50, 8.6, 570.148.08, 61, 88, 89, 23028, 21029, 1571, 1575, 6251, 147.66, 150.00
1762620974,0, NVIDIA A10, GPU-359b21ab-3dbf-5646-ba1f-a513e3866c50, 8.6, 570.148.08, 61, 92, 93, 23028, 21029, 1571, 1560, 6251, 146.96, 150.00
1762620975,0, NVIDIA A10, GPU-359b21ab-3dbf-5646-ba1f-a513e3866c50, 8.6, 570.148.08, 62, 92, 92, 23028, 21029, 1571, 1455, 6251, 150.86, 150.00
1762620976,0, NVIDIA A10, GPU-359b21ab-3dbf-5646-ba1f-a513e3866c50, 8.6, 570.148.08, 62, 92, 92, 23028, 21029, 1571, 1485, 6251, 152.54, 150.00
1762620977,0, NVIDIA A10, GPU-359b21ab-3dbf-5646-ba1f-a513e3866c50, 8.6, 570.148.08, 62, 86, 88, 23028, 21029, 1571, 1560, 6251, 145.80, 150.00
1762620978,0, NVIDIA A10, GPU-359b21ab-3dbf-5646-ba1f-a513e3866c50, 8.6, 570.148.08, 63, 91, 93, 23028, 21029, 1571, 1560, 6251, 152.88, 150.00
1762620979,0, NVIDIA A10, GPU-359b21ab-3dbf-5646-ba1f-a513e3866c50, 8.6, 570.148.08, 63, 92, 93, 23028, 21029, 1571, 1560, 6251, 147.48, 150.00
1762620980,0, NVIDIA A10, GPU-359b21ab-3dbf-5646-ba1f-a513e3866c50, 8.6, 570.148.08, 63, 93, 92, 23028, 21029, 1571, 1515, 6251, 149.53, 150.00
1762620982,0, NVIDIA A10, GPU-359b21ab-3dbf-5646-ba1f-a513e3866c50, 8.6, 570.148.08, 63, 91, 80, 23028, 21029, 1571, 1530, 6251, 145.83, 150.00
1762620983,0, NVIDIA A10, GPU-359b21ab-3dbf-5646-ba1f-a513e3866c50, 8.6, 570.148.08, 63, 91, 82, 23028, 21029, 1571, 1515, 6251, 144.74, 150.00
1762620984,0, NVIDIA A10, GPU-359b21ab-3dbf-5646-ba1f-a513e3866c50, 8.6, 570.148.08, 64, 91, 93, 23028, 21029, 1571, 1515, 6251, 153.40, 150.00
1762620985,0, NVIDIA A10, GPU-359b21ab-3dbf-5646-ba1f-a513e3866c50, 8.6, 570.148.08, 64, 92, 93, 23028, 21029, 1571, 1575, 6251, 147.17, 150.00
1762620986,0, NVIDIA A10, GPU-359b21ab-3dbf-5646-ba1f-a513e3866c50, 8.6, 570.148.08, 64, 90, 90, 23028, 21029, 1571, 1500, 6251, 149.75, 150.00
1762620987,0, NVIDIA A10, GPU-359b21ab-3dbf-5646-ba1f-a513e3866c50, 8.6, 570.148.08, 64, 92, 93, 23028, 21029, 1571, 1545, 6251, 149.28, 150.00
1762620988,0, NVIDIA A10, GPU-359b21ab-3dbf-5646-ba1f-a513e3866c50, 8.6, 570.148.08, 64, 93, 92, 23028, 21029, 1571, 1230, 6251, 149.93, 150.00
1762620989,0, NVIDIA A10, GPU-359b21ab-3dbf-5646-ba1f-a513e3866c50, 8.6, 570.148.08, 65, 91, 92, 23028, 21029, 1571, 1500, 6251, 152.80, 150.00
1762620990,0, NVIDIA A10, GPU-359b21ab-3dbf-5646-ba1f-a513e3866c50, 8.6, 570.148.08, 65, 93, 90, 23028, 21029, 1571, 1500, 6251, 152.62, 150.00
1762620991,0, NVIDIA A10, GPU-359b21ab-3dbf-5646-ba1f-a513e3866c50, 8.6, 570.148.08, 65, 93, 92, 23028, 21029, 1571, 1515, 6251, 148.56, 150.00
1762620992,0, NVIDIA A10, GPU-359b21ab-3dbf-5646-ba1f-a513e3866c50, 8.6, 570.148.08, 65, 93, 92, 23028, 21029, 1571, 1500, 6251, 146.08, 150.00
1762620993,0, NVIDIA A10, GPU-359b21ab-3dbf-5646-ba1f-a513e3866c50, 8.6, 570.148.08, 65, 93, 92, 23028, 21029, 1571, 1515, 6251, 154.74, 150.00
1762620994,0, NVIDIA A10, GPU-359b21ab-3dbf-5646-ba1f-a513e3866c50, 8.6, 570.148.08, 66, 94, 85, 23028, 21029, 1571, 1125, 6251, 157.59, 150.00
1762620995,0, NVIDIA A10, GPU-359b21ab-3dbf-5646-ba1f-a513e3866c50, 8.6, 570.148.08, 66, 93, 92, 23028, 21029, 1571, 1470, 6251, 154.85, 150.00
1762620996,0, NVIDIA A10, GPU-359b21ab-3dbf-5646-ba1f-a513e3866c50, 8.6, 570.148.08, 66, 92, 92, 23028, 21029, 1571, 1440, 6251, 153.13, 150.00
1762620997,0, NVIDIA A10, GPU-359b21ab-3dbf-5646-ba1f-a513e3866c50, 8.6, 570.148.08, 66, 93, 92, 23028, 21029, 1571, 1500, 6251, 153.27, 150.00
1762620998,0, NVIDIA A10, GPU-359b21ab-3dbf-5646-ba1f-a513e3866c50, 8.6, 570.148.08, 66, 93, 92, 23028, 21029, 1571, 1530, 6251, 147.38, 150.00
1762620999,0, NVIDIA A10, GPU-359b21ab-3dbf-5646-ba1f-a513e3866c50, 8.6, 570.148.08, 66, 93, 93, 23028, 21029, 1571, 1470, 6251, 148.75, 150.00
1762621000,0, NVIDIA A10, GPU-359b21ab-3dbf-5646-ba1f-a513e3866c50, 8.6, 570.148.08, 66, 92, 92, 23028, 21029, 1571, 1485, 6251, 150.27, 150.00
1762621001,0, NVIDIA A10, GPU-359b21ab-3dbf-5646-ba1f-a513e3866c50, 8.6, 570.148.08, 67, 93, 93, 23028, 21029, 1571, 1485, 6251, 151.84, 150.00
1762621002,0, NVIDIA A10, GPU-359b21ab-3dbf-5646-ba1f-a513e3866c50, 8.6, 570.148.08, 67, 92, 92, 23028, 21029, 1571, 1470, 6251, 152.70, 150.00
1762621003,0, NVIDIA A10, GPU-359b21ab-3dbf-5646-ba1f-a513e3866c50, 8.6, 570.148.08, 67, 93, 94, 23028, 21029, 1571, 1530, 6251, 152.94, 150.00
1762621004,0, NVIDIA A10, GPU-359b21ab-3dbf-5646-ba1f-a513e3866c50, 8.6, 570.148.08, 67, 93, 94, 23028, 21029, 1571, 1530, 6251, 150.54, 150.00
1762621005,0, NVIDIA A10, GPU-359b21ab-3dbf-5646-ba1f-a513e3866c50, 8.6, 570.148.08, 67, 93, 92, 23028, 21029, 1571, 1125, 6251, 148.59, 150.00
1762621006,0, NVIDIA A10, GPU-359b21ab-3dbf-5646-ba1f-a513e3866c50, 8.6, 570.148.08, 67, 92, 92, 23028, 21029, 1571, 1425, 6251, 148.99, 150.00
1762621007,0, NVIDIA A10, GPU-359b21ab-3dbf-5646-ba1f-a513e3866c50, 8.6, 570.148.08, 67, 94, 82, 23028, 21029, 1571, 1155, 6251, 153.70, 150.00
1762621008,0, NVIDIA A10, GPU-359b21ab-3dbf-5646-ba1f-a513e3866c50, 8.6, 570.148.08, 67, 93, 94, 23028, 21029, 1571, 1485, 6251, 148.67, 150.00
1762621009,0, NVIDIA A10, GPU-359b21ab-3dbf-5646-ba1f-a513e3866c50, 8.6, 570.148.08, 68, 92, 94, 23028, 21029, 1571, 1515, 6251, 147.95, 150.00
1762621010,0, NVIDIA A10, GPU-359b21ab-3dbf-5646-ba1f-a513e3866c50, 8.6, 570.148.08, 68, 93, 94, 23028, 21029, 1571, 1530, 6251, 150.09, 150.00
1762621011,0, NVIDIA A10, GPU-359b21ab-3dbf-5646-ba1f-a513e3866c50, 8.6, 570.148.08, 68, 92, 93, 23028, 21029, 1571, 1515, 6251, 146.57, 150.00
1762621012,0, NVIDIA A10, GPU-359b21ab-3dbf-5646-ba1f-a513e3866c50, 8.6, 570.148.08, 68, 92, 91, 23028, 21029, 1571, 1455, 6251, 149.14, 150.00
1762621013,0, NVIDIA A10, GPU-359b21ab-3dbf-5646-ba1f-a513e3866c50, 8.6, 570.148.08, 68, 93, 94, 23028, 21029, 1571, 1515, 6251, 148.30, 150.00
1762621014,0, NVIDIA A10, GPU-359b21ab-3dbf-5646-ba1f-a513e3866c50, 8.6, 570.148.08, 68, 93, 92, 23028, 21029, 1571, 1470, 6251, 151.28, 150.00
1762621016,0, NVIDIA A10, GPU-359b21ab-3dbf-5646-ba1f-a513e3866c50, 8.6, 570.148.08, 68, 93, 92, 23028, 21029, 1571, 1455, 6251, 149.61, 150.00
1762621017,0, NVIDIA A10, GPU-359b21ab-3dbf-5646-ba1f-a513e3866c50, 8.6, 570.148.08, 69, 93, 92, 23028, 21029, 1571, 1455, 6251, 151.58, 150.00
1762621018,0, NVIDIA A10, GPU-359b21ab-3dbf-5646-ba1f-a513e3866c50, 8.6, 570.148.08, 69, 93, 93, 23028, 21029, 1571, 1485, 6251, 148.67, 150.00
1762621019,0, NVIDIA A10, GPU-359b21ab-3dbf-5646-ba1f-a513e3866c50, 8.6, 570.148.08, 69, 92, 93, 23028, 21029, 1571, 1395, 6251, 152.35, 150.00
1762621020,0, NVIDIA A10, GPU-359b21ab-3dbf-5646-ba1f-a513e3866c50, 8.6, 570.148.08, 69, 93, 93, 23028, 21029, 1571, 1470, 6251, 151.49, 150.00
1762621021,0, NVIDIA A10, GPU-359b21ab-3dbf-5646-ba1f-a513e3866c50, 8.6, 570.148.08, 69, 93, 91, 23028, 21029, 1571, 1485, 6251, 148.35, 150.00
1762621022,0, NVIDIA A10, GPU-359b21ab-3dbf-5646-ba1f-a513e3866c50, 8.6, 570.148.08, 69, 92, 91, 23028, 21029, 1571, 1095, 6251, 149.97, 150.00
1762621023,0, NVIDIA A10, GPU-359b21ab-3dbf-5646-ba1f-a513e3866c50, 8.6, 570.148.08, 69, 94, 83, 23028, 21029, 1571, 1485, 6251, 147.97, 150.00
1762621024,0, NVIDIA A10, GPU-359b21ab-3dbf-5646-ba1f-a513e3866c50, 8.6, 570.148.08, 69, 93, 92, 23028, 21029, 1571, 1470, 6251, 148.17, 150.00
1762621025,0, NVIDIA A10, GPU-359b21ab-3dbf-5646-ba1f-a513e3866c50, 8.6, 570.148.08, 69, 93, 92, 23028, 21029, 1571, 1425, 6251, 147.42, 150.00
1762621026,0, NVIDIA A10, GPU-359b21ab-3dbf-5646-ba1f-a513e3866c50, 8.6, 570.148.08, 69, 93, 93, 23028, 21029, 1571, 1500, 6251, 148.41, 150.00
1762621027,0, NVIDIA A10, GPU-359b21ab-3dbf-5646-ba1f-a513e3866c50, 8.6, 570.148.08, 69, 93, 93, 23028, 21029, 1571, 1500, 6251, 152.12, 150.00
1762621028,0, NVIDIA A10, GPU-359b21ab-3dbf-5646-ba1f-a513e3866c50, 8.6, 570.148.08, 69, 93, 92, 23028, 21029, 1571, 1425, 6251, 149.16, 150.00
1762621029,0, NVIDIA A10, GPU-359b21ab-3dbf-5646-ba1f-a513e3866c50, 8.6, 570.148.08, 70, 92, 93, 23028, 21029, 1571, 1500, 6251, 151.20, 150.00
1762621030,0, NVIDIA A10, GPU-359b21ab-3dbf-5646-ba1f-a513e3866c50, 8.6, 570.148.08, 70, 93, 92, 23028, 21029, 1571, 1440, 6251, 149.86, 150.00
1762621031,0, NVIDIA A10, GPU-359b21ab-3dbf-5646-ba1f-a513e3866c50, 8.6, 570.148.08, 70, 92, 91, 23028, 21029, 1571, 1425, 6251, 152.10, 150.00
1762621032,0, NVIDIA A10, GPU-359b21ab-3dbf-5646-ba1f-a513e3866c50, 8.6, 570.148.08, 70, 93, 94, 23028, 21029, 1571, 1455, 6251, 151.63, 150.00
1762621033,0, NVIDIA A10, GPU-359b21ab-3dbf-5646-ba1f-a513e3866c50, 8.6, 570.148.08, 70, 93, 81, 23028, 21029, 1571, 1470, 6251, 146.84, 150.00
1762621034,0, NVIDIA A10, GPU-359b21ab-3dbf-5646-ba1f-a513e3866c50, 8.6, 570.148.08, 70, 93, 93, 23028, 21029, 1571, 1455, 6251, 154.09, 150.00
1762621035,0, NVIDIA A10, GPU-359b21ab-3dbf-5646-ba1f-a513e3866c50, 8.6, 570.148.08, 70, 93, 91, 23028, 21029, 1571, 1335, 6251, 152.76, 150.00
1762621036,0, NVIDIA A10, GPU-359b21ab-3dbf-5646-ba1f-a513e3866c50, 8.6, 570.148.08, 70, 94, 83, 23028, 21029, 1571, 1305, 6251, 150.27, 150.00
1762621037,0, NVIDIA A10, GPU-359b21ab-3dbf-5646-ba1f-a513e3866c50, 8.6, 570.148.08, 70, 92, 92, 23028, 21029, 1571, 1470, 6251, 147.39, 150.00
1762621038,0, NVIDIA A10, GPU-359b21ab-3dbf-5646-ba1f-a513e3866c50, 8.6, 570.148.08, 70, 93, 93, 23028, 21029, 1571, 1470, 6251, 151.18, 150.00
1762621039,0, NVIDIA A10, GPU-359b21ab-3dbf-5646-ba1f-a513e3866c50, 8.6, 570.148.08, 70, 93, 87, 23028, 21029, 1571, 1500, 6251, 150.74, 150.00
1762621040,0, NVIDIA A10, GPU-359b21ab-3dbf-5646-ba1f-a513e3866c50, 8.6, 570.148.08, 70, 93, 92, 23028, 21029, 1571, 1425, 6251, 153.29, 150.00
1762621041,0, NVIDIA A10, GPU-359b21ab-3dbf-5646-ba1f-a513e3866c50, 8.6, 570.148.08, 70, 93, 91, 23028, 21029, 1571, 1455, 6251, 147.99, 150.00
1762621042,0, NVIDIA A10, GPU-359b21ab-3dbf-5646-ba1f-a513e3866c50, 8.6, 570.148.08, 71, 93, 91, 23028, 21029, 1571, 1425, 6251, 152.26, 150.00
1762621043,0, NVIDIA A10, GPU-359b21ab-3dbf-5646-ba1f-a513e3866c50, 8.6, 570.148.08, 70, 92, 91, 23028, 21029, 1571, 1335, 6251, 144.61, 150.00
1762621044,0, NVIDIA A10, GPU-359b21ab-3dbf-5646-ba1f-a513e3866c50, 8.6, 570.148.08, 71, 93, 91, 23028, 21029, 1571, 1410, 6251, 147.71, 150.00
1762621045,0, NVIDIA A10, GPU-359b21ab-3dbf-5646-ba1f-a513e3866c50, 8.6, 570.148.08, 70, 92, 92, 23028, 21029, 1571, 1440, 6251, 148.32, 150.00
1762621046,0, NVIDIA A10, GPU-359b21ab-3dbf-5646-ba1f-a513e3866c50, 8.6, 570.148.08, 71, 92, 92, 23028, 21029, 1571, 1395, 6251, 152.39, 150.00
1762621047,0, NVIDIA A10, GPU-359b21ab-3dbf-5646-ba1f-a513e3866c50, 8.6, 570.148.08, 71, 93, 92, 23028, 21029, 1571, 1425, 6251, 145.53, 150.00
1762621048,0, NVIDIA A10, GPU-359b21ab-3dbf-5646-ba1f-a513e3866c50, 8.6, 570.148.08, 71, 93, 94, 23028, 21029, 1571, 1500, 6251, 151.74, 150.00
1762621050,0, NVIDIA A10, GPU-359b21ab-3dbf-5646-ba1f-a513e3866c50, 8.6, 570.148.08, 71, 92, 93, 23028, 21029, 1571, 1470, 6251, 149.47, 150.00
1762621051,0, NVIDIA A10, GPU-359b21ab-3dbf-5646-ba1f-a513e3866c50, 8.6, 570.148.08, 71, 93, 93, 23028, 21029, 1571, 1485, 6251, 150.24, 150.00
1762621052,0, NVIDIA A10, GPU-359b21ab-3dbf-5646-ba1f-a513e3866c50, 8.6, 570.148.08, 71, 93, 93, 23028, 21029, 1571, 1470, 6251, 150.83, 150.00
1762621053,0, NVIDIA A10, GPU-359b21ab-3dbf-5646-ba1f-a513e3866c50, 8.6, 570.148.08, 71, 92, 93, 23028, 21029, 1571, 1470, 6251, 149.18, 150.00
1762621054,0, NVIDIA A10, GPU-359b21ab-3dbf-5646-ba1f-a513e3866c50, 8.6, 570.148.08, 71, 92, 93, 23028, 21029, 1571, 1485, 6251, 151.73, 150.00
1762621055,0, NVIDIA A10, GPU-359b21ab-3dbf-5646-ba1f-a513e3866c50, 8.6, 570.148.08, 71, 92, 92, 23028, 21029, 1571, 1440, 6251, 152.34, 150.00
1762621056,0, NVIDIA A10, GPU-359b21ab-3dbf-5646-ba1f-a513e3866c50, 8.6, 570.148.08, 71, 93, 92, 23028, 21029, 1571, 1410, 6251, 146.42, 150.00
1762621057,0, NVIDIA A10, GPU-359b21ab-3dbf-5646-ba1f-a513e3866c50, 8.6, 570.148.08, 71, 92, 93, 23028, 21029, 1571, 1500, 6251, 150.89, 150.00
1762621058,0, NVIDIA A10, GPU-359b21ab-3dbf-5646-ba1f-a513e3866c50, 8.6, 570.148.08, 72, 92, 92, 23028, 21029, 1571, 1485, 6251, 151.59, 150.00
1762621059,0, NVIDIA A10, GPU-359b21ab-3dbf-5646-ba1f-a513e3866c50, 8.6, 570.148.08, 71, 93, 92, 23028, 21029, 1571, 1440, 6251, 149.38, 150.00
1762621060,0, NVIDIA A10, GPU-359b21ab-3dbf-5646-ba1f-a513e3866c50, 8.6, 570.148.08, 72, 92, 91, 23028, 21029, 1571, 1170, 6251, 149.79, 150.00
1762621061,0, NVIDIA A10, GPU-359b21ab-3dbf-5646-ba1f-a513e3866c50, 8.6, 570.148.08, 72, 92, 91, 23028, 21029, 1571, 1410, 6251, 145.39, 150.00
1762621062,0, NVIDIA A10, GPU-359b21ab-3dbf-5646-ba1f-a513e3866c50, 8.6, 570.148.08, 72, 93, 91, 23028, 21029, 1571, 1395, 6251, 147.80, 150.00
1762621063,0, NVIDIA A10, GPU-359b21ab-3dbf-5646-ba1f-a513e3866c50, 8.6, 570.148.08, 72, 93, 93, 23028, 21029, 1571, 1470, 6251, 153.25, 150.00
1762621064,0, NVIDIA A10, GPU-359b21ab-3dbf-5646-ba1f-a513e3866c50, 8.6, 570.148.08, 72, 92, 93, 23028, 21029, 1571, 1485, 6251, 149.62, 150.00
1762621065,0, NVIDIA A10, GPU-359b21ab-3dbf-5646-ba1f-a513e3866c50, 8.6, 570.148.08, 72, 93, 91, 23028, 21029, 1571, 1260, 6251, 150.13, 150.00
1762621066,0, NVIDIA A10, GPU-359b21ab-3dbf-5646-ba1f-a513e3866c50, 8.6, 570.148.08, 72, 94, 85, 23028, 21029, 1571, 1410, 6251, 148.89, 150.00
1762621067,0, NVIDIA A10, GPU-359b21ab-3dbf-5646-ba1f-a513e3866c50, 8.6, 570.148.08, 72, 93, 91, 23028, 21029, 1571, 1080, 6251, 151.34, 150.00
1762621068,0, NVIDIA A10, GPU-359b21ab-3dbf-5646-ba1f-a513e3866c50, 8.6, 570.148.08, 72, 94, 80, 23028, 21029, 1571, 1260, 6251, 149.83, 150.00
1762621069,0, NVIDIA A10, GPU-359b21ab-3dbf-5646-ba1f-a513e3866c50, 8.6, 570.148.08, 72, 93, 91, 23028, 21029, 1571, 1410, 6251, 146.74, 150.00
1762621070,0, NVIDIA A10, GPU-359b21ab-3dbf-5646-ba1f-a513e3866c50, 8.6, 570.148.08, 72, 93, 88, 23028, 21029, 1571, 1335, 6251, 146.65, 150.00
1762621071,0, NVIDIA A10, GPU-359b21ab-3dbf-5646-ba1f-a513e3866c50, 8.6, 570.148.08, 72, 93, 93, 23028, 21029, 1571, 1425, 6251, 148.46, 150.00
1762621072,0, NVIDIA A10, GPU-359b21ab-3dbf-5646-ba1f-a513e3866c50, 8.6, 570.148.08, 72, 93, 92, 23028, 21029, 1571, 1410, 6251, 148.42, 150.00
1762621073,0, NVIDIA A10, GPU-359b21ab-3dbf-5646-ba1f-a513e3866c50, 8.6, 570.148.08, 72, 92, 92, 23028, 21029, 1571, 1455, 6251, 149.29, 150.00
1762621074,0, NVIDIA A10, GPU-359b21ab-3dbf-5646-ba1f-a513e3866c50, 8.6, 570.148.08, 72, 93, 92, 23028, 21029, 1571, 1440, 6251, 152.81, 150.00
1762621075,0, NVIDIA A10, GPU-359b21ab-3dbf-5646-ba1f-a513e3866c50, 8.6, 570.148.08, 72, 93, 92, 23028, 21029, 1571, 1380, 6251, 156.10, 150.00
1762621076,0, NVIDIA A10, GPU-359b21ab-3dbf-5646-ba1f-a513e3866c50, 8.6, 570.148.08, 72, 94, 81, 23028, 21029, 1571, 1425, 6251, 146.42, 150.00
1762621077,0, NVIDIA A10, GPU-359b21ab-3dbf-5646-ba1f-a513e3866c50, 8.6, 570.148.08, 72, 93, 91, 23028, 21029, 1571, 1395, 6251, 149.33, 150.00
1762621078,0, NVIDIA A10, GPU-359b21ab-3dbf-5646-ba1f-a513e3866c50, 8.6, 570.148.08, 72, 92, 92, 23028, 21029, 1571, 1425, 6251, 151.51, 150.00
1762621079,0, NVIDIA A10, GPU-359b21ab-3dbf-5646-ba1f-a513e3866c50, 8.6, 570.148.08, 72, 93, 91, 23028, 21029, 1571, 1410, 6251, 149.43, 150.00
1762621080,0, NVIDIA A10, GPU-359b21ab-3dbf-5646-ba1f-a513e3866c50, 8.6, 570.148.08, 73, 93, 91, 23028, 21029, 1571, 1410, 6251, 148.33, 150.00
1762621081,0, NVIDIA A10, GPU-359b21ab-3dbf-5646-ba1f-a513e3866c50, 8.6, 570.148.08, 73, 92, 92, 23028, 21029, 1571, 1440, 6251, 150.15, 150.00
1762621082,0, NVIDIA A10, GPU-359b21ab-3dbf-5646-ba1f-a513e3866c50, 8.6, 570.148.08, 73, 92, 93, 23028, 21029, 1571, 1470, 6251, 147.35, 150.00
1762621084,0, NVIDIA A10, GPU-359b21ab-3dbf-5646-ba1f-a513e3866c50, 8.6, 570.148.08, 73, 93, 92, 23028, 21029, 1571, 1440, 6251, 147.94, 150.00
1762621085,0, NVIDIA A10, GPU-359b21ab-3dbf-5646-ba1f-a513e3866c50, 8.6, 570.148.08, 73, 93, 92, 23028, 21029, 1571, 1440, 6251, 149.93, 150.00
1762621086,0, NVIDIA A10, GPU-359b21ab-3dbf-5646-ba1f-a513e3866c50, 8.6, 570.148.08, 72, 94, 81, 23028, 21029, 1571, 1395, 6251, 151.56, 150.00
1762621087,0, NVIDIA A10, GPU-359b21ab-3dbf-5646-ba1f-a513e3866c50, 8.6, 570.148.08, 73, 93, 93, 23028, 21029, 1571, 1455, 6251, 145.48, 150.00
1762621088,0, NVIDIA A10, GPU-359b21ab-3dbf-5646-ba1f-a513e3866c50, 8.6, 570.148.08, 73, 93, 91, 23028, 21029, 1571, 1425, 6251, 148.12, 150.00
1762621089,0, NVIDIA A10, GPU-359b21ab-3dbf-5646-ba1f-a513e3866c50, 8.6, 570.148.08, 73, 93, 93, 23028, 21029, 1571, 1470, 6251, 145.85, 150.00
1762621090,0, NVIDIA A10, GPU-359b21ab-3dbf-5646-ba1f-a513e3866c50, 8.6, 570.148.08, 73, 93, 92, 23028, 21029, 1571, 1440, 6251, 148.58, 150.00
1762621091,0, NVIDIA A10, GPU-359b21ab-3dbf-5646-ba1f-a513e3866c50, 8.6, 570.148.08, 73, 93, 92, 23028, 21029, 1571, 1440, 6251, 152.49, 150.00
1762621092,0, NVIDIA A10, GPU-359b21ab-3dbf-5646-ba1f-a513e3866c50, 8.6, 570.148.08, 73, 93, 92, 23028, 21029, 1571, 1410, 6251, 148.80, 150.00
1762621093,0, NVIDIA A10, GPU-359b21ab-3dbf-5646-ba1f-a513e3866c50, 8.6, 570.148.08, 73, 93, 92, 23028, 21029, 1571, 1410, 6251, 149.66, 150.00
1762621094,0, NVIDIA A10, GPU-359b21ab-3dbf-5646-ba1f-a513e3866c50, 8.6, 570.148.08, 73, 94, 80, 23028, 21029, 1571, 1110, 6251, 151.37, 150.00
1762621095,0, NVIDIA A10, GPU-359b21ab-3dbf-5646-ba1f-a513e3866c50, 8.6, 570.148.08, 73, 93, 91, 23028, 21029, 1571, 1425, 6251, 146.43, 150.00
1762621096,0, NVIDIA A10, GPU-359b21ab-3dbf-5646-ba1f-a513e3866c50, 8.6, 570.148.08, 73, 92, 91, 23028, 21029, 1571, 1455, 6251, 149.47, 150.00
1762621097,0, NVIDIA A10, GPU-359b21ab-3dbf-5646-ba1f-a513e3866c50, 8.6, 570.148.08, 73, 93, 91, 23028, 21029, 1571, 1395, 6251, 150.59, 150.00
1762621098,0, NVIDIA A10, GPU-359b21ab-3dbf-5646-ba1f-a513e3866c50, 8.6, 570.148.08, 73, 94, 81, 23028, 21029, 1571, 1215, 6251, 146.60, 150.00
1762621099,0, NVIDIA A10, GPU-359b21ab-3dbf-5646-ba1f-a513e3866c50, 8.6, 570.148.08, 73, 93, 93, 23028, 21029, 1571, 1440, 6251, 146.42, 150.00
1762621100,0, NVIDIA A10, GPU-359b21ab-3dbf-5646-ba1f-a513e3866c50, 8.6, 570.148.08, 73, 93, 91, 23028, 21029, 1571, 1410, 6251, 150.11, 150.00
1762621101,0, NVIDIA A10, GPU-359b21ab-3dbf-5646-ba1f-a513e3866c50, 8.6, 570.148.08, 73, 92, 91, 23028, 21029, 1571, 1410, 6251, 147.54, 150.00
1762621102,0, NVIDIA A10, GPU-359b21ab-3dbf-5646-ba1f-a513e3866c50, 8.6, 570.148.08, 73, 92, 92, 23028, 21029, 1571, 1410, 6251, 148.15, 150.00
1762621103,0, NVIDIA A10, GPU-359b21ab-3dbf-5646-ba1f-a513e3866c50, 8.6, 570.148.08, 73, 92, 92, 23028, 21029, 1571, 1440, 6251, 150.48, 150.00
1762621104,0, NVIDIA A10, GPU-359b21ab-3dbf-5646-ba1f-a513e3866c50, 8.6, 570.148.08, 73, 92, 92, 23028, 21029, 1571, 1425, 6251, 153.78, 150.00
1762621105,0, NVIDIA A10, GPU-359b21ab-3dbf-5646-ba1f-a513e3866c50, 8.6, 570.148.08, 73, 93, 80, 23028, 21029, 1571, 1380, 6251, 146.86, 150.00
1762621106,0, NVIDIA A10, GPU-359b21ab-3dbf-5646-ba1f-a513e3866c50, 8.6, 570.148.08, 73, 93, 91, 23028, 21029, 1571, 1410, 6251, 148.17, 150.00
1762621107,0, NVIDIA A10, GPU-359b21ab-3dbf-5646-ba1f-a513e3866c50, 8.6, 570.148.08, 73, 93, 91, 23028, 21029, 1571, 1410, 6251, 147.66, 150.00
1762621108,0, NVIDIA A10, GPU-359b21ab-3dbf-5646-ba1f-a513e3866c50, 8.6, 570.148.08, 73, 92, 92, 23028, 21029, 1571, 1470, 6251, 145.90, 150.00
1762621109,0, NVIDIA A10, GPU-359b21ab-3dbf-5646-ba1f-a513e3866c50, 8.6, 570.148.08, 73, 93, 90, 23028, 21029, 1571, 1470, 6251, 150.24, 150.00
1762621110,0, NVIDIA A10, GPU-359b21ab-3dbf-5646-ba1f-a513e3866c50, 8.6, 570.148.08, 73, 92, 89, 23028, 21029, 1571, 1425, 6251, 150.23, 150.00
1762621111,0, NVIDIA A10, GPU-359b21ab-3dbf-5646-ba1f-a513e3866c50, 8.6, 570.148.08, 73, 92, 92, 23028, 21029, 1571, 1440, 6251, 148.18, 150.00
1762621112,0, NVIDIA A10, GPU-359b21ab-3dbf-5646-ba1f-a513e3866c50, 8.6, 570.148.08, 73, 94, 81, 23028, 21029, 1571, 1350, 6251, 150.51, 150.00
1762621113,0, NVIDIA A10, GPU-359b21ab-3dbf-5646-ba1f-a513e3866c50, 8.6, 570.148.08, 73, 93, 87, 23028, 21029, 1571, 1455, 6251, 153.01, 150.00
1762621114,0, NVIDIA A10, GPU-359b21ab-3dbf-5646-ba1f-a513e3866c50, 8.6, 570.148.08, 74, 93, 93, 23028, 21029, 1571, 1470, 6251, 150.52, 150.00
1762621115,0, NVIDIA A10, GPU-359b21ab-3dbf-5646-ba1f-a513e3866c50, 8.6, 570.148.08, 73, 92, 91, 23028, 21029, 1571, 1425, 6251, 152.27, 150.00
1762621117,0, NVIDIA A10, GPU-359b21ab-3dbf-5646-ba1f-a513e3866c50, 8.6, 570.148.08, 73, 93, 91, 23028, 21029, 1571, 1410, 6251, 149.80, 150.00
1762621118,0, NVIDIA A10, GPU-359b21ab-3dbf-5646-ba1f-a513e3866c50, 8.6, 570.148.08, 74, 93, 91, 23028, 21029, 1571, 1410, 6251, 149.02, 150.00
1762621119,0, NVIDIA A10, GPU-359b21ab-3dbf-5646-ba1f-a513e3866c50, 8.6, 570.148.08, 73, 92, 92, 23028, 21029, 1571, 1470, 6251, 148.28, 150.00
1762621120,0, NVIDIA A10, GPU-359b21ab-3dbf-5646-ba1f-a513e3866c50, 8.6, 570.148.08, 74, 93, 91, 23028, 21029, 1571, 1410, 6251, 150.27, 150.00
1762621121,0, NVIDIA A10, GPU-359b21ab-3dbf-5646-ba1f-a513e3866c50, 8.6, 570.148.08, 73, 93, 83, 23028, 21029, 1571, 1095, 6251, 155.27, 150.00
1762621122,0, NVIDIA A10, GPU-359b21ab-3dbf-5646-ba1f-a513e3866c50, 8.6, 570.148.08, 73, 92, 92, 23028, 21029, 1571, 1425, 6251, 151.19, 150.00
1762621123,0, NVIDIA A10, GPU-359b21ab-3dbf-5646-ba1f-a513e3866c50, 8.6, 570.148.08, 73, 93, 92, 23028, 21029, 1571, 1455, 6251, 146.90, 150.00
1762621124,0, NVIDIA A10, GPU-359b21ab-3dbf-5646-ba1f-a513e3866c50, 8.6, 570.148.08, 73, 92, 92, 23028, 21029, 1571, 1470, 6251, 147.16, 150.00
1762621125,0, NVIDIA A10, GPU-359b21ab-3dbf-5646-ba1f-a513e3866c50, 8.6, 570.148.08, 73, 93, 87, 23028, 21029, 1571, 1455, 6251, 152.65, 150.00
1762621126,0, NVIDIA A10, GPU-359b21ab-3dbf-5646-ba1f-a513e3866c50, 8.6, 570.148.08, 74, 92, 92, 23028, 21029, 1571, 1440, 6251, 148.21, 150.00
1762621127,0, NVIDIA A10, GPU-359b21ab-3dbf-5646-ba1f-a513e3866c50, 8.6, 570.148.08, 74, 93, 91, 23028, 21029, 1571, 1425, 6251, 148.21, 150.00
1762621128,0, NVIDIA A10, GPU-359b21ab-3dbf-5646-ba1f-a513e3866c50, 8.6, 570.148.08, 74, 93, 83, 23028, 21029, 1571, 1110, 6251, 154.14, 150.00
1762621129,0, NVIDIA A10, GPU-359b21ab-3dbf-5646-ba1f-a513e3866c50, 8.6, 570.148.08, 73, 92, 92, 23028, 21029, 1571, 1410, 6251, 152.27, 150.00
1762621130,0, NVIDIA A10, GPU-359b21ab-3dbf-5646-ba1f-a513e3866c50, 8.6, 570.148.08, 74, 93, 92, 23028, 21029, 1571, 1455, 6251, 146.51, 150.00
1762621131,0, NVIDIA A10, GPU-359b21ab-3dbf-5646-ba1f-a513e3866c50, 8.6, 570.148.08, 73, 92, 92, 23028, 21029, 1571, 1470, 6251, 146.19, 150.00
1762621132,0, NVIDIA A10, GPU-359b21ab-3dbf-5646-ba1f-a513e3866c50, 8.6, 570.148.08, 74, 92, 92, 23028, 21029, 1571, 1395, 6251, 153.29, 150.00
1762621133,0, NVIDIA A10, GPU-359b21ab-3dbf-5646-ba1f-a513e3866c50, 8.6, 570.148.08, 74, 93, 93, 23028, 21029, 1571, 1425, 6251, 148.92, 150.00
1762621134,0, NVIDIA A10, GPU-359b21ab-3dbf-5646-ba1f-a513e3866c50, 8.6, 570.148.08, 74, 92, 91, 23028, 21029, 1571, 1425, 6251, 148.41, 150.00
1762621135,0, NVIDIA A10, GPU-359b21ab-3dbf-5646-ba1f-a513e3866c50, 8.6, 570.148.08, 74, 93, 92, 23028, 21029, 1571, 1440, 6251, 150.86, 150.00
1762621136,0, NVIDIA A10, GPU-359b21ab-3dbf-5646-ba1f-a513e3866c50, 8.6, 570.148.08, 74, 93, 91, 23028, 21029, 1571, 1410, 6251, 149.51, 150.00
1762621137,0, NVIDIA A10, GPU-359b21ab-3dbf-5646-ba1f-a513e3866c50, 8.6, 570.148.08, 74, 92, 93, 23028, 21029, 1571, 1455, 6251, 148.76, 150.00
1762621138,0, NVIDIA A10, GPU-359b21ab-3dbf-5646-ba1f-a513e3866c50, 8.6, 570.148.08, 74, 93, 93, 23028, 21029, 1571, 1425, 6251, 155.90, 150.00
1762621139,0, NVIDIA A10, GPU-359b21ab-3dbf-5646-ba1f-a513e3866c50, 8.6, 570.148.08, 74, 92, 92, 23028, 21029, 1571, 1410, 6251, 152.98, 150.00
1762621140,0, NVIDIA A10, GPU-359b21ab-3dbf-5646-ba1f-a513e3866c50, 8.6, 570.148.08, 74, 94, 86, 23028, 21029, 1571, 1365, 6251, 150.49, 150.00
1762621141,0, NVIDIA A10, GPU-359b21ab-3dbf-5646-ba1f-a513e3866c50, 8.6, 570.148.08, 74, 93, 91, 23028, 21029, 1571, 1380, 6251, 147.78, 150.00
1762621142,0, NVIDIA A10, GPU-359b21ab-3dbf-5646-ba1f-a513e3866c50, 8.6, 570.148.08, 74, 92, 92, 23028, 21029, 1571, 1455, 6251, 146.25, 150.00
1762621143,0, NVIDIA A10, GPU-359b21ab-3dbf-5646-ba1f-a513e3866c50, 8.6, 570.148.08, 74, 92, 91, 23028, 21029, 1571, 1410, 6251, 150.20, 150.00
1762621144,0, NVIDIA A10, GPU-359b21ab-3dbf-5646-ba1f-a513e3866c50, 8.6, 570.148.08, 74, 93, 93, 23028, 21029, 1571, 1455, 6251, 151.09, 150.00
1762621145,0, NVIDIA A10, GPU-359b21ab-3dbf-5646-ba1f-a513e3866c50, 8.6, 570.148.08, 74, 92, 92, 23028, 21029, 1571, 1440, 6251, 147.38, 150.00
1762621146,0, NVIDIA A10, GPU-359b21ab-3dbf-5646-ba1f-a513e3866c50, 8.6, 570.148.08, 74, 94, 80, 23028, 21029, 1571, 1440, 6251, 147.13, 150.00
1762621147,0, NVIDIA A10, GPU-359b21ab-3dbf-5646-ba1f-a513e3866c50, 8.6, 570.148.08, 74, 93, 91, 23028, 21029, 1571, 1395, 6251, 148.14, 150.00
1762621148,0, NVIDIA A10, GPU-359b21ab-3dbf-5646-ba1f-a513e3866c50, 8.6, 570.148.08, 74, 92, 92, 23028, 21029, 1571, 1395, 6251, 147.14, 150.00
1762621149,0, NVIDIA A10, GPU-359b21ab-3dbf-5646-ba1f-a513e3866c50, 8.6, 570.148.08, 74, 93, 91, 23028, 21029, 1571, 1245, 6251, 148.94, 150.00
1762621151,0, NVIDIA A10, GPU-359b21ab-3dbf-5646-ba1f-a513e3866c50, 8.6, 570.148.08, 74, 93, 92, 23028, 21029, 1571, 1395, 6251, 147.79, 150.00
1762621152,0, NVIDIA A10, GPU-359b21ab-3dbf-5646-ba1f-a513e3866c50, 8.6, 570.148.08, 74, 89, 89, 23028, 21029, 1571, 1440, 6251, 152.73, 150.00
1762621153,0, NVIDIA A10, GPU-359b21ab-3dbf-5646-ba1f-a513e3866c50, 8.6, 570.148.08, 75, 92, 88, 23028, 21029, 1571, 1110, 6251, 150.96, 150.00
1762621154,0, NVIDIA A10, GPU-359b21ab-3dbf-5646-ba1f-a513e3866c50, 8.6, 570.148.08, 74, 92, 92, 23028, 21029, 1571, 1455, 6251, 148.80, 150.00
1762621155,0, NVIDIA A10, GPU-359b21ab-3dbf-5646-ba1f-a513e3866c50, 8.6, 570.148.08, 74, 92, 91, 23028, 21029, 1571, 1425, 6251, 149.52, 150.00
1762621156,0, NVIDIA A10, GPU-359b21ab-3dbf-5646-ba1f-a513e3866c50, 8.6, 570.148.08, 74, 91, 90, 23028, 21029, 1571, 1440, 6251, 151.42, 150.00
1762621157,0, NVIDIA A10, GPU-359b21ab-3dbf-5646-ba1f-a513e3866c50, 8.6, 570.148.08, 74, 84, 83, 23028, 21029, 1571, 1515, 6251, 152.97, 150.00
1762621158,0, NVIDIA A10, GPU-359b21ab-3dbf-5646-ba1f-a513e3866c50, 8.6, 570.148.08, 74, 83, 82, 23028, 21029, 1571, 1515, 6251, 147.99, 150.00
1762621159,0, NVIDIA A10, GPU-359b21ab-3dbf-5646-ba1f-a513e3866c50, 8.6, 570.148.08, 74, 82, 82, 23028, 21029, 1571, 1485, 6251, 147.84, 150.00
1762621160,0, NVIDIA A10, GPU-359b21ab-3dbf-5646-ba1f-a513e3866c50, 8.6, 570.148.08, 74, 86, 74, 23028, 21029, 1571, 1320, 6251, 146.75, 150.00
1762621161,0, NVIDIA A10, GPU-359b21ab-3dbf-5646-ba1f-a513e3866c50, 8.6, 570.148.08, 74, 87, 73, 23028, 21029, 1571, 1515, 6251, 145.12, 150.00
1762621162,0, NVIDIA A10, GPU-359b21ab-3dbf-5646-ba1f-a513e3866c50, 8.6, 570.148.08, 74, 84, 73, 23028, 21029, 1571, 1530, 6251, 145.11, 150.00
1762621163,0, NVIDIA A10, GPU-359b21ab-3dbf-5646-ba1f-a513e3866c50, 8.6, 570.148.08, 74, 81, 81, 23028, 21029, 1571, 1470, 6251, 152.51, 150.00
1762621164,0, NVIDIA A10, GPU-359b21ab-3dbf-5646-ba1f-a513e3866c50, 8.6, 570.148.08, 74, 80, 79, 23028, 21029, 1571, 1515, 6251, 150.87, 150.00
1762621165,0, NVIDIA A10, GPU-359b21ab-3dbf-5646-ba1f-a513e3866c50, 8.6, 570.148.08, 75, 82, 82, 23028, 21029, 1571, 1500, 6251, 151.79, 150.00
1762621166,0, NVIDIA A10, GPU-359b21ab-3dbf-5646-ba1f-a513e3866c50, 8.6, 570.148.08, 75, 88, 87, 23028, 21029, 1571, 1050, 6251, 148.45, 150.00
1762621167,0, NVIDIA A10, GPU-359b21ab-3dbf-5646-ba1f-a513e3866c50, 8.6, 570.148.08, 75, 85, 86, 23028, 21029, 1571, 1485, 6251, 149.35, 150.00
1762621168,0, NVIDIA A10, GPU-359b21ab-3dbf-5646-ba1f-a513e3866c50, 8.6, 570.148.08, 74, 88, 88, 23028, 21029, 1571, 1455, 6251, 147.55, 150.00
1762621169,0, NVIDIA A10, GPU-359b21ab-3dbf-5646-ba1f-a513e3866c50, 8.6, 570.148.08, 75, 88, 87, 23028, 21029, 1571, 1440, 6251, 148.30, 150.00
1762621170,0, NVIDIA A10, GPU-359b21ab-3dbf-5646-ba1f-a513e3866c50, 8.6, 570.148.08, 74, 89, 88, 23028, 21029, 1571, 960, 6251, 150.39, 150.00
1762621171,0, NVIDIA A10, GPU-359b21ab-3dbf-5646-ba1f-a513e3866c50, 8.6, 570.148.08, 74, 89, 89, 23028, 21029, 1571, 1440, 6251, 146.77, 150.00
1762621172,0, NVIDIA A10, GPU-359b21ab-3dbf-5646-ba1f-a513e3866c50, 8.6, 570.148.08, 74, 89, 87, 23028, 21029, 1571, 1365, 6251, 147.75, 150.00
1762621173,0, NVIDIA A10, GPU-359b21ab-3dbf-5646-ba1f-a513e3866c50, 8.6, 570.148.08, 74, 90, 88, 23028, 21029, 1571, 1470, 6251, 150.42, 150.00
1762621174,0, NVIDIA A10, GPU-359b21ab-3dbf-5646-ba1f-a513e3866c50, 8.6, 570.148.08, 75, 89, 88, 23028, 21029, 1571, 1410, 6251, 153.71, 150.00
1762621175,0, NVIDIA A10, GPU-359b21ab-3dbf-5646-ba1f-a513e3866c50, 8.6, 570.148.08, 75, 89, 88, 23028, 21029, 1571, 1440, 6251, 149.90, 150.00
1762621176,0, NVIDIA A10, GPU-359b21ab-3dbf-5646-ba1f-a513e3866c50, 8.6, 570.148.08, 75, 89, 89, 23028, 21029, 1571, 1485, 6251, 145.57, 150.00
1762621177,0, NVIDIA A10, GPU-359b21ab-3dbf-5646-ba1f-a513e3866c50, 8.6, 570.148.08, 75, 90, 89, 23028, 21029, 1571, 1440, 6251, 152.76, 150.00
1762621178,0, NVIDIA A10, GPU-359b21ab-3dbf-5646-ba1f-a513e3866c50, 8.6, 570.148.08, 74, 88, 72, 23028, 21029, 1571, 1455, 6251, 147.66, 150.00
1762621179,0, NVIDIA A10, GPU-359b21ab-3dbf-5646-ba1f-a513e3866c50, 8.6, 570.148.08, 75, 89, 88, 23028, 21029, 1571, 1425, 6251, 146.16, 150.00
1762621181,0, NVIDIA A10, GPU-359b21ab-3dbf-5646-ba1f-a513e3866c50, 8.6, 570.148.08, 75, 91, 89, 23028, 21029, 1571, 1425, 6251, 153.33, 150.00
1762621182,0, NVIDIA A10, GPU-359b21ab-3dbf-5646-ba1f-a513e3866c50, 8.6, 570.148.08, 75, 89, 90, 23028, 21029, 1571, 1470, 6251, 149.81, 150.00
1762621183,0, NVIDIA A10, GPU-359b21ab-3dbf-5646-ba1f-a513e3866c50, 8.6, 570.148.08, 75, 84, 85, 23028, 21029, 1571, 1500, 6251, 148.20, 150.00
1762621184,0, NVIDIA A10, GPU-359b21ab-3dbf-5646-ba1f-a513e3866c50, 8.6, 570.148.08, 75, 88, 87, 23028, 21029, 1571, 1455, 6251, 153.61, 150.00
1762621185,0, NVIDIA A10, GPU-359b21ab-3dbf-5646-ba1f-a513e3866c50, 8.6, 570.148.08, 75, 86, 77, 23028, 21029, 1571, 1275, 6251, 152.72, 150.00
1762621186,0, NVIDIA A10, GPU-359b21ab-3dbf-5646-ba1f-a513e3866c50, 8.6, 570.148.08, 75, 93, 91, 23028, 21029, 1571, 1050, 6251, 154.62, 150.00
1762621187,0, NVIDIA A10, GPU-359b21ab-3dbf-5646-ba1f-a513e3866c50, 8.6, 570.148.08, 74, 92, 92, 23028, 21029, 1571, 1425, 6251, 153.36, 150.00
1762621188,0, NVIDIA A10, GPU-359b21ab-3dbf-5646-ba1f-a513e3866c50, 8.6, 570.148.08, 74, 82, 81, 23028, 21029, 1571, 1545, 6251, 146.02, 150.00
1762621189,0, NVIDIA A10, GPU-359b21ab-3dbf-5646-ba1f-a513e3866c50, 8.6, 570.148.08, 75, 82, 81, 23028, 21029, 1571, 1485, 6251, 149.68, 150.00
1762621190,0, NVIDIA A10, GPU-359b21ab-3dbf-5646-ba1f-a513e3866c50, 8.6, 570.148.08, 75, 83, 84, 23028, 21029, 1571, 1515, 6251, 148.67, 150.00
1762621191,0, NVIDIA A10, GPU-359b21ab-3dbf-5646-ba1f-a513e3866c50, 8.6, 570.148.08, 75, 83, 84, 23028, 21029, 1571, 1545, 6251, 153.82, 150.00
1762621192,0, NVIDIA A10, GPU-359b21ab-3dbf-5646-ba1f-a513e3866c50, 8.6, 570.148.08, 75, 85, 85, 23028, 21029, 1571, 1455, 6251, 149.07, 150.00
1762621193,0, NVIDIA A10, GPU-359b21ab-3dbf-5646-ba1f-a513e3866c50, 8.6, 570.148.08, 75, 83, 84, 23028, 21029, 1571, 1530, 6251, 147.19, 150.00
1762621194,0, NVIDIA A10, GPU-359b21ab-3dbf-5646-ba1f-a513e3866c50, 8.6, 570.148.08, 75, 84, 85, 23028, 21029, 1571, 1530, 6251, 150.01, 150.00
1762621195,0, NVIDIA A10, GPU-359b21ab-3dbf-5646-ba1f-a513e3866c50, 8.6, 570.148.08, 75, 85, 74, 23028, 21029, 1571, 1440, 6251, 147.68, 150.00
1762621196,0, NVIDIA A10, GPU-359b21ab-3dbf-5646-ba1f-a513e3866c50, 8.6, 570.148.08, 75, 85, 84, 23028, 21029, 1571, 1095, 6251, 147.01, 150.00
1762621197,0, NVIDIA A10, GPU-359b21ab-3dbf-5646-ba1f-a513e3866c50, 8.6, 570.148.08, 75, 86, 74, 23028, 21029, 1571, 1515, 6251, 143.60, 150.00
1762621198,0, NVIDIA A10, GPU-359b21ab-3dbf-5646-ba1f-a513e3866c50, 8.6, 570.148.08, 75, 82, 83, 23028, 21029, 1571, 1530, 6251, 146.30, 150.00
1762621199,0, NVIDIA A10, GPU-359b21ab-3dbf-5646-ba1f-a513e3866c50, 8.6, 570.148.08, 75, 81, 82, 23028, 21029, 1571, 1500, 6251, 148.46, 150.00
1762621200,0, NVIDIA A10, GPU-359b21ab-3dbf-5646-ba1f-a513e3866c50, 8.6, 570.148.08, 75, 91, 92, 23028, 21029, 1571, 1455, 6251, 148.12, 150.00
1762621201,0, NVIDIA A10, GPU-359b21ab-3dbf-5646-ba1f-a513e3866c50, 8.6, 570.148.08, 75, 92, 92, 23028, 21029, 1571, 1455, 6251, 146.74, 150.00
1762621202,0, NVIDIA A10, GPU-359b21ab-3dbf-5646-ba1f-a513e3866c50, 8.6, 570.148.08, 75, 93, 91, 23028, 21029, 1571, 1410, 6251, 150.46, 150.00
1762621203,0, NVIDIA A10, GPU-359b21ab-3dbf-5646-ba1f-a513e3866c50, 8.6, 570.148.08, 75, 92, 92, 23028, 21029, 1571, 1425, 6251, 148.07, 150.00
1762621204,0, NVIDIA A10, GPU-359b21ab-3dbf-5646-ba1f-a513e3866c50, 8.6, 570.148.08, 75, 92, 90, 23028, 21029, 1571, 1410, 6251, 149.38, 150.00
1762621205,0, NVIDIA A10, GPU-359b21ab-3dbf-5646-ba1f-a513e3866c50, 8.6, 570.148.08, 75, 94, 80, 23028, 21029, 1571, 1440, 6251, 144.07, 150.00
1762621206,0, NVIDIA A10, GPU-359b21ab-3dbf-5646-ba1f-a513e3866c50, 8.6, 570.148.08, 75, 92, 92, 23028, 21029, 1571, 1395, 6251, 146.49, 150.00
1762621207,0, NVIDIA A10, GPU-359b21ab-3dbf-5646-ba1f-a513e3866c50, 8.6, 570.148.08, 75, 92, 92, 23028, 21029, 1571, 1380, 6251, 152.51, 150.00
1762621208,0, NVIDIA A10, GPU-359b21ab-3dbf-5646-ba1f-a513e3866c50, 8.6, 570.148.08, 74, 94, 81, 23028, 21029, 1571, 1440, 6251, 146.86, 150.00
1762621209,0, NVIDIA A10, GPU-359b21ab-3dbf-5646-ba1f-a513e3866c50, 8.6, 570.148.08, 75, 91, 90, 23028, 21029, 1571, 1440, 6251, 145.85, 150.00
1762621211,0, NVIDIA A10, GPU-359b21ab-3dbf-5646-ba1f-a513e3866c50, 8.6, 570.148.08, 75, 93, 92, 23028, 21029, 1571, 1440, 6251, 153.72, 150.00
1762621212,0, NVIDIA A10, GPU-359b21ab-3dbf-5646-ba1f-a513e3866c50, 8.6, 570.148.08, 75, 90, 90, 23028, 21029, 1571, 1455, 6251, 151.86, 150.00
1762621213,0, NVIDIA A10, GPU-359b21ab-3dbf-5646-ba1f-a513e3866c50, 8.6, 570.148.08, 75, 92, 91, 23028, 21029, 1571, 1410, 6251, 153.56, 150.00
1762621214,0, NVIDIA A10, GPU-359b21ab-3dbf-5646-ba1f-a513e3866c50, 8.6, 570.148.08, 75, 92, 91, 23028, 21029, 1571, 1425, 6251, 150.48, 150.00
1762621215,0, NVIDIA A10, GPU-359b21ab-3dbf-5646-ba1f-a513e3866c50, 8.6, 570.148.08, 75, 93, 90, 23028, 21029, 1571, 1440, 6251, 150.93, 150.00
1762621216,0, NVIDIA A10, GPU-359b21ab-3dbf-5646-ba1f-a513e3866c50, 8.6, 570.148.08, 75, 93, 91, 23028, 21029, 1571, 1065, 6251, 152.68, 150.00
1762621217,0, NVIDIA A10, GPU-359b21ab-3dbf-5646-ba1f-a513e3866c50, 8.6, 570.148.08, 75, 92, 92, 23028, 21029, 1571, 1395, 6251, 146.18, 150.00
1762621218,0, NVIDIA A10, GPU-359b21ab-3dbf-5646-ba1f-a513e3866c50, 8.6, 570.148.08, 75, 93, 89, 23028, 21029, 1571, 960, 6251, 149.45, 150.00
1762621219,0, NVIDIA A10, GPU-359b21ab-3dbf-5646-ba1f-a513e3866c50, 8.6, 570.148.08, 75, 92, 92, 23028, 21029, 1571, 1395, 6251, 148.19, 150.00
1762621220,0, NVIDIA A10, GPU-359b21ab-3dbf-5646-ba1f-a513e3866c50, 8.6, 570.148.08, 75, 93, 93, 23028, 21029, 1571, 1410, 6251, 147.84, 150.00
1762621221,0, NVIDIA A10, GPU-359b21ab-3dbf-5646-ba1f-a513e3866c50, 8.6, 570.148.08, 75, 93, 92, 23028, 21029, 1571, 1395, 6251, 150.76, 150.00
1762621222,0, NVIDIA A10, GPU-359b21ab-3dbf-5646-ba1f-a513e3866c50, 8.6, 570.148.08, 75, 92, 91, 23028, 21029, 1571, 960, 6251, 147.95, 150.00
1762621223,0, NVIDIA A10, GPU-359b21ab-3dbf-5646-ba1f-a513e3866c50, 8.6, 570.148.08, 75, 92, 92, 23028, 21029, 1571, 1410, 6251, 148.48, 150.00
1762621224,0, NVIDIA A10, GPU-359b21ab-3dbf-5646-ba1f-a513e3866c50, 8.6, 570.148.08, 75, 92, 92, 23028, 21029, 1571, 1425, 6251, 151.02, 150.00
1762621225,0, NVIDIA A10, GPU-359b21ab-3dbf-5646-ba1f-a513e3866c50, 8.6, 570.148.08, 75, 92, 92, 23028, 21029, 1571, 1455, 6251, 152.94, 150.00
1762621226,0, NVIDIA A10, GPU-359b21ab-3dbf-5646-ba1f-a513e3866c50, 8.6, 570.148.08, 75, 92, 91, 23028, 21029, 1571, 1470, 6251, 147.37, 150.00
1762621227,0, NVIDIA A10, GPU-359b21ab-3dbf-5646-ba1f-a513e3866c50, 8.6, 570.148.08, 75, 93, 91, 23028, 21029, 1571, 1410, 6251, 149.37, 150.00
1762621228,0, NVIDIA A10, GPU-359b21ab-3dbf-5646-ba1f-a513e3866c50, 8.6, 570.148.08, 75, 93, 93, 23028, 21029, 1571, 1440, 6251, 148.78, 150.00
1762621229,0, NVIDIA A10, GPU-359b21ab-3dbf-5646-ba1f-a513e3866c50, 8.6, 570.148.08, 75, 91, 90, 23028, 21029, 1571, 1425, 6251, 147.85, 150.00
1762621230,0, NVIDIA A10, GPU-359b21ab-3dbf-5646-ba1f-a513e3866c50, 8.6, 570.148.08, 75, 92, 92, 23028, 21029, 1571, 1470, 6251, 154.26, 150.00
1762621231,0, NVIDIA A10, GPU-359b21ab-3dbf-5646-ba1f-a513e3866c50, 8.6, 570.148.08, 75, 93, 83, 23028, 21029, 1571, 1230, 6251, 152.94, 150.00
1762621232,0, NVIDIA A10, GPU-359b21ab-3dbf-5646-ba1f-a513e3866c50, 8.6, 570.148.08, 75, 92, 91, 23028, 21029, 1571, 1395, 6251, 152.55, 150.00
1762621233,0, NVIDIA A10, GPU-359b21ab-3dbf-5646-ba1f-a513e3866c50, 8.6, 570.148.08, 75, 93, 91, 23028, 21029, 1571, 1410, 6251, 151.11, 150.00
1762621234,0, NVIDIA A10, GPU-359b21ab-3dbf-5646-ba1f-a513e3866c50, 8.6, 570.148.08, 75, 92, 92, 23028, 21029, 1571, 1425, 6251, 150.22, 150.00
1762621235,0, NVIDIA A10, GPU-359b21ab-3dbf-5646-ba1f-a513e3866c50, 8.6, 570.148.08, 75, 92, 91, 23028, 21029, 1571, 990, 6251, 147.66, 150.00
1762621236,0, NVIDIA A10, GPU-359b21ab-3dbf-5646-ba1f-a513e3866c50, 8.6, 570.148.08, 75, 92, 91, 23028, 21029, 1571, 1380, 6251, 150.25, 150.00
1762621237,0, NVIDIA A10, GPU-359b21ab-3dbf-5646-ba1f-a513e3866c50, 8.6, 570.148.08, 75, 92, 91, 23028, 21029, 1571, 1395, 6251, 149.53, 150.00
1762621238,0, NVIDIA A10, GPU-359b21ab-3dbf-5646-ba1f-a513e3866c50, 8.6, 570.148.08, 75, 93, 91, 23028, 21029, 1571, 1395, 6251, 148.31, 150.00
1762621239,0, NVIDIA A10, GPU-359b21ab-3dbf-5646-ba1f-a513e3866c50, 8.6, 570.148.08, 75, 93, 80, 23028, 21029, 1571, 1425, 6251, 152.73, 150.00
1762621240,0, NVIDIA A10, GPU-359b21ab-3dbf-5646-ba1f-a513e3866c50, 8.6, 570.148.08, 75, 93, 91, 23028, 21029, 1571, 1365, 6251, 147.71, 150.00
1762621241,0, NVIDIA A10, GPU-359b21ab-3dbf-5646-ba1f-a513e3866c50, 8.6, 570.148.08, 75, 93, 91, 23028, 21029, 1571, 1395, 6251, 149.31, 150.00
1762621242,0, NVIDIA A10, GPU-359b21ab-3dbf-5646-ba1f-a513e3866c50, 8.6, 570.148.08, 75, 92, 89, 23028, 21029, 1571, 1455, 6251, 148.42, 150.00
1762621243,0, NVIDIA A10, GPU-359b21ab-3dbf-5646-ba1f-a513e3866c50, 8.6, 570.148.08, 75, 92, 91, 23028, 21029, 1571, 1410, 6251, 148.20, 150.00
1762621245,0, NVIDIA A10, GPU-359b21ab-3dbf-5646-ba1f-a513e3866c50, 8.6, 570.148.08, 75, 92, 91, 23028, 21029, 1571, 1350, 6251, 146.98, 150.00
1762621246,0, NVIDIA A10, GPU-359b21ab-3dbf-5646-ba1f-a513e3866c50, 8.6, 570.148.08, 75, 92, 91, 23028, 21029, 1571, 1410, 6251, 147.56, 150.00
1762621247,0, NVIDIA A10, GPU-359b21ab-3dbf-5646-ba1f-a513e3866c50, 8.6, 570.148.08, 75, 92, 91, 23028, 21029, 1571, 1395, 6251, 145.43, 150.00
1762621248,0, NVIDIA A10, GPU-359b21ab-3dbf-5646-ba1f-a513e3866c50, 8.6, 570.148.08, 75, 92, 90, 23028, 21029, 1571, 1380, 6251, 148.10, 150.00
1762621249,0, NVIDIA A10, GPU-359b21ab-3dbf-5646-ba1f-a513e3866c50, 8.6, 570.148.08, 75, 92, 93, 23028, 21029, 1571, 1455, 6251, 146.51, 150.00
1762621250,0, NVIDIA A10, GPU-359b21ab-3dbf-5646-ba1f-a513e3866c50, 8.6, 570.148.08, 75, 92, 91, 23028, 21029, 1571, 1020, 6251, 147.82, 150.00
1762621251,0, NVIDIA A10, GPU-359b21ab-3dbf-5646-ba1f-a513e3866c50, 8.6, 570.148.08, 75, 94, 82, 23028, 21029, 1571, 840, 6251, 152.60, 150.00
1762621252,0, NVIDIA A10, GPU-359b21ab-3dbf-5646-ba1f-a513e3866c50, 8.6, 570.148.08, 75, 93, 93, 23028, 21029, 1571, 1395, 6251, 147.18, 150.00
1762621253,0, NVIDIA A10, GPU-359b21ab-3dbf-5646-ba1f-a513e3866c50, 8.6, 570.148.08, 75, 91, 90, 23028, 21029, 1571, 1410, 6251, 148.05, 150.00
1762621254,0, NVIDIA A10, GPU-359b21ab-3dbf-5646-ba1f-a513e3866c50, 8.6, 570.148.08, 75, 93, 91, 23028, 21029, 1571, 1395, 6251, 148.37, 150.00
1762621255,0, NVIDIA A10, GPU-359b21ab-3dbf-5646-ba1f-a513e3866c50, 8.6, 570.148.08, 75, 92, 91, 23028, 21029, 1571, 1440, 6251, 152.43, 150.00
1762621256,0, NVIDIA A10, GPU-359b21ab-3dbf-5646-ba1f-a513e3866c50, 8.6, 570.148.08, 75, 93, 91, 23028, 21029, 1571, 1410, 6251, 149.13, 150.00
1762621257,0, NVIDIA A10, GPU-359b21ab-3dbf-5646-ba1f-a513e3866c50, 8.6, 570.148.08, 75, 92, 91, 23028, 21029, 1571, 1410, 6251, 148.97, 150.00
1762621258,0, NVIDIA A10, GPU-359b21ab-3dbf-5646-ba1f-a513e3866c50, 8.6, 570.148.08, 75, 92, 93, 23028, 21029, 1571, 1455, 6251, 145.84, 150.00
1762621259,0, NVIDIA A10, GPU-359b21ab-3dbf-5646-ba1f-a513e3866c50, 8.6, 570.148.08, 75, 92, 91, 23028, 21029, 1571, 1410, 6251, 153.07, 150.00
1762621260,0, NVIDIA A10, GPU-359b21ab-3dbf-5646-ba1f-a513e3866c50, 8.6, 570.148.08, 75, 93, 91, 23028, 21029, 1571, 1410, 6251, 153.00, 150.00
1762621261,0, NVIDIA A10, GPU-359b21ab-3dbf-5646-ba1f-a513e3866c50, 8.6, 570.148.08, 75, 92, 93, 23028, 21029, 1571, 1395, 6251, 147.59, 150.00
1762621262,0, NVIDIA A10, GPU-359b21ab-3dbf-5646-ba1f-a513e3866c50, 8.6, 570.148.08, 75, 92, 92, 23028, 21029, 1571, 1425, 6251, 152.14, 150.00
1762621263,0, NVIDIA A10, GPU-359b21ab-3dbf-5646-ba1f-a513e3866c50, 8.6, 570.148.08, 75, 92, 92, 23028, 21029, 1571, 1440, 6251, 146.48, 150.00
1762621264,0, NVIDIA A10, GPU-359b21ab-3dbf-5646-ba1f-a513e3866c50, 8.6, 570.148.08, 75, 92, 91, 23028, 21029, 1571, 1455, 6251, 146.61, 150.00
1762621265,0, NVIDIA A10, GPU-359b21ab-3dbf-5646-ba1f-a513e3866c50, 8.6, 570.148.08, 75, 92, 93, 23028, 21029, 1571, 1455, 6251, 149.27, 150.00
1762621266,0, NVIDIA A10, GPU-359b21ab-3dbf-5646-ba1f-a513e3866c50, 8.6, 570.148.08, 75, 92, 93, 23028, 21029, 1571, 1440, 6251, 148.53, 150.00
1762621267,0, NVIDIA A10, GPU-359b21ab-3dbf-5646-ba1f-a513e3866c50, 8.6, 570.148.08, 75, 93, 93, 23028, 21029, 1571, 1440, 6251, 153.09, 150.00
1762621268,0, NVIDIA A10, GPU-359b21ab-3dbf-5646-ba1f-a513e3866c50, 8.6, 570.148.08, 75, 93, 93, 23028, 21029, 1571, 1455, 6251, 148.68, 150.00
1762621269,0, NVIDIA A10, GPU-359b21ab-3dbf-5646-ba1f-a513e3866c50, 8.6, 570.148.08, 75, 94, 81, 23028, 21029, 1571, 1455, 6251, 150.86, 150.00
1762621270,0, NVIDIA A10, GPU-359b21ab-3dbf-5646-ba1f-a513e3866c50, 8.6, 570.148.08, 75, 93, 91, 23028, 21029, 1571, 1395, 6251, 149.34, 150.00
1762621271,0, NVIDIA A10, GPU-359b21ab-3dbf-5646-ba1f-a513e3866c50, 8.6, 570.148.08, 75, 93, 89, 23028, 21029, 1571, 1440, 6251, 153.90, 150.00
1762621272,0, NVIDIA A10, GPU-359b21ab-3dbf-5646-ba1f-a513e3866c50, 8.6, 570.148.08, 75, 93, 91, 23028, 21029, 1571, 1410, 6251, 149.63, 150.00
1762621273,0, NVIDIA A10, GPU-359b21ab-3dbf-5646-ba1f-a513e3866c50, 8.6, 570.148.08, 75, 94, 81, 23028, 21029, 1571, 960, 6251, 146.75, 150.00
1762621274,0, NVIDIA A10, GPU-359b21ab-3dbf-5646-ba1f-a513e3866c50, 8.6, 570.148.08, 75, 93, 88, 23028, 21029, 1571, 930, 6251, 147.97, 150.00
1762621275,0, NVIDIA A10, GPU-359b21ab-3dbf-5646-ba1f-a513e3866c50, 8.6, 570.148.08, 75, 93, 92, 23028, 21029, 1571, 1365, 6251, 146.61, 150.00
1762621276,0, NVIDIA A10, GPU-359b21ab-3dbf-5646-ba1f-a513e3866c50, 8.6, 570.148.08, 75, 93, 91, 23028, 21029, 1571, 1365, 6251, 149.51, 150.00
1762621277,0, NVIDIA A10, GPU-359b21ab-3dbf-5646-ba1f-a513e3866c50, 8.6, 570.148.08, 75, 92, 92, 23028, 21029, 1571, 1440, 6251, 146.89, 150.00
1762621279,0, NVIDIA A10, GPU-359b21ab-3dbf-5646-ba1f-a513e3866c50, 8.6, 570.148.08, 72, 0, 0, 23028, 21029, 1571, 1695, 6251, 100.73, 150.00
1762621280,0, NVIDIA A10, GPU-359b21ab-3dbf-5646-ba1f-a513e3866c50, 8.6, 570.148.08, 72, 0, 0, 23028, 3, 22596, 1695, 6251, 79.57, 150.00
1762621281,0, NVIDIA A10, GPU-359b21ab-3dbf-5646-ba1f-a513e3866c50, 8.6, 570.148.08, 72, 0, 0, 23028, 3, 22596, 1695, 6251, 82.39, 150.00
1762621282,0, NVIDIA A10, GPU-359b21ab-3dbf-5646-ba1f-a513e3866c50, 8.6, 570.148.08, 71, 0, 0, 23028, 0, 22599, 1695, 6251, 77.66, 150.00
1762621283,0, NVIDIA A10, GPU-359b21ab-3dbf-5646-ba1f-a513e3866c50, 8.6, 570.148.08, 71, 0, 0, 23028, 0, 22599, 495, 6251, 77.56, 150.00
1762621284,0, NVIDIA A10, GPU-359b21ab-3dbf-5646-ba1f-a513e3866c50, 8.6, 570.148.08, 69, 0, 0, 23028, 0, 22599, 315, 6251, 54.02, 150.00
1762621285,0, NVIDIA A10, GPU-359b21ab-3dbf-5646-ba1f-a513e3866c50, 8.6, 570.148.08, 68, 0, 0, 23028, 0, 22599, 225, 6251, 51.04, 150.00
1762621286,0, NVIDIA A10, GPU-359b21ab-3dbf-5646-ba1f-a513e3866c50, 8.6, 570.148.08, 67, 0, 0, 23028, 0, 22599, 210, 6251, 50.85, 150.00
1762621287,0, NVIDIA A10, GPU-359b21ab-3dbf-5646-ba1f-a513e3866c50, 8.6, 570.148.08, 66, 0, 0, 23028, 0, 22599, 210, 6251, 50.38, 150.00
1762621288,0, NVIDIA A10, GPU-359b21ab-3dbf-5646-ba1f-a513e3866c50, 8.6, 570.148.08, 66, 0, 0, 23028, 0, 22599, 210, 6251, 50.25, 150.00
1762621289,0, NVIDIA A10, GPU-359b21ab-3dbf-5646-ba1f-a513e3866c50, 8.6, 570.148.08, 65, 0, 0, 23028, 0, 22599, 210, 405, 34.66, 150.00
1762621290,0, NVIDIA A10, GPU-359b21ab-3dbf-5646-ba1f-a513e3866c50, 8.6, 570.148.08, 64, 0, 0, 23028, 0, 22599, 210, 405, 18.59, 150.00
1762621291,0, NVIDIA A10, GPU-359b21ab-3dbf-5646-ba1f-a513e3866c50, 8.6, 570.148.08, 64, 0, 0, 23028, 0, 22599, 210, 405, 23.99, 150.00
1762621292,0, NVIDIA A10, GPU-359b21ab-3dbf-5646-ba1f-a513e3866c50, 8.6, 570.148.08, 63, 0, 0, 23028, 0, 22599, 210, 405, 21.41, 150.00
1762621293,0, NVIDIA A10, GPU-359b21ab-3dbf-5646-ba1f-a513e3866c50, 8.6, 570.148.08, 63, 0, 0, 23028, 275, 22325, 1695, 6251, 40.03, 150.00
1762621294,0, NVIDIA A10, GPU-359b21ab-3dbf-5646-ba1f-a513e3866c50, 8.6, 570.148.08, 64, 0, 0, 23028, 3219, 19381, 1695, 6251, 70.06, 150.00
1762621295,0, NVIDIA A10, GPU-359b21ab-3dbf-5646-ba1f-a513e3866c50, 8.6, 570.148.08, 64, 0, 0, 23028, 2717, 19883, 1695, 6251, 70.96, 150.00
1762621296,0, NVIDIA A10, GPU-359b21ab-3dbf-5646-ba1f-a513e3866c50, 8.6, 570.148.08, 64, 0, 0, 23028, 2717, 19883, 1695, 6251, 70.08, 150.00
1762621297,0, NVIDIA A10, GPU-359b21ab-3dbf-5646-ba1f-a513e3866c50, 8.6, 570.148.08, 63, 0, 0, 23028, 2717, 19883, 1695, 6251, 69.88, 150.00
1762621298,0, NVIDIA A10, GPU-359b21ab-3dbf-5646-ba1f-a513e3866c50, 8.6, 570.148.08, 63, 0, 0, 23028, 2717, 19883, 1695, 6251, 69.55, 150.00
1762621299,0, NVIDIA A10, GPU-359b21ab-3dbf-5646-ba1f-a513e3866c50, 8.6, 570.148.08, 63, 0, 0, 23028, 2717, 19883, 1695, 6251, 69.35, 150.00
1762621300,0, NVIDIA A10, GPU-359b21ab-3dbf-5646-ba1f-a513e3866c50, 8.6, 570.148.08, 63, 0, 0, 23028, 2717, 19883, 1695, 6251, 69.50, 150.00
1762621301,0, NVIDIA A10, GPU-359b21ab-3dbf-5646-ba1f-a513e3866c50, 8.6, 570.148.08, 63, 0, 0, 23028, 4291, 18309, 1680, 6251, 83.91, 150.00
1762621302,0, NVIDIA A10, GPU-359b21ab-3dbf-5646-ba1f-a513e3866c50, 8.6, 570.148.08, 63, 0, 0, 23028, 19495, 3105, 1695, 6251, 69.72, 150.00
1762621303,0, NVIDIA A10, GPU-359b21ab-3dbf-5646-ba1f-a513e3866c50, 8.6, 570.148.08, 65, 36, 30, 23028, 19641, 2959, 1635, 6251, 128.53, 150.00
1762621304,0, NVIDIA A10, GPU-359b21ab-3dbf-5646-ba1f-a513e3866c50, 8.6, 570.148.08, 65, 33, 22, 23028, 19771, 2829, 1680, 6251, 116.74, 150.00
1762621305,0, NVIDIA A10, GPU-359b21ab-3dbf-5646-ba1f-a513e3866c50, 8.6, 570.148.08, 64, 30, 33, 23028, 21029, 1571, 1680, 6251, 94.50, 150.00
1762621306,0, NVIDIA A10, GPU-359b21ab-3dbf-5646-ba1f-a513e3866c50, 8.6, 570.148.08, 63, 0, 0, 23028, 21029, 1571, 1695, 6251, 69.53, 150.00
1762621307,0, NVIDIA A10, GPU-359b21ab-3dbf-5646-ba1f-a513e3866c50, 8.6, 570.148.08, 62, 0, 0, 23028, 21029, 1571, 1695, 6251, 68.52, 150.00
1762621308,0, NVIDIA A10, GPU-359b21ab-3dbf-5646-ba1f-a513e3866c50, 8.6, 570.148.08, 62, 0, 0, 23028, 21029, 1571, 1695, 6251, 68.70, 150.00
1762621309,0, NVIDIA A10, GPU-359b21ab-3dbf-5646-ba1f-a513e3866c50, 8.6, 570.148.08, 62, 0, 0, 23028, 21029, 1571, 1695, 6251, 68.71, 150.00
1762621310,0, NVIDIA A10, GPU-359b21ab-3dbf-5646-ba1f-a513e3866c50, 8.6, 570.148.08, 62, 0, 0, 23028, 21029, 1571, 1695, 6251, 68.50, 150.00
1762621311,0, NVIDIA A10, GPU-359b21ab-3dbf-5646-ba1f-a513e3866c50, 8.6, 570.148.08, 61, 0, 0, 23028, 21029, 1571, 1695, 6251, 68.13, 150.00
1762621312,0, NVIDIA A10, GPU-359b21ab-3dbf-5646-ba1f-a513e3866c50, 8.6, 570.148.08, 61, 0, 0, 23028, 21029, 1571, 1695, 6251, 67.96, 150.00
1762621313,0, NVIDIA A10, GPU-359b21ab-3dbf-5646-ba1f-a513e3866c50, 8.6, 570.148.08, 61, 0, 0, 23028, 21029, 1571, 1695, 6251, 68.05, 150.00
1762621314,0, NVIDIA A10, GPU-359b21ab-3dbf-5646-ba1f-a513e3866c50, 8.6, 570.148.08, 61, 0, 0, 23028, 21029, 1571, 1695, 6251, 67.69, 150.00
1762621315,0, NVIDIA A10, GPU-359b21ab-3dbf-5646-ba1f-a513e3866c50, 8.6, 570.148.08, 61, 0, 0, 23028, 21029, 1571, 1695, 6251, 67.51, 150.00
1762621316,0, NVIDIA A10, GPU-359b21ab-3dbf-5646-ba1f-a513e3866c50, 8.6, 570.148.08, 61, 0, 0, 23028, 21029, 1571, 1695, 6251, 67.56, 150.00
1762621317,0, NVIDIA A10, GPU-359b21ab-3dbf-5646-ba1f-a513e3866c50, 8.6, 570.148.08, 60, 0, 0, 23028, 21029, 1571, 1695, 6251, 67.43, 150.00
1762621319,0, NVIDIA A10, GPU-359b21ab-3dbf-5646-ba1f-a513e3866c50, 8.6, 570.148.08, 60, 0, 0, 23028, 21029, 1571, 1695, 6251, 67.29, 150.00
1762621320,0, NVIDIA A10, GPU-359b21ab-3dbf-5646-ba1f-a513e3866c50, 8.6, 570.148.08, 60, 0, 0, 23028, 21029, 1571, 1695, 6251, 67.14, 150.00
1762621321,0, NVIDIA A10, GPU-359b21ab-3dbf-5646-ba1f-a513e3866c50, 8.6, 570.148.08, 60, 0, 0, 23028, 21029, 1571, 1695, 6251, 66.86, 150.00
1762621322,0, NVIDIA A10, GPU-359b21ab-3dbf-5646-ba1f-a513e3866c50, 8.6, 570.148.08, 60, 0, 0, 23028, 21029, 1571, 1695, 6251, 66.67, 150.00
1762621323,0, NVIDIA A10, GPU-359b21ab-3dbf-5646-ba1f-a513e3866c50, 8.6, 570.148.08, 59, 0, 0, 23028, 21029, 1571, 1695, 6251, 66.76, 150.00
1762621324,0, NVIDIA A10, GPU-359b21ab-3dbf-5646-ba1f-a513e3866c50, 8.6, 570.148.08, 59, 0, 0, 23028, 21029, 1571, 1695, 6251, 66.67, 150.00
1762621325,0, NVIDIA A10, GPU-359b21ab-3dbf-5646-ba1f-a513e3866c50, 8.6, 570.148.08, 59, 0, 0, 23028, 21029, 1571, 1695, 6251, 66.34, 150.00
1762621326,0, NVIDIA A10, GPU-359b21ab-3dbf-5646-ba1f-a513e3866c50, 8.6, 570.148.08, 59, 0, 0, 23028, 21029, 1571, 1695, 6251, 66.25, 150.00
1762621327,0, NVIDIA A10, GPU-359b21ab-3dbf-5646-ba1f-a513e3866c50, 8.6, 570.148.08, 59, 0, 0, 23028, 21029, 1571, 1695, 6251, 66.24, 150.00
1762621328,0, NVIDIA A10, GPU-359b21ab-3dbf-5646-ba1f-a513e3866c50, 8.6, 570.148.08, 61, 92, 92, 23028, 21029, 1571, 1575, 6251, 90.71, 150.00
1762621329,0, NVIDIA A10, GPU-359b21ab-3dbf-5646-ba1f-a513e3866c50, 8.6, 570.148.08, 62, 92, 91, 23028, 21029, 1571, 1500, 6251, 149.83, 150.00
1762621330,0, NVIDIA A10, GPU-359b21ab-3dbf-5646-ba1f-a513e3866c50, 8.6, 570.148.08, 62, 93, 93, 23028, 21029, 1571, 1470, 6251, 149.57, 150.00
1762621331,0, NVIDIA A10, GPU-359b21ab-3dbf-5646-ba1f-a513e3866c50, 8.6, 570.148.08, 63, 92, 91, 23028, 21029, 1571, 1545, 6251, 147.11, 150.00
1762621332,0, NVIDIA A10, GPU-359b21ab-3dbf-5646-ba1f-a513e3866c50, 8.6, 570.148.08, 63, 92, 93, 23028, 21029, 1571, 1545, 6251, 150.86, 150.00
1762621333,0, NVIDIA A10, GPU-359b21ab-3dbf-5646-ba1f-a513e3866c50, 8.6, 570.148.08, 63, 93, 92, 23028, 21029, 1571, 1545, 6251, 146.95, 150.00
1762621334,0, NVIDIA A10, GPU-359b21ab-3dbf-5646-ba1f-a513e3866c50, 8.6, 570.148.08, 64, 93, 92, 23028, 21029, 1571, 1500, 6251, 149.66, 150.00
1762621335,0, NVIDIA A10, GPU-359b21ab-3dbf-5646-ba1f-a513e3866c50, 8.6, 570.148.08, 64, 91, 92, 23028, 21029, 1571, 1515, 6251, 146.89, 150.00
1762621336,0, NVIDIA A10, GPU-359b21ab-3dbf-5646-ba1f-a513e3866c50, 8.6, 570.148.08, 64, 92, 93, 23028, 21029, 1571, 1530, 6251, 153.42, 150.00
1762621337,0, NVIDIA A10, GPU-359b21ab-3dbf-5646-ba1f-a513e3866c50, 8.6, 570.148.08, 65, 91, 92, 23028, 21029, 1571, 1515, 6251, 151.65, 150.00
1762621338,0, NVIDIA A10, GPU-359b21ab-3dbf-5646-ba1f-a513e3866c50, 8.6, 570.148.08, 65, 92, 93, 23028, 21029, 1571, 1455, 6251, 153.64, 150.00
1762621339,0, NVIDIA A10, GPU-359b21ab-3dbf-5646-ba1f-a513e3866c50, 8.6, 570.148.08, 65, 92, 93, 23028, 21029, 1571, 1545, 6251, 147.64, 150.00
1762621340,0, NVIDIA A10, GPU-359b21ab-3dbf-5646-ba1f-a513e3866c50, 8.6, 570.148.08, 66, 92, 93, 23028, 21029, 1571, 1545, 6251, 147.88, 150.00
1762621341,0, NVIDIA A10, GPU-359b21ab-3dbf-5646-ba1f-a513e3866c50, 8.6, 570.148.08, 66, 92, 93, 23028, 21029, 1571, 1515, 6251, 146.05, 150.00
1762621342,0, NVIDIA A10, GPU-359b21ab-3dbf-5646-ba1f-a513e3866c50, 8.6, 570.148.08, 66, 92, 92, 23028, 21029, 1571, 1515, 6251, 150.16, 150.00
1762621343,0, NVIDIA A10, GPU-359b21ab-3dbf-5646-ba1f-a513e3866c50, 8.6, 570.148.08, 66, 92, 88, 23028, 21029, 1571, 1185, 6251, 149.24, 150.00
1762621344,0, NVIDIA A10, GPU-359b21ab-3dbf-5646-ba1f-a513e3866c50, 8.6, 570.148.08, 66, 92, 93, 23028, 21029, 1571, 1515, 6251, 146.91, 150.00
1762621345,0, NVIDIA A10, GPU-359b21ab-3dbf-5646-ba1f-a513e3866c50, 8.6, 570.148.08, 66, 92, 91, 23028, 21029, 1571, 1530, 6251, 149.48, 150.00
1762621346,0, NVIDIA A10, GPU-359b21ab-3dbf-5646-ba1f-a513e3866c50, 8.6, 570.148.08, 66, 92, 92, 23028, 21029, 1571, 1500, 6251, 150.03, 150.00
1762621347,0, NVIDIA A10, GPU-359b21ab-3dbf-5646-ba1f-a513e3866c50, 8.6, 570.148.08, 67, 92, 93, 23028, 21029, 1571, 1500, 6251, 147.37, 150.00
1762621348,0, NVIDIA A10, GPU-359b21ab-3dbf-5646-ba1f-a513e3866c50, 8.6, 570.148.08, 67, 92, 91, 23028, 21029, 1571, 1470, 6251, 150.03, 150.00
1762621349,0, NVIDIA A10, GPU-359b21ab-3dbf-5646-ba1f-a513e3866c50, 8.6, 570.148.08, 67, 92, 93, 23028, 21029, 1571, 1500, 6251, 147.84, 150.00
1762621350,0, NVIDIA A10, GPU-359b21ab-3dbf-5646-ba1f-a513e3866c50, 8.6, 570.148.08, 67, 92, 93, 23028, 21029, 1571, 1290, 6251, 151.94, 150.00
1762621351,0, NVIDIA A10, GPU-359b21ab-3dbf-5646-ba1f-a513e3866c50, 8.6, 570.148.08, 68, 92, 85, 23028, 21029, 1571, 1125, 6251, 150.37, 150.00
1762621352,0, NVIDIA A10, GPU-359b21ab-3dbf-5646-ba1f-a513e3866c50, 8.6, 570.148.08, 67, 92, 93, 23028, 21029, 1571, 1515, 6251, 146.15, 150.00
1762621353,0, NVIDIA A10, GPU-359b21ab-3dbf-5646-ba1f-a513e3866c50, 8.6, 570.148.08, 68, 92, 93, 23028, 21029, 1571, 1515, 6251, 150.21, 150.00
1762621355,0, NVIDIA A10, GPU-359b21ab-3dbf-5646-ba1f-a513e3866c50, 8.6, 570.148.08, 68, 92, 92, 23028, 21029, 1571, 1515, 6251, 147.20, 150.00
1762621356,0, NVIDIA A10, GPU-359b21ab-3dbf-5646-ba1f-a513e3866c50, 8.6, 570.148.08, 68, 91, 91, 23028, 21029, 1571, 1470, 6251, 148.73, 150.00
1762621357,0, NVIDIA A10, GPU-359b21ab-3dbf-5646-ba1f-a513e3866c50, 8.6, 570.148.08, 68, 90, 90, 23028, 21029, 1571, 1530, 6251, 151.34, 150.00
1762621358,0, NVIDIA A10, GPU-359b21ab-3dbf-5646-ba1f-a513e3866c50, 8.6, 570.148.08, 68, 92, 93, 23028, 21029, 1571, 1485, 6251, 147.77, 150.00
1762621359,0, NVIDIA A10, GPU-359b21ab-3dbf-5646-ba1f-a513e3866c50, 8.6, 570.148.08, 68, 90, 92, 23028, 21029, 1571, 1500, 6251, 151.45, 150.00
1762621360,0, NVIDIA A10, GPU-359b21ab-3dbf-5646-ba1f-a513e3866c50, 8.6, 570.148.08, 69, 92, 93, 23028, 21029, 1571, 1500, 6251, 147.41, 150.00
1762621361,0, NVIDIA A10, GPU-359b21ab-3dbf-5646-ba1f-a513e3866c50, 8.6, 570.148.08, 68, 93, 93, 23028, 21029, 1571, 1515, 6251, 150.05, 150.00
1762621362,0, NVIDIA A10, GPU-359b21ab-3dbf-5646-ba1f-a513e3866c50, 8.6, 570.148.08, 69, 92, 93, 23028, 21029, 1571, 1470, 6251, 147.99, 150.00
1762621363,0, NVIDIA A10, GPU-359b21ab-3dbf-5646-ba1f-a513e3866c50, 8.6, 570.148.08, 69, 91, 90, 23028, 21029, 1571, 1515, 6251, 147.17, 150.00
1762621364,0, NVIDIA A10, GPU-359b21ab-3dbf-5646-ba1f-a513e3866c50, 8.6, 570.148.08, 69, 92, 92, 23028, 21029, 1571, 1470, 6251, 148.22, 150.00
1762621365,0, NVIDIA A10, GPU-359b21ab-3dbf-5646-ba1f-a513e3866c50, 8.6, 570.148.08, 69, 92, 91, 23028, 21029, 1571, 1485, 6251, 150.20, 150.00
1762621366,0, NVIDIA A10, GPU-359b21ab-3dbf-5646-ba1f-a513e3866c50, 8.6, 570.148.08, 69, 91, 86, 23028, 21029, 1571, 1470, 6251, 149.24, 150.00
1762621367,0, NVIDIA A10, GPU-359b21ab-3dbf-5646-ba1f-a513e3866c50, 8.6, 570.148.08, 69, 92, 89, 23028, 21029, 1571, 1500, 6251, 148.38, 150.00
1762621368,0, NVIDIA A10, GPU-359b21ab-3dbf-5646-ba1f-a513e3866c50, 8.6, 570.148.08, 69, 92, 91, 23028, 21029, 1571, 1455, 6251, 150.77, 150.00
1762621369,0, NVIDIA A10, GPU-359b21ab-3dbf-5646-ba1f-a513e3866c50, 8.6, 570.148.08, 69, 91, 81, 23028, 21029, 1571, 1050, 6251, 153.21, 150.00
1762621370,0, NVIDIA A10, GPU-359b21ab-3dbf-5646-ba1f-a513e3866c50, 8.6, 570.148.08, 69, 93, 91, 23028, 21029, 1571, 1380, 6251, 152.26, 150.00
1762621371,0, NVIDIA A10, GPU-359b21ab-3dbf-5646-ba1f-a513e3866c50, 8.6, 570.148.08, 70, 91, 91, 23028, 21029, 1571, 1470, 6251, 152.33, 150.00
1762621372,0, NVIDIA A10, GPU-359b21ab-3dbf-5646-ba1f-a513e3866c50, 8.6, 570.148.08, 70, 92, 93, 23028, 21029, 1571, 1455, 6251, 151.15, 150.00
1762621373,0, NVIDIA A10, GPU-359b21ab-3dbf-5646-ba1f-a513e3866c50, 8.6, 570.148.08, 70, 92, 92, 23028, 21029, 1571, 1395, 6251, 149.80, 150.00
1762621374,0, NVIDIA A10, GPU-359b21ab-3dbf-5646-ba1f-a513e3866c50, 8.6, 570.148.08, 70, 93, 92, 23028, 21029, 1571, 1365, 6251, 151.34, 150.00
1762621375,0, NVIDIA A10, GPU-359b21ab-3dbf-5646-ba1f-a513e3866c50, 8.6, 570.148.08, 70, 92, 93, 23028, 21029, 1571, 1395, 6251, 147.22, 150.00
1762621376,0, NVIDIA A10, GPU-359b21ab-3dbf-5646-ba1f-a513e3866c50, 8.6, 570.148.08, 70, 92, 91, 23028, 21029, 1571, 1425, 6251, 150.12, 150.00
1762621377,0, NVIDIA A10, GPU-359b21ab-3dbf-5646-ba1f-a513e3866c50, 8.6, 570.148.08, 70, 93, 93, 23028, 21029, 1571, 1440, 6251, 148.13, 150.00
1762621378,0, NVIDIA A10, GPU-359b21ab-3dbf-5646-ba1f-a513e3866c50, 8.6, 570.148.08, 70, 92, 90, 23028, 21029, 1571, 1485, 6251, 144.78, 150.00
1762621379,0, NVIDIA A10, GPU-359b21ab-3dbf-5646-ba1f-a513e3866c50, 8.6, 570.148.08, 70, 92, 92, 23028, 21029, 1571, 1485, 6251, 152.16, 150.00
1762621380,0, NVIDIA A10, GPU-359b21ab-3dbf-5646-ba1f-a513e3866c50, 8.6, 570.148.08, 70, 92, 92, 23028, 21029, 1571, 1455, 6251, 152.53, 150.00
1762621381,0, NVIDIA A10, GPU-359b21ab-3dbf-5646-ba1f-a513e3866c50, 8.6, 570.148.08, 70, 92, 92, 23028, 21029, 1571, 1500, 6251, 150.63, 150.00
1762621382,0, NVIDIA A10, GPU-359b21ab-3dbf-5646-ba1f-a513e3866c50, 8.6, 570.148.08, 71, 92, 90, 23028, 21029, 1571, 1455, 6251, 148.72, 150.00
1762621383,0, NVIDIA A10, GPU-359b21ab-3dbf-5646-ba1f-a513e3866c50, 8.6, 570.148.08, 71, 96, 66, 23028, 21029, 1571, 1185, 6251, 150.58, 150.00
1762621384,0, NVIDIA A10, GPU-359b21ab-3dbf-5646-ba1f-a513e3866c50, 8.6, 570.148.08, 71, 94, 76, 23028, 21029, 1571, 1290, 6251, 151.08, 150.00
1762621385,0, NVIDIA A10, GPU-359b21ab-3dbf-5646-ba1f-a513e3866c50, 8.6, 570.148.08, 71, 92, 92, 23028, 21029, 1571, 1440, 6251, 152.17, 150.00
1762621386,0, NVIDIA A10, GPU-359b21ab-3dbf-5646-ba1f-a513e3866c50, 8.6, 570.148.08, 71, 92, 92, 23028, 21029, 1571, 1455, 6251, 147.00, 150.00
1762621387,0, NVIDIA A10, GPU-359b21ab-3dbf-5646-ba1f-a513e3866c50, 8.6, 570.148.08, 71, 93, 93, 23028, 21029, 1571, 1455, 6251, 149.59, 150.00
1762621389,0, NVIDIA A10, GPU-359b21ab-3dbf-5646-ba1f-a513e3866c50, 8.6, 570.148.08, 71, 94, 74, 23028, 21029, 1571, 1425, 6251, 149.72, 150.00
1762621390,0, NVIDIA A10, GPU-359b21ab-3dbf-5646-ba1f-a513e3866c50, 8.6, 570.148.08, 71, 93, 91, 23028, 21029, 1571, 1395, 6251, 149.08, 150.00
1762621391,0, NVIDIA A10, GPU-359b21ab-3dbf-5646-ba1f-a513e3866c50, 8.6, 570.148.08, 71, 92, 92, 23028, 21029, 1571, 1470, 6251, 150.79, 150.00
1762621392,0, NVIDIA A10, GPU-359b21ab-3dbf-5646-ba1f-a513e3866c50, 8.6, 570.148.08, 71, 92, 91, 23028, 21029, 1571, 1110, 6251, 149.80, 150.00
1762621393,0, NVIDIA A10, GPU-359b21ab-3dbf-5646-ba1f-a513e3866c50, 8.6, 570.148.08, 71, 95, 60, 23028, 21029, 1571, 1155, 6251, 145.80, 150.00
1762621394,0, NVIDIA A10, GPU-359b21ab-3dbf-5646-ba1f-a513e3866c50, 8.6, 570.148.08, 71, 96, 64, 23028, 21029, 1571, 1170, 6251, 146.87, 150.00
1762621395,0, NVIDIA A10, GPU-359b21ab-3dbf-5646-ba1f-a513e3866c50, 8.6, 570.148.08, 71, 91, 90, 23028, 21029, 1571, 1455, 6251, 146.99, 150.00
1762621396,0, NVIDIA A10, GPU-359b21ab-3dbf-5646-ba1f-a513e3866c50, 8.6, 570.148.08, 71, 92, 90, 23028, 21029, 1571, 1425, 6251, 149.72, 150.00
1762621397,0, NVIDIA A10, GPU-359b21ab-3dbf-5646-ba1f-a513e3866c50, 8.6, 570.148.08, 72, 92, 92, 23028, 21029, 1571, 1455, 6251, 147.67, 150.00
1762621398,0, NVIDIA A10, GPU-359b21ab-3dbf-5646-ba1f-a513e3866c50, 8.6, 570.148.08, 71, 92, 92, 23028, 21029, 1571, 1455, 6251, 149.32, 150.00
1762621399,0, NVIDIA A10, GPU-359b21ab-3dbf-5646-ba1f-a513e3866c50, 8.6, 570.148.08, 72, 92, 92, 23028, 21029, 1571, 1470, 6251, 148.78, 150.00
1762621400,0, NVIDIA A10, GPU-359b21ab-3dbf-5646-ba1f-a513e3866c50, 8.6, 570.148.08, 72, 93, 91, 23028, 21029, 1571, 1440, 6251, 152.24, 150.00
1762621401,0, NVIDIA A10, GPU-359b21ab-3dbf-5646-ba1f-a513e3866c50, 8.6, 570.148.08, 72, 92, 93, 23028, 21029, 1571, 1455, 6251, 147.81, 150.00
1762621402,0, NVIDIA A10, GPU-359b21ab-3dbf-5646-ba1f-a513e3866c50, 8.6, 570.148.08, 72, 92, 92, 23028, 21029, 1571, 1470, 6251, 148.38, 150.00
1762621403,0, NVIDIA A10, GPU-359b21ab-3dbf-5646-ba1f-a513e3866c50, 8.6, 570.148.08, 72, 93, 92, 23028, 21029, 1571, 1425, 6251, 150.25, 150.00
1762621404,0, NVIDIA A10, GPU-359b21ab-3dbf-5646-ba1f-a513e3866c50, 8.6, 570.148.08, 72, 95, 66, 23028, 21029, 1571, 1365, 6251, 146.58, 150.00
1762621405,0, NVIDIA A10, GPU-359b21ab-3dbf-5646-ba1f-a513e3866c50, 8.6, 570.148.08, 72, 92, 93, 23028, 21029, 1571, 1440, 6251, 148.52, 150.00
1762621406,0, NVIDIA A10, GPU-359b21ab-3dbf-5646-ba1f-a513e3866c50, 8.6, 570.148.08, 72, 93, 86, 23028, 21029, 1571, 1125, 6251, 151.62, 150.00
1762621407,0, NVIDIA A10, GPU-359b21ab-3dbf-5646-ba1f-a513e3866c50, 8.6, 570.148.08, 72, 93, 93, 23028, 21029, 1571, 1455, 6251, 150.85, 150.00
1762621408,0, NVIDIA A10, GPU-359b21ab-3dbf-5646-ba1f-a513e3866c50, 8.6, 570.148.08, 72, 92, 91, 23028, 21029, 1571, 1485, 6251, 149.95, 150.00
1762621409,0, NVIDIA A10, GPU-359b21ab-3dbf-5646-ba1f-a513e3866c50, 8.6, 570.148.08, 72, 91, 91, 23028, 21029, 1571, 1485, 6251, 152.00, 150.00
1762621410,0, NVIDIA A10, GPU-359b21ab-3dbf-5646-ba1f-a513e3866c50, 8.6, 570.148.08, 72, 92, 92, 23028, 21029, 1571, 1470, 6251, 150.94, 150.00
1762621411,0, NVIDIA A10, GPU-359b21ab-3dbf-5646-ba1f-a513e3866c50, 8.6, 570.148.08, 72, 92, 92, 23028, 21029, 1571, 1485, 6251, 150.73, 150.00
1762621412,0, NVIDIA A10, GPU-359b21ab-3dbf-5646-ba1f-a513e3866c50, 8.6, 570.148.08, 72, 88, 87, 23028, 21029, 1571, 1485, 6251, 150.35, 150.00
1762621413,0, NVIDIA A10, GPU-359b21ab-3dbf-5646-ba1f-a513e3866c50, 8.6, 570.148.08, 72, 92, 93, 23028, 21029, 1571, 1455, 6251, 150.83, 150.00
1762621414,0, NVIDIA A10, GPU-359b21ab-3dbf-5646-ba1f-a513e3866c50, 8.6, 570.148.08, 72, 93, 91, 23028, 21029, 1571, 1440, 6251, 150.06, 150.00
1762621415,0, NVIDIA A10, GPU-359b21ab-3dbf-5646-ba1f-a513e3866c50, 8.6, 570.148.08, 72, 93, 92, 23028, 21029, 1571, 1440, 6251, 146.72, 150.00
1762621416,0, NVIDIA A10, GPU-359b21ab-3dbf-5646-ba1f-a513e3866c50, 8.6, 570.148.08, 73, 92, 92, 23028, 21029, 1571, 1470, 6251, 148.71, 150.00
1762621417,0, NVIDIA A10, GPU-359b21ab-3dbf-5646-ba1f-a513e3866c50, 8.6, 570.148.08, 72, 92, 93, 23028, 21029, 1571, 1470, 6251, 150.26, 150.00
1762621418,0, NVIDIA A10, GPU-359b21ab-3dbf-5646-ba1f-a513e3866c50, 8.6, 570.148.08, 73, 95, 75, 23028, 21029, 1571, 1350, 6251, 152.75, 150.00
1762621419,0, NVIDIA A10, GPU-359b21ab-3dbf-5646-ba1f-a513e3866c50, 8.6, 570.148.08, 73, 94, 78, 23028, 21029, 1571, 1065, 6251, 150.69, 150.00
1762621420,0, NVIDIA A10, GPU-359b21ab-3dbf-5646-ba1f-a513e3866c50, 8.6, 570.148.08, 72, 93, 91, 23028, 21029, 1571, 1380, 6251, 151.26, 150.00
1762621422,0, NVIDIA A10, GPU-359b21ab-3dbf-5646-ba1f-a513e3866c50, 8.6, 570.148.08, 73, 93, 91, 23028, 21029, 1571, 1410, 6251, 147.20, 150.00
1762621423,0, NVIDIA A10, GPU-359b21ab-3dbf-5646-ba1f-a513e3866c50, 8.6, 570.148.08, 73, 92, 91, 23028, 21029, 1571, 1395, 6251, 149.85, 150.00
1762621424,0, NVIDIA A10, GPU-359b21ab-3dbf-5646-ba1f-a513e3866c50, 8.6, 570.148.08, 73, 92, 91, 23028, 21029, 1571, 1485, 6251, 148.31, 150.00
1762621425,0, NVIDIA A10, GPU-359b21ab-3dbf-5646-ba1f-a513e3866c50, 8.6, 570.148.08, 73, 93, 91, 23028, 21029, 1571, 1395, 6251, 149.25, 150.00
1762621426,0, NVIDIA A10, GPU-359b21ab-3dbf-5646-ba1f-a513e3866c50, 8.6, 570.148.08, 73, 92, 92, 23028, 21029, 1571, 1470, 6251, 148.18, 150.00
1762621427,0, NVIDIA A10, GPU-359b21ab-3dbf-5646-ba1f-a513e3866c50, 8.6, 570.148.08, 73, 93, 92, 23028, 21029, 1571, 1440, 6251, 150.28, 150.00
1762621428,0, NVIDIA A10, GPU-359b21ab-3dbf-5646-ba1f-a513e3866c50, 8.6, 570.148.08, 73, 93, 91, 23028, 21029, 1571, 1425, 6251, 147.56, 150.00
1762621429,0, NVIDIA A10, GPU-359b21ab-3dbf-5646-ba1f-a513e3866c50, 8.6, 570.148.08, 73, 92, 90, 23028, 21029, 1571, 1245, 6251, 146.73, 150.00
1762621430,0, NVIDIA A10, GPU-359b21ab-3dbf-5646-ba1f-a513e3866c50, 8.6, 570.148.08, 73, 92, 91, 23028, 21029, 1571, 1455, 6251, 146.12, 150.00
1762621431,0, NVIDIA A10, GPU-359b21ab-3dbf-5646-ba1f-a513e3866c50, 8.6, 570.148.08, 73, 93, 91, 23028, 21029, 1571, 1410, 6251, 150.26, 150.00
1762621432,0, NVIDIA A10, GPU-359b21ab-3dbf-5646-ba1f-a513e3866c50, 8.6, 570.148.08, 73, 92, 93, 23028, 21029, 1571, 1455, 6251, 148.06, 150.00
1762621433,0, NVIDIA A10, GPU-359b21ab-3dbf-5646-ba1f-a513e3866c50, 8.6, 570.148.08, 73, 95, 65, 23028, 21029, 1571, 1200, 6251, 149.02, 150.00
1762621434,0, NVIDIA A10, GPU-359b21ab-3dbf-5646-ba1f-a513e3866c50, 8.6, 570.148.08, 73, 93, 78, 23028, 21029, 1571, 1470, 6251, 150.62, 150.00
1762621435,0, NVIDIA A10, GPU-359b21ab-3dbf-5646-ba1f-a513e3866c50, 8.6, 570.148.08, 73, 81, 79, 23028, 21029, 1571, 1545, 6251, 145.38, 150.00
1762621436,0, NVIDIA A10, GPU-359b21ab-3dbf-5646-ba1f-a513e3866c50, 8.6, 570.148.08, 73, 81, 73, 23028, 21029, 1571, 1545, 6251, 150.77, 150.00
1762621437,0, NVIDIA A10, GPU-359b21ab-3dbf-5646-ba1f-a513e3866c50, 8.6, 570.148.08, 73, 79, 78, 23028, 21029, 1571, 1530, 6251, 148.64, 150.00
1762621438,0, NVIDIA A10, GPU-359b21ab-3dbf-5646-ba1f-a513e3866c50, 8.6, 570.148.08, 73, 82, 80, 23028, 21029, 1571, 1485, 6251, 150.58, 150.00
1762621439,0, NVIDIA A10, GPU-359b21ab-3dbf-5646-ba1f-a513e3866c50, 8.6, 570.148.08, 73, 83, 79, 23028, 21029, 1571, 1095, 6251, 150.06, 150.00
1762621440,0, NVIDIA A10, GPU-359b21ab-3dbf-5646-ba1f-a513e3866c50, 8.6, 570.148.08, 73, 82, 83, 23028, 21029, 1571, 1485, 6251, 143.90, 150.00
1762621441,0, NVIDIA A10, GPU-359b21ab-3dbf-5646-ba1f-a513e3866c50, 8.6, 570.148.08, 73, 82, 81, 23028, 21029, 1571, 1485, 6251, 150.19, 150.00
1762621442,0, NVIDIA A10, GPU-359b21ab-3dbf-5646-ba1f-a513e3866c50, 8.6, 570.148.08, 73, 81, 82, 23028, 21029, 1571, 1530, 6251, 147.45, 150.00
1762621443,0, NVIDIA A10, GPU-359b21ab-3dbf-5646-ba1f-a513e3866c50, 8.6, 570.148.08, 74, 82, 81, 23028, 21029, 1571, 1500, 6251, 150.15, 150.00
1762621444,0, NVIDIA A10, GPU-359b21ab-3dbf-5646-ba1f-a513e3866c50, 8.6, 570.148.08, 73, 81, 82, 23028, 21029, 1571, 1545, 6251, 149.71, 150.00
1762621445,0, NVIDIA A10, GPU-359b21ab-3dbf-5646-ba1f-a513e3866c50, 8.6, 570.148.08, 73, 82, 82, 23028, 21029, 1571, 1515, 6251, 147.31, 150.00
1762621446,0, NVIDIA A10, GPU-359b21ab-3dbf-5646-ba1f-a513e3866c50, 8.6, 570.148.08, 74, 83, 82, 23028, 21029, 1571, 1260, 6251, 150.13, 150.00
1762621447,0, NVIDIA A10, GPU-359b21ab-3dbf-5646-ba1f-a513e3866c50, 8.6, 570.148.08, 73, 83, 84, 23028, 21029, 1571, 1515, 6251, 148.05, 150.00
1762621448,0, NVIDIA A10, GPU-359b21ab-3dbf-5646-ba1f-a513e3866c50, 8.6, 570.148.08, 74, 91, 92, 23028, 21029, 1571, 1440, 6251, 150.66, 150.00
1762621449,0, NVIDIA A10, GPU-359b21ab-3dbf-5646-ba1f-a513e3866c50, 8.6, 570.148.08, 74, 89, 88, 23028, 21029, 1571, 1440, 6251, 151.45, 150.00
1762621450,0, NVIDIA A10, GPU-359b21ab-3dbf-5646-ba1f-a513e3866c50, 8.6, 570.148.08, 73, 87, 88, 23028, 21029, 1571, 1515, 6251, 153.12, 150.00
1762621451,0, NVIDIA A10, GPU-359b21ab-3dbf-5646-ba1f-a513e3866c50, 8.6, 570.148.08, 74, 90, 89, 23028, 21029, 1571, 1425, 6251, 149.44, 150.00
1762621452,0, NVIDIA A10, GPU-359b21ab-3dbf-5646-ba1f-a513e3866c50, 8.6, 570.148.08, 74, 88, 89, 23028, 21029, 1571, 1470, 6251, 148.87, 150.00
1762621454,0, NVIDIA A10, GPU-359b21ab-3dbf-5646-ba1f-a513e3866c50, 8.6, 570.148.08, 74, 91, 91, 23028, 21029, 1571, 1455, 6251, 150.40, 150.00
1762621455,0, NVIDIA A10, GPU-359b21ab-3dbf-5646-ba1f-a513e3866c50, 8.6, 570.148.08, 74, 89, 90, 23028, 21029, 1571, 1470, 6251, 147.43, 150.00
1762621456,0, NVIDIA A10, GPU-359b21ab-3dbf-5646-ba1f-a513e3866c50, 8.6, 570.148.08, 74, 88, 89, 23028, 21029, 1571, 1485, 6251, 153.25, 150.00
1762621457,0, NVIDIA A10, GPU-359b21ab-3dbf-5646-ba1f-a513e3866c50, 8.6, 570.148.08, 74, 89, 88, 23028, 21029, 1571, 1425, 6251, 149.12, 150.00
1762621458,0, NVIDIA A10, GPU-359b21ab-3dbf-5646-ba1f-a513e3866c50, 8.6, 570.148.08, 74, 89, 90, 23028, 21029, 1571, 1470, 6251, 149.62, 150.00
1762621459,0, NVIDIA A10, GPU-359b21ab-3dbf-5646-ba1f-a513e3866c50, 8.6, 570.148.08, 74, 89, 90, 23028, 21029, 1571, 1455, 6251, 148.74, 150.00
1762621460,0, NVIDIA A10, GPU-359b21ab-3dbf-5646-ba1f-a513e3866c50, 8.6, 570.148.08, 74, 89, 89, 23028, 21029, 1571, 1500, 6251, 150.62, 150.00
1762621461,0, NVIDIA A10, GPU-359b21ab-3dbf-5646-ba1f-a513e3866c50, 8.6, 570.148.08, 74, 89, 88, 23028, 21029, 1571, 1455, 6251, 150.04, 150.00
1762621462,0, NVIDIA A10, GPU-359b21ab-3dbf-5646-ba1f-a513e3866c50, 8.6, 570.148.08, 74, 89, 90, 23028, 21029, 1571, 1455, 6251, 149.72, 150.00
1762621463,0, NVIDIA A10, GPU-359b21ab-3dbf-5646-ba1f-a513e3866c50, 8.6, 570.148.08, 74, 89, 88, 23028, 21029, 1571, 1455, 6251, 151.80, 150.00
1762621464,0, NVIDIA A10, GPU-359b21ab-3dbf-5646-ba1f-a513e3866c50, 8.6, 570.148.08, 74, 91, 62, 23028, 21029, 1571, 1320, 6251, 149.63, 150.00
1762621465,0, NVIDIA A10, GPU-359b21ab-3dbf-5646-ba1f-a513e3866c50, 8.6, 570.148.08, 74, 90, 88, 23028, 21029, 1571, 1410, 6251, 149.46, 150.00
1762621466,0, NVIDIA A10, GPU-359b21ab-3dbf-5646-ba1f-a513e3866c50, 8.6, 570.148.08, 74, 89, 89, 23028, 21029, 1571, 1485, 6251, 146.83, 150.00
1762621467,0, NVIDIA A10, GPU-359b21ab-3dbf-5646-ba1f-a513e3866c50, 8.6, 570.148.08, 74, 89, 88, 23028, 21029, 1571, 1440, 6251, 150.01, 150.00
1762621468,0, NVIDIA A10, GPU-359b21ab-3dbf-5646-ba1f-a513e3866c50, 8.6, 570.148.08, 74, 88, 89, 23028, 21029, 1571, 1470, 6251, 150.88, 150.00
1762621469,0, NVIDIA A10, GPU-359b21ab-3dbf-5646-ba1f-a513e3866c50, 8.6, 570.148.08, 74, 89, 89, 23028, 21029, 1571, 1485, 6251, 148.54, 150.00
1762621470,0, NVIDIA A10, GPU-359b21ab-3dbf-5646-ba1f-a513e3866c50, 8.6, 570.148.08, 74, 91, 90, 23028, 21029, 1571, 1215, 6251, 148.46, 150.00
1762621471,0, NVIDIA A10, GPU-359b21ab-3dbf-5646-ba1f-a513e3866c50, 8.6, 570.148.08, 74, 90, 90, 23028, 21029, 1571, 1395, 6251, 148.11, 150.00
1762621472,0, NVIDIA A10, GPU-359b21ab-3dbf-5646-ba1f-a513e3866c50, 8.6, 570.148.08, 74, 90, 90, 23028, 21029, 1571, 1455, 6251, 151.08, 150.00
1762621473,0, NVIDIA A10, GPU-359b21ab-3dbf-5646-ba1f-a513e3866c50, 8.6, 570.148.08, 74, 90, 60, 23028, 21029, 1571, 1155, 6251, 148.75, 150.00
1762621474,0, NVIDIA A10, GPU-359b21ab-3dbf-5646-ba1f-a513e3866c50, 8.6, 570.148.08, 74, 90, 90, 23028, 21029, 1571, 1425, 6251, 148.57, 150.00
1762621475,0, NVIDIA A10, GPU-359b21ab-3dbf-5646-ba1f-a513e3866c50, 8.6, 570.148.08, 74, 88, 87, 23028, 21029, 1571, 1470, 6251, 151.79, 150.00
1762621476,0, NVIDIA A10, GPU-359b21ab-3dbf-5646-ba1f-a513e3866c50, 8.6, 570.148.08, 74, 92, 61, 23028, 21029, 1571, 1080, 6251, 149.23, 150.00
1762621477,0, NVIDIA A10, GPU-359b21ab-3dbf-5646-ba1f-a513e3866c50, 8.6, 570.148.08, 74, 89, 90, 23028, 21029, 1571, 1470, 6251, 148.46, 150.00
1762621478,0, NVIDIA A10, GPU-359b21ab-3dbf-5646-ba1f-a513e3866c50, 8.6, 570.148.08, 74, 93, 62, 23028, 21029, 1571, 1470, 6251, 147.37, 150.00
1762621479,0, NVIDIA A10, GPU-359b21ab-3dbf-5646-ba1f-a513e3866c50, 8.6, 570.148.08, 74, 89, 89, 23028, 21029, 1571, 1470, 6251, 145.62, 150.00
1762621480,0, NVIDIA A10, GPU-359b21ab-3dbf-5646-ba1f-a513e3866c50, 8.6, 570.148.08, 74, 90, 89, 23028, 21029, 1571, 1470, 6251, 151.76, 150.00
1762621481,0, NVIDIA A10, GPU-359b21ab-3dbf-5646-ba1f-a513e3866c50, 8.6, 570.148.08, 74, 90, 90, 23028, 21029, 1571, 1260, 6251, 149.44, 150.00
1762621482,0, NVIDIA A10, GPU-359b21ab-3dbf-5646-ba1f-a513e3866c50, 8.6, 570.148.08, 74, 89, 89, 23028, 21029, 1571, 1425, 6251, 149.75, 150.00
1762621483,0, NVIDIA A10, GPU-359b21ab-3dbf-5646-ba1f-a513e3866c50, 8.6, 570.148.08, 74, 89, 87, 23028, 21029, 1571, 1500, 6251, 146.45, 150.00
1762621484,0, NVIDIA A10, GPU-359b21ab-3dbf-5646-ba1f-a513e3866c50, 8.6, 570.148.08, 74, 95, 65, 23028, 21029, 1571, 1455, 6251, 147.98, 150.00
1762621486,0, NVIDIA A10, GPU-359b21ab-3dbf-5646-ba1f-a513e3866c50, 8.6, 570.148.08, 74, 90, 90, 23028, 21029, 1571, 1470, 6251, 151.13, 150.00
1762621487,0, NVIDIA A10, GPU-359b21ab-3dbf-5646-ba1f-a513e3866c50, 8.6, 570.148.08, 74, 90, 89, 23028, 21029, 1571, 1440, 6251, 149.74, 150.00
1762621488,0, NVIDIA A10, GPU-359b21ab-3dbf-5646-ba1f-a513e3866c50, 8.6, 570.148.08, 74, 89, 88, 23028, 21029, 1571, 1485, 6251, 145.18, 150.00
1762621489,0, NVIDIA A10, GPU-359b21ab-3dbf-5646-ba1f-a513e3866c50, 8.6, 570.148.08, 74, 89, 88, 23028, 21029, 1571, 1455, 6251, 148.39, 150.00
1762621490,0, NVIDIA A10, GPU-359b21ab-3dbf-5646-ba1f-a513e3866c50, 8.6, 570.148.08, 74, 88, 87, 23028, 21029, 1571, 1215, 6251, 149.02, 150.00
1762621491,0, NVIDIA A10, GPU-359b21ab-3dbf-5646-ba1f-a513e3866c50, 8.6, 570.148.08, 74, 87, 85, 23028, 21029, 1571, 1470, 6251, 147.59, 150.00
1762621492,0, NVIDIA A10, GPU-359b21ab-3dbf-5646-ba1f-a513e3866c50, 8.6, 570.148.08, 74, 87, 88, 23028, 21029, 1571, 1485, 6251, 151.74, 150.00
1762621493,0, NVIDIA A10, GPU-359b21ab-3dbf-5646-ba1f-a513e3866c50, 8.6, 570.148.08, 74, 89, 88, 23028, 21029, 1571, 1425, 6251, 149.91, 150.00
1762621494,0, NVIDIA A10, GPU-359b21ab-3dbf-5646-ba1f-a513e3866c50, 8.6, 570.148.08, 74, 90, 90, 23028, 21029, 1571, 1455, 6251, 150.20, 150.00
1762621495,0, NVIDIA A10, GPU-359b21ab-3dbf-5646-ba1f-a513e3866c50, 8.6, 570.148.08, 74, 89, 90, 23028, 21029, 1571, 1260, 6251, 149.63, 150.00
1762621496,0, NVIDIA A10, GPU-359b21ab-3dbf-5646-ba1f-a513e3866c50, 8.6, 570.148.08, 74, 94, 62, 23028, 21029, 1571, 1155, 6251, 149.37, 150.00
1762621497,0, NVIDIA A10, GPU-359b21ab-3dbf-5646-ba1f-a513e3866c50, 8.6, 570.148.08, 74, 91, 87, 23028, 21029, 1571, 1455, 6251, 147.70, 150.00
1762621498,0, NVIDIA A10, GPU-359b21ab-3dbf-5646-ba1f-a513e3866c50, 8.6, 570.148.08, 74, 91, 90, 23028, 21029, 1571, 1470, 6251, 150.22, 150.00
1762621499,0, NVIDIA A10, GPU-359b21ab-3dbf-5646-ba1f-a513e3866c50, 8.6, 570.148.08, 74, 90, 91, 23028, 21029, 1571, 1470, 6251, 150.53, 150.00
1762621500,0, NVIDIA A10, GPU-359b21ab-3dbf-5646-ba1f-a513e3866c50, 8.6, 570.148.08, 74, 89, 89, 23028, 21029, 1571, 1470, 6251, 149.49, 150.00
1762621501,0, NVIDIA A10, GPU-359b21ab-3dbf-5646-ba1f-a513e3866c50, 8.6, 570.148.08, 74, 89, 89, 23028, 21029, 1571, 1410, 6251, 148.97, 150.00
1762621502,0, NVIDIA A10, GPU-359b21ab-3dbf-5646-ba1f-a513e3866c50, 8.6, 570.148.08, 74, 95, 64, 23028, 21029, 1571, 1125, 6251, 146.10, 150.00
1762621503,0, NVIDIA A10, GPU-359b21ab-3dbf-5646-ba1f-a513e3866c50, 8.6, 570.148.08, 74, 91, 91, 23028, 21029, 1571, 1440, 6251, 149.47, 150.00
1762621504,0, NVIDIA A10, GPU-359b21ab-3dbf-5646-ba1f-a513e3866c50, 8.6, 570.148.08, 75, 91, 91, 23028, 21029, 1571, 1125, 6251, 150.01, 150.00
1762621505,0, NVIDIA A10, GPU-359b21ab-3dbf-5646-ba1f-a513e3866c50, 8.6, 570.148.08, 74, 92, 91, 23028, 21029, 1571, 1350, 6251, 148.31, 150.00
1762621506,0, NVIDIA A10, GPU-359b21ab-3dbf-5646-ba1f-a513e3866c50, 8.6, 570.148.08, 74, 91, 91, 23028, 21029, 1571, 1455, 6251, 150.08, 150.00
1762621507,0, NVIDIA A10, GPU-359b21ab-3dbf-5646-ba1f-a513e3866c50, 8.6, 570.148.08, 74, 91, 90, 23028, 21029, 1571, 1410, 6251, 148.16, 150.00
1762621508,0, NVIDIA A10, GPU-359b21ab-3dbf-5646-ba1f-a513e3866c50, 8.6, 570.148.08, 75, 91, 91, 23028, 21029, 1571, 1410, 6251, 148.87, 150.00
1762621509,0, NVIDIA A10, GPU-359b21ab-3dbf-5646-ba1f-a513e3866c50, 8.6, 570.148.08, 75, 87, 87, 23028, 21029, 1571, 1485, 6251, 148.68, 150.00
1762621510,0, NVIDIA A10, GPU-359b21ab-3dbf-5646-ba1f-a513e3866c50, 8.6, 570.148.08, 75, 91, 91, 23028, 21029, 1571, 1455, 6251, 149.39, 150.00
1762621511,0, NVIDIA A10, GPU-359b21ab-3dbf-5646-ba1f-a513e3866c50, 8.6, 570.148.08, 74, 92, 92, 23028, 21029, 1571, 1470, 6251, 147.70, 150.00
1762621512,0, NVIDIA A10, GPU-359b21ab-3dbf-5646-ba1f-a513e3866c50, 8.6, 570.148.08, 74, 90, 90, 23028, 21029, 1571, 1470, 6251, 150.27, 150.00
1762621513,0, NVIDIA A10, GPU-359b21ab-3dbf-5646-ba1f-a513e3866c50, 8.6, 570.148.08, 74, 91, 91, 23028, 21029, 1571, 1470, 6251, 150.18, 150.00
1762621514,0, NVIDIA A10, GPU-359b21ab-3dbf-5646-ba1f-a513e3866c50, 8.6, 570.148.08, 75, 86, 85, 23028, 21029, 1571, 1380, 6251, 149.57, 150.00
1762621515,0, NVIDIA A10, GPU-359b21ab-3dbf-5646-ba1f-a513e3866c50, 8.6, 570.148.08, 74, 92, 91, 23028, 21029, 1571, 1380, 6251, 147.87, 150.00
1762621516,0, NVIDIA A10, GPU-359b21ab-3dbf-5646-ba1f-a513e3866c50, 8.6, 570.148.08, 75, 91, 89, 23028, 21029, 1571, 1245, 6251, 149.34, 150.00
1762621517,0, NVIDIA A10, GPU-359b21ab-3dbf-5646-ba1f-a513e3866c50, 8.6, 570.148.08, 74, 95, 69, 23028, 21029, 1571, 1395, 6251, 148.15, 150.00
1762621519,0, NVIDIA A10, GPU-359b21ab-3dbf-5646-ba1f-a513e3866c50, 8.6, 570.148.08, 75, 91, 90, 23028, 21029, 1571, 1395, 6251, 147.51, 150.00
1762621520,0, NVIDIA A10, GPU-359b21ab-3dbf-5646-ba1f-a513e3866c50, 8.6, 570.148.08, 74, 91, 91, 23028, 21029, 1571, 1410, 6251, 150.61, 150.00
1762621521,0, NVIDIA A10, GPU-359b21ab-3dbf-5646-ba1f-a513e3866c50, 8.6, 570.148.08, 75, 92, 90, 23028, 21029, 1571, 1380, 6251, 148.26, 150.00
1762621522,0, NVIDIA A10, GPU-359b21ab-3dbf-5646-ba1f-a513e3866c50, 8.6, 570.148.08, 75, 91, 91, 23028, 21029, 1571, 1395, 6251, 148.13, 150.00
1762621523,0, NVIDIA A10, GPU-359b21ab-3dbf-5646-ba1f-a513e3866c50, 8.6, 570.148.08, 75, 91, 91, 23028, 21029, 1571, 1440, 6251, 150.75, 150.00
1762621524,0, NVIDIA A10, GPU-359b21ab-3dbf-5646-ba1f-a513e3866c50, 8.6, 570.148.08, 75, 91, 91, 23028, 21029, 1571, 1470, 6251, 148.14, 150.00
1762621525,0, NVIDIA A10, GPU-359b21ab-3dbf-5646-ba1f-a513e3866c50, 8.6, 570.148.08, 75, 92, 92, 23028, 21029, 1571, 1455, 6251, 148.93, 150.00
1762621526,0, NVIDIA A10, GPU-359b21ab-3dbf-5646-ba1f-a513e3866c50, 8.6, 570.148.08, 75, 92, 92, 23028, 21029, 1571, 1455, 6251, 149.31, 150.00
1762621527,0, NVIDIA A10, GPU-359b21ab-3dbf-5646-ba1f-a513e3866c50, 8.6, 570.148.08, 75, 92, 91, 23028, 21029, 1571, 1215, 6251, 149.04, 150.00
1762621528,0, NVIDIA A10, GPU-359b21ab-3dbf-5646-ba1f-a513e3866c50, 8.6, 570.148.08, 75, 93, 91, 23028, 21029, 1571, 1380, 6251, 150.21, 150.00
1762621529,0, NVIDIA A10, GPU-359b21ab-3dbf-5646-ba1f-a513e3866c50, 8.6, 570.148.08, 74, 92, 92, 23028, 21029, 1571, 1455, 6251, 150.71, 150.00
1762621530,0, NVIDIA A10, GPU-359b21ab-3dbf-5646-ba1f-a513e3866c50, 8.6, 570.148.08, 75, 92, 92, 23028, 21029, 1571, 1455, 6251, 150.39, 150.00
1762621531,0, NVIDIA A10, GPU-359b21ab-3dbf-5646-ba1f-a513e3866c50, 8.6, 570.148.08, 75, 93, 91, 23028, 21029, 1571, 1410, 6251, 150.35, 150.00
1762621532,0, NVIDIA A10, GPU-359b21ab-3dbf-5646-ba1f-a513e3866c50, 8.6, 570.148.08, 75, 92, 92, 23028, 21029, 1571, 1440, 6251, 151.95, 150.00
1762621533,0, NVIDIA A10, GPU-359b21ab-3dbf-5646-ba1f-a513e3866c50, 8.6, 570.148.08, 72, 0, 0, 23028, 21029, 1571, 1695, 6251, 98.77, 150.00
1762621534,0, NVIDIA A10, GPU-359b21ab-3dbf-5646-ba1f-a513e3866c50, 8.6, 570.148.08, 71, 5, 0, 23028, 3, 22596, 1695, 6251, 80.88, 150.00
1762621535,0, NVIDIA A10, GPU-359b21ab-3dbf-5646-ba1f-a513e3866c50, 8.6, 570.148.08, 71, 0, 0, 23028, 3, 22596, 1695, 6251, 82.14, 150.00
1762621536,0, NVIDIA A10, GPU-359b21ab-3dbf-5646-ba1f-a513e3866c50, 8.6, 570.148.08, 70, 0, 0, 23028, 0, 22599, 1695, 6251, 77.26, 150.00
1762621537,0, NVIDIA A10, GPU-359b21ab-3dbf-5646-ba1f-a513e3866c50, 8.6, 570.148.08, 70, 0, 0, 23028, 0, 22599, 1695, 6251, 77.11, 150.00
1762621538,0, NVIDIA A10, GPU-359b21ab-3dbf-5646-ba1f-a513e3866c50, 8.6, 570.148.08, 68, 0, 0, 23028, 0, 22599, 240, 6251, 53.80, 150.00
1762621539,0, NVIDIA A10, GPU-359b21ab-3dbf-5646-ba1f-a513e3866c50, 8.6, 570.148.08, 68, 0, 0, 23028, 0, 22599, 210, 6251, 51.28, 150.00
1762621540,0, NVIDIA A10, GPU-359b21ab-3dbf-5646-ba1f-a513e3866c50, 8.6, 570.148.08, 67, 0, 0, 23028, 0, 22599, 210, 6251, 34.80, 150.00
1762621541,0, NVIDIA A10, GPU-359b21ab-3dbf-5646-ba1f-a513e3866c50, 8.6, 570.148.08, 65, 0, 0, 23028, 0, 22599, 210, 405, 18.74, 150.00
1762621542,0, NVIDIA A10, GPU-359b21ab-3dbf-5646-ba1f-a513e3866c50, 8.6, 570.148.08, 64, 0, 0, 23028, 0, 22599, 210, 405, 18.64, 150.00
1762621543,0, NVIDIA A10, GPU-359b21ab-3dbf-5646-ba1f-a513e3866c50, 8.6, 570.148.08, 63, 0, 0, 23028, 0, 22599, 210, 405, 18.60, 150.00
1762621544,0, NVIDIA A10, GPU-359b21ab-3dbf-5646-ba1f-a513e3866c50, 8.6, 570.148.08, 63, 0, 0, 23028, 0, 22599, 210, 405, 18.50, 150.00
1762621545,0, NVIDIA A10, GPU-359b21ab-3dbf-5646-ba1f-a513e3866c50, 8.6, 570.148.08, 62, 0, 0, 23028, 0, 22599, 210, 405, 18.45, 150.00
1762621546,0, NVIDIA A10, GPU-359b21ab-3dbf-5646-ba1f-a513e3866c50, 8.6, 570.148.08, 62, 0, 0, 23028, 235, 22365, 1680, 6251, 30.37, 150.00
1762621547,0, NVIDIA A10, GPU-359b21ab-3dbf-5646-ba1f-a513e3866c50, 8.6, 570.148.08, 63, 0, 0, 23028, 3219, 19381, 1695, 6251, 70.02, 150.00
1762621548,0, NVIDIA A10, GPU-359b21ab-3dbf-5646-ba1f-a513e3866c50, 8.6, 570.148.08, 63, 0, 0, 23028, 2717, 19883, 1695, 6251, 70.98, 150.00
1762621549,0, NVIDIA A10, GPU-359b21ab-3dbf-5646-ba1f-a513e3866c50, 8.6, 570.148.08, 63, 0, 0, 23028, 2717, 19883, 1695, 6251, 70.17, 150.00
1762621550,0, NVIDIA A10, GPU-359b21ab-3dbf-5646-ba1f-a513e3866c50, 8.6, 570.148.08, 63, 0, 0, 23028, 2717, 19883, 1695, 6251, 69.46, 150.00
1762621551,0, NVIDIA A10, GPU-359b21ab-3dbf-5646-ba1f-a513e3866c50, 8.6, 570.148.08, 63, 0, 0, 23028, 2717, 19883, 1695, 6251, 69.49, 150.00
1762621552,0, NVIDIA A10, GPU-359b21ab-3dbf-5646-ba1f-a513e3866c50, 8.6, 570.148.08, 63, 0, 0, 23028, 2717, 19883, 1695, 6251, 69.62, 150.00
1762621553,0, NVIDIA A10, GPU-359b21ab-3dbf-5646-ba1f-a513e3866c50, 8.6, 570.148.08, 63, 42, 4, 23028, 2733, 19867, 1695, 6251, 88.01, 150.00
1762621554,0, NVIDIA A10, GPU-359b21ab-3dbf-5646-ba1f-a513e3866c50, 8.6, 570.148.08, 65, 55, 42, 23028, 19599, 3001, 1590, 6251, 131.46, 150.00
1762621555,0, NVIDIA A10, GPU-359b21ab-3dbf-5646-ba1f-a513e3866c50, 8.6, 570.148.08, 66, 49, 35, 23028, 19773, 2827, 1560, 6251, 128.77, 150.00
1762621556,0, NVIDIA A10, GPU-359b21ab-3dbf-5646-ba1f-a513e3866c50, 8.6, 570.148.08, 64, 0, 0, 23028, 21029, 1571, 1695, 6251, 96.14, 150.00
1762621558,0, NVIDIA A10, GPU-359b21ab-3dbf-5646-ba1f-a513e3866c50, 8.6, 570.148.08, 63, 0, 0, 23028, 21029, 1571, 1695, 6251, 73.98, 150.00
1762621559,0, NVIDIA A10, GPU-359b21ab-3dbf-5646-ba1f-a513e3866c50, 8.6, 570.148.08, 63, 0, 0, 23028, 21029, 1571, 1695, 6251, 69.54, 150.00
1762621560,0, NVIDIA A10, GPU-359b21ab-3dbf-5646-ba1f-a513e3866c50, 8.6, 570.148.08, 63, 0, 0, 23028, 21029, 1571, 1695, 6251, 69.05, 150.00
1762621561,0, NVIDIA A10, GPU-359b21ab-3dbf-5646-ba1f-a513e3866c50, 8.6, 570.148.08, 62, 0, 0, 23028, 21029, 1571, 1695, 6251, 68.79, 150.00
1762621562,0, NVIDIA A10, GPU-359b21ab-3dbf-5646-ba1f-a513e3866c50, 8.6, 570.148.08, 62, 0, 0, 23028, 21029, 1571, 1695, 6251, 68.82, 150.00
1762621563,0, NVIDIA A10, GPU-359b21ab-3dbf-5646-ba1f-a513e3866c50, 8.6, 570.148.08, 62, 0, 0, 23028, 21029, 1571, 1695, 6251, 68.60, 150.00
1762621564,0, NVIDIA A10, GPU-359b21ab-3dbf-5646-ba1f-a513e3866c50, 8.6, 570.148.08, 62, 0, 0, 23028, 21029, 1571, 1695, 6251, 68.45, 150.00
1762621565,0, NVIDIA A10, GPU-359b21ab-3dbf-5646-ba1f-a513e3866c50, 8.6, 570.148.08, 61, 0, 0, 23028, 21029, 1571, 1695, 6251, 68.33, 150.00
1762621566,0, NVIDIA A10, GPU-359b21ab-3dbf-5646-ba1f-a513e3866c50, 8.6, 570.148.08, 61, 0, 0, 23028, 21029, 1571, 1695, 6251, 68.14, 150.00
1762621567,0, NVIDIA A10, GPU-359b21ab-3dbf-5646-ba1f-a513e3866c50, 8.6, 570.148.08, 63, 94, 74, 23028, 21029, 1571, 1530, 6251, 75.98, 150.00
1762621568,0, NVIDIA A10, GPU-359b21ab-3dbf-5646-ba1f-a513e3866c50, 8.6, 570.148.08, 64, 92, 93, 23028, 21029, 1571, 1530, 6251, 148.81, 150.00
1762621569,0, NVIDIA A10, GPU-359b21ab-3dbf-5646-ba1f-a513e3866c50, 8.6, 570.148.08, 65, 92, 92, 23028, 21029, 1571, 1530, 6251, 148.77, 150.00
1762621570,0, NVIDIA A10, GPU-359b21ab-3dbf-5646-ba1f-a513e3866c50, 8.6, 570.148.08, 65, 94, 60, 23028, 21029, 1571, 1500, 6251, 146.38, 150.00
1762621571,0, NVIDIA A10, GPU-359b21ab-3dbf-5646-ba1f-a513e3866c50, 8.6, 570.148.08, 65, 93, 91, 23028, 21029, 1571, 1485, 6251, 147.94, 150.00
1762621572,0, NVIDIA A10, GPU-359b21ab-3dbf-5646-ba1f-a513e3866c50, 8.6, 570.148.08, 66, 91, 90, 23028, 21029, 1571, 1545, 6251, 146.39, 150.00
1762621573,0, NVIDIA A10, GPU-359b21ab-3dbf-5646-ba1f-a513e3866c50, 8.6, 570.148.08, 66, 91, 91, 23028, 21029, 1571, 1530, 6251, 146.36, 150.00
1762621574,0, NVIDIA A10, GPU-359b21ab-3dbf-5646-ba1f-a513e3866c50, 8.6, 570.148.08, 66, 91, 85, 23028, 21029, 1571, 1065, 6251, 152.26, 150.00
1762621575,0, NVIDIA A10, GPU-359b21ab-3dbf-5646-ba1f-a513e3866c50, 8.6, 570.148.08, 66, 86, 86, 23028, 21029, 1571, 1560, 6251, 152.01, 150.00
1762621576,0, NVIDIA A10, GPU-359b21ab-3dbf-5646-ba1f-a513e3866c50, 8.6, 570.148.08, 66, 92, 91, 23028, 21029, 1571, 1485, 6251, 149.72, 150.00
1762621577,0, NVIDIA A10, GPU-359b21ab-3dbf-5646-ba1f-a513e3866c50, 8.6, 570.148.08, 67, 82, 83, 23028, 21029, 1571, 1515, 6251, 145.55, 150.00
1762621578,0, NVIDIA A10, GPU-359b21ab-3dbf-5646-ba1f-a513e3866c50, 8.6, 570.148.08, 67, 92, 92, 23028, 21029, 1571, 1515, 6251, 150.04, 150.00
1762621579,0, NVIDIA A10, GPU-359b21ab-3dbf-5646-ba1f-a513e3866c50, 8.6, 570.148.08, 67, 93, 92, 23028, 21029, 1571, 1455, 6251, 149.77, 150.00
1762621580,0, NVIDIA A10, GPU-359b21ab-3dbf-5646-ba1f-a513e3866c50, 8.6, 570.148.08, 68, 92, 93, 23028, 21029, 1571, 1515, 6251, 147.79, 150.00
1762621581,0, NVIDIA A10, GPU-359b21ab-3dbf-5646-ba1f-a513e3866c50, 8.6, 570.148.08, 68, 92, 92, 23028, 21029, 1571, 1515, 6251, 150.97, 150.00
1762621582,0, NVIDIA A10, GPU-359b21ab-3dbf-5646-ba1f-a513e3866c50, 8.6, 570.148.08, 68, 92, 93, 23028, 21029, 1571, 1500, 6251, 147.01, 150.00
1762621583,0, NVIDIA A10, GPU-359b21ab-3dbf-5646-ba1f-a513e3866c50, 8.6, 570.148.08, 68, 91, 91, 23028, 21029, 1571, 1515, 6251, 149.76, 150.00
1762621584,0, NVIDIA A10, GPU-359b21ab-3dbf-5646-ba1f-a513e3866c50, 8.6, 570.148.08, 68, 92, 91, 23028, 21029, 1571, 1470, 6251, 153.72, 150.00
1762621585,0, NVIDIA A10, GPU-359b21ab-3dbf-5646-ba1f-a513e3866c50, 8.6, 570.148.08, 68, 84, 85, 23028, 21029, 1571, 1560, 6251, 152.78, 150.00
1762621586,0, NVIDIA A10, GPU-359b21ab-3dbf-5646-ba1f-a513e3866c50, 8.6, 570.148.08, 69, 86, 87, 23028, 21029, 1571, 1530, 6251, 147.95, 150.00
1762621587,0, NVIDIA A10, GPU-359b21ab-3dbf-5646-ba1f-a513e3866c50, 8.6, 570.148.08, 69, 92, 91, 23028, 21029, 1571, 1470, 6251, 149.85, 150.00
1762621588,0, NVIDIA A10, GPU-359b21ab-3dbf-5646-ba1f-a513e3866c50, 8.6, 570.148.08, 69, 92, 92, 23028, 21029, 1571, 1500, 6251, 151.24, 150.00
1762621589,0, NVIDIA A10, GPU-359b21ab-3dbf-5646-ba1f-a513e3866c50, 8.6, 570.148.08, 69, 95, 60, 23028, 21029, 1571, 1455, 6251, 147.41, 150.00
1762621590,0, NVIDIA A10, GPU-359b21ab-3dbf-5646-ba1f-a513e3866c50, 8.6, 570.148.08, 69, 93, 91, 23028, 21029, 1571, 1440, 6251, 147.59, 150.00
1762621591,0, NVIDIA A10, GPU-359b21ab-3dbf-5646-ba1f-a513e3866c50, 8.6, 570.148.08, 69, 89, 89, 23028, 21029, 1571, 1530, 6251, 148.44, 150.00
1762621592,0, NVIDIA A10, GPU-359b21ab-3dbf-5646-ba1f-a513e3866c50, 8.6, 570.148.08, 69, 90, 90, 23028, 21029, 1571, 1500, 6251, 146.96, 150.00
1762621594,0, NVIDIA A10, GPU-359b21ab-3dbf-5646-ba1f-a513e3866c50, 8.6, 570.148.08, 69, 89, 90, 23028, 21029, 1571, 1545, 6251, 148.94, 150.00
1762621595,0, NVIDIA A10, GPU-359b21ab-3dbf-5646-ba1f-a513e3866c50, 8.6, 570.148.08, 69, 89, 89, 23028, 21029, 1571, 1530, 6251, 148.12, 150.00
1762621596,0, NVIDIA A10, GPU-359b21ab-3dbf-5646-ba1f-a513e3866c50, 8.6, 570.148.08, 69, 89, 90, 23028, 21029, 1571, 1515, 6251, 146.49, 150.00
1762621597,0, NVIDIA A10, GPU-359b21ab-3dbf-5646-ba1f-a513e3866c50, 8.6, 570.148.08, 70, 88, 89, 23028, 21029, 1571, 1515, 6251, 149.83, 150.00
1762621598,0, NVIDIA A10, GPU-359b21ab-3dbf-5646-ba1f-a513e3866c50, 8.6, 570.148.08, 70, 90, 90, 23028, 21029, 1571, 1515, 6251, 151.57, 150.00
1762621599,0, NVIDIA A10, GPU-359b21ab-3dbf-5646-ba1f-a513e3866c50, 8.6, 570.148.08, 70, 89, 89, 23028, 21029, 1571, 1530, 6251, 153.34, 150.00
1762621600,0, NVIDIA A10, GPU-359b21ab-3dbf-5646-ba1f-a513e3866c50, 8.6, 570.148.08, 70, 89, 89, 23028, 21029, 1571, 1515, 6251, 148.39, 150.00
1762621601,0, NVIDIA A10, GPU-359b21ab-3dbf-5646-ba1f-a513e3866c50, 8.6, 570.148.08, 70, 87, 87, 23028, 21029, 1571, 1515, 6251, 149.61, 150.00
1762621602,0, NVIDIA A10, GPU-359b21ab-3dbf-5646-ba1f-a513e3866c50, 8.6, 570.148.08, 70, 87, 88, 23028, 21029, 1571, 1530, 6251, 148.52, 150.00
1762621603,0, NVIDIA A10, GPU-359b21ab-3dbf-5646-ba1f-a513e3866c50, 8.6, 570.148.08, 70, 91, 90, 23028, 21029, 1571, 1515, 6251, 149.33, 150.00
1762621604,0, NVIDIA A10, GPU-359b21ab-3dbf-5646-ba1f-a513e3866c50, 8.6, 570.148.08, 70, 91, 91, 23028, 21029, 1571, 1500, 6251, 147.97, 150.00
1762621605,0, NVIDIA A10, GPU-359b21ab-3dbf-5646-ba1f-a513e3866c50, 8.6, 570.148.08, 70, 91, 90, 23028, 21029, 1571, 1455, 6251, 149.00, 150.00
1762621606,0, NVIDIA A10, GPU-359b21ab-3dbf-5646-ba1f-a513e3866c50, 8.6, 570.148.08, 71, 89, 89, 23028, 21029, 1571, 1515, 6251, 152.20, 150.00
1762621607,0, NVIDIA A10, GPU-359b21ab-3dbf-5646-ba1f-a513e3866c50, 8.6, 570.148.08, 70, 90, 90, 23028, 21029, 1571, 1500, 6251, 147.66, 150.00
1762621608,0, NVIDIA A10, GPU-359b21ab-3dbf-5646-ba1f-a513e3866c50, 8.6, 570.148.08, 71, 85, 85, 23028, 21029, 1571, 1545, 6251, 154.57, 150.00
1762621609,0, NVIDIA A10, GPU-359b21ab-3dbf-5646-ba1f-a513e3866c50, 8.6, 570.148.08, 71, 91, 91, 23028, 21029, 1571, 1500, 6251, 147.48, 150.00
1762621610,0, NVIDIA A10, GPU-359b21ab-3dbf-5646-ba1f-a513e3866c50, 8.6, 570.148.08, 71, 93, 92, 23028, 21029, 1571, 1455, 6251, 149.74, 150.00
1762621611,0, NVIDIA A10, GPU-359b21ab-3dbf-5646-ba1f-a513e3866c50, 8.6, 570.148.08, 71, 91, 90, 23028, 21029, 1571, 1515, 6251, 146.65, 150.00
1762621612,0, NVIDIA A10, GPU-359b21ab-3dbf-5646-ba1f-a513e3866c50, 8.6, 570.148.08, 71, 91, 91, 23028, 21029, 1571, 1485, 6251, 150.57, 150.00
1762621613,0, NVIDIA A10, GPU-359b21ab-3dbf-5646-ba1f-a513e3866c50, 8.6, 570.148.08, 71, 92, 93, 23028, 21029, 1571, 1485, 6251, 150.15, 150.00
1762621614,0, NVIDIA A10, GPU-359b21ab-3dbf-5646-ba1f-a513e3866c50, 8.6, 570.148.08, 71, 92, 92, 23028, 21029, 1571, 1500, 6251, 152.34, 150.00
1762621615,0, NVIDIA A10, GPU-359b21ab-3dbf-5646-ba1f-a513e3866c50, 8.6, 570.148.08, 71, 93, 92, 23028, 21029, 1571, 1470, 6251, 150.06, 150.00
1762621616,0, NVIDIA A10, GPU-359b21ab-3dbf-5646-ba1f-a513e3866c50, 8.6, 570.148.08, 71, 93, 92, 23028, 21029, 1571, 1140, 6251, 151.93, 150.00
1762621617,0, NVIDIA A10, GPU-359b21ab-3dbf-5646-ba1f-a513e3866c50, 8.6, 570.148.08, 72, 95, 73, 23028, 21029, 1571, 1125, 6251, 148.18, 150.00
1762621618,0, NVIDIA A10, GPU-359b21ab-3dbf-5646-ba1f-a513e3866c50, 8.6, 570.148.08, 71, 91, 90, 23028, 21029, 1571, 1440, 6251, 146.73, 150.00
1762621619,0, NVIDIA A10, GPU-359b21ab-3dbf-5646-ba1f-a513e3866c50, 8.6, 570.148.08, 71, 91, 85, 23028, 21029, 1571, 1485, 6251, 153.40, 150.00
1762621620,0, NVIDIA A10, GPU-359b21ab-3dbf-5646-ba1f-a513e3866c50, 8.6, 570.148.08, 71, 91, 89, 23028, 21029, 1571, 1485, 6251, 149.10, 150.00
1762621621,0, NVIDIA A10, GPU-359b21ab-3dbf-5646-ba1f-a513e3866c50, 8.6, 570.148.08, 71, 92, 93, 23028, 21029, 1571, 1425, 6251, 153.12, 150.00
1762621622,0, NVIDIA A10, GPU-359b21ab-3dbf-5646-ba1f-a513e3866c50, 8.6, 570.148.08, 71, 100, 44, 23028, 21029, 1571, 1200, 6251, 149.34, 150.00
1762621623,0, NVIDIA A10, GPU-359b21ab-3dbf-5646-ba1f-a513e3866c50, 8.6, 570.148.08, 71, 97, 46, 23028, 21029, 1571, 1470, 6251, 148.55, 150.00
1762621624,0, NVIDIA A10, GPU-359b21ab-3dbf-5646-ba1f-a513e3866c50, 8.6, 570.148.08, 71, 89, 87, 23028, 21029, 1571, 1455, 6251, 149.81, 150.00
1762621626,0, NVIDIA A10, GPU-359b21ab-3dbf-5646-ba1f-a513e3866c50, 8.6, 570.148.08, 72, 90, 90, 23028, 21029, 1571, 1455, 6251, 147.50, 150.00
1762621627,0, NVIDIA A10, GPU-359b21ab-3dbf-5646-ba1f-a513e3866c50, 8.6, 570.148.08, 72, 89, 89, 23028, 21029, 1571, 1500, 6251, 148.10, 150.00
1762621628,0, NVIDIA A10, GPU-359b21ab-3dbf-5646-ba1f-a513e3866c50, 8.6, 570.148.08, 72, 84, 85, 23028, 21029, 1571, 1545, 6251, 147.84, 150.00
1762621629,0, NVIDIA A10, GPU-359b21ab-3dbf-5646-ba1f-a513e3866c50, 8.6, 570.148.08, 72, 91, 91, 23028, 21029, 1571, 1500, 6251, 147.55, 150.00
1762621630,0, NVIDIA A10, GPU-359b21ab-3dbf-5646-ba1f-a513e3866c50, 8.6, 570.148.08, 72, 92, 91, 23028, 21029, 1571, 1425, 6251, 150.07, 150.00
1762621631,0, NVIDIA A10, GPU-359b21ab-3dbf-5646-ba1f-a513e3866c50, 8.6, 570.148.08, 72, 91, 90, 23028, 21029, 1571, 1470, 6251, 148.90, 150.00
1762621632,0, NVIDIA A10, GPU-359b21ab-3dbf-5646-ba1f-a513e3866c50, 8.6, 570.148.08, 72, 91, 91, 23028, 21029, 1571, 1470, 6251, 147.71, 150.00
1762621633,0, NVIDIA A10, GPU-359b21ab-3dbf-5646-ba1f-a513e3866c50, 8.6, 570.148.08, 72, 93, 91, 23028, 21029, 1571, 1425, 6251, 149.88, 150.00
1762621634,0, NVIDIA A10, GPU-359b21ab-3dbf-5646-ba1f-a513e3866c50, 8.6, 570.148.08, 72, 91, 90, 23028, 21029, 1571, 1485, 6251, 148.66, 150.00
1762621635,0, NVIDIA A10, GPU-359b21ab-3dbf-5646-ba1f-a513e3866c50, 8.6, 570.148.08, 72, 92, 91, 23028, 21029, 1571, 1500, 6251, 148.95, 150.00
1762621636,0, NVIDIA A10, GPU-359b21ab-3dbf-5646-ba1f-a513e3866c50, 8.6, 570.148.08, 72, 91, 91, 23028, 21029, 1571, 1485, 6251, 147.54, 150.00
1762621637,0, NVIDIA A10, GPU-359b21ab-3dbf-5646-ba1f-a513e3866c50, 8.6, 570.148.08, 72, 91, 89, 23028, 21029, 1571, 1485, 6251, 150.10, 150.00
1762621638,0, NVIDIA A10, GPU-359b21ab-3dbf-5646-ba1f-a513e3866c50, 8.6, 570.148.08, 72, 91, 86, 23028, 21029, 1571, 1485, 6251, 152.63, 150.00
1762621639,0, NVIDIA A10, GPU-359b21ab-3dbf-5646-ba1f-a513e3866c50, 8.6, 570.148.08, 72, 86, 85, 23028, 21029, 1571, 1485, 6251, 149.20, 150.00
1762621640,0, NVIDIA A10, GPU-359b21ab-3dbf-5646-ba1f-a513e3866c50, 8.6, 570.148.08, 72, 87, 86, 23028, 21029, 1571, 1515, 6251, 147.27, 150.00
1762621641,0, NVIDIA A10, GPU-359b21ab-3dbf-5646-ba1f-a513e3866c50, 8.6, 570.148.08, 72, 88, 88, 23028, 21029, 1571, 1500, 6251, 148.35, 150.00
1762621642,0, NVIDIA A10, GPU-359b21ab-3dbf-5646-ba1f-a513e3866c50, 8.6, 570.148.08, 72, 91, 91, 23028, 21029, 1571, 1470, 6251, 149.97, 150.00
1762621643,0, NVIDIA A10, GPU-359b21ab-3dbf-5646-ba1f-a513e3866c50, 8.6, 570.148.08, 72, 90, 90, 23028, 21029, 1571, 1515, 6251, 148.07, 150.00
1762621644,0, NVIDIA A10, GPU-359b21ab-3dbf-5646-ba1f-a513e3866c50, 8.6, 570.148.08, 73, 91, 90, 23028, 21029, 1571, 1485, 6251, 148.39, 150.00
1762621645,0, NVIDIA A10, GPU-359b21ab-3dbf-5646-ba1f-a513e3866c50, 8.6, 570.148.08, 73, 92, 93, 23028, 21029, 1571, 1485, 6251, 149.98, 150.00
1762621646,0, NVIDIA A10, GPU-359b21ab-3dbf-5646-ba1f-a513e3866c50, 8.6, 570.148.08, 73, 88, 89, 23028, 21029, 1571, 1500, 6251, 150.67, 150.00
1762621647,0, NVIDIA A10, GPU-359b21ab-3dbf-5646-ba1f-a513e3866c50, 8.6, 570.148.08, 73, 92, 92, 23028, 21029, 1571, 1470, 6251, 148.93, 150.00
1762621648,0, NVIDIA A10, GPU-359b21ab-3dbf-5646-ba1f-a513e3866c50, 8.6, 570.148.08, 73, 87, 86, 23028, 21029, 1571, 1245, 6251, 149.50, 150.00
1762621649,0, NVIDIA A10, GPU-359b21ab-3dbf-5646-ba1f-a513e3866c50, 8.6, 570.148.08, 73, 92, 92, 23028, 21029, 1571, 1440, 6251, 148.69, 150.00
1762621650,0, NVIDIA A10, GPU-359b21ab-3dbf-5646-ba1f-a513e3866c50, 8.6, 570.148.08, 73, 97, 50, 23028, 21029, 1571, 1095, 6251, 148.80, 150.00
1762621651,0, NVIDIA A10, GPU-359b21ab-3dbf-5646-ba1f-a513e3866c50, 8.6, 570.148.08, 73, 90, 89, 23028, 21029, 1571, 1395, 6251, 147.57, 150.00
1762621652,0, NVIDIA A10, GPU-359b21ab-3dbf-5646-ba1f-a513e3866c50, 8.6, 570.148.08, 73, 91, 78, 23028, 21029, 1571, 1470, 6251, 147.50, 150.00
1762621653,0, NVIDIA A10, GPU-359b21ab-3dbf-5646-ba1f-a513e3866c50, 8.6, 570.148.08, 73, 92, 92, 23028, 21029, 1571, 1455, 6251, 150.55, 150.00
1762621654,0, NVIDIA A10, GPU-359b21ab-3dbf-5646-ba1f-a513e3866c50, 8.6, 570.148.08, 73, 89, 89, 23028, 21029, 1571, 1470, 6251, 147.61, 150.00
1762621655,0, NVIDIA A10, GPU-359b21ab-3dbf-5646-ba1f-a513e3866c50, 8.6, 570.148.08, 73, 91, 90, 23028, 21029, 1571, 1410, 6251, 149.56, 150.00
1762621656,0, NVIDIA A10, GPU-359b21ab-3dbf-5646-ba1f-a513e3866c50, 8.6, 570.148.08, 73, 91, 91, 23028, 21029, 1571, 1455, 6251, 148.20, 150.00
1762621657,0, NVIDIA A10, GPU-359b21ab-3dbf-5646-ba1f-a513e3866c50, 8.6, 570.148.08, 73, 90, 90, 23028, 21029, 1571, 1500, 6251, 151.58, 150.00
1762621659,0, NVIDIA A10, GPU-359b21ab-3dbf-5646-ba1f-a513e3866c50, 8.6, 570.148.08, 73, 92, 90, 23028, 21029, 1571, 1455, 6251, 149.67, 150.00
1762621660,0, NVIDIA A10, GPU-359b21ab-3dbf-5646-ba1f-a513e3866c50, 8.6, 570.148.08, 73, 87, 88, 23028, 21029, 1571, 1500, 6251, 148.23, 150.00
1762621661,0, NVIDIA A10, GPU-359b21ab-3dbf-5646-ba1f-a513e3866c50, 8.6, 570.148.08, 73, 87, 88, 23028, 21029, 1571, 1485, 6251, 150.38, 150.00
1762621662,0, NVIDIA A10, GPU-359b21ab-3dbf-5646-ba1f-a513e3866c50, 8.6, 570.148.08, 73, 88, 88, 23028, 21029, 1571, 1485, 6251, 148.30, 150.00
1762621663,0, NVIDIA A10, GPU-359b21ab-3dbf-5646-ba1f-a513e3866c50, 8.6, 570.148.08, 74, 100, 46, 23028, 21029, 1571, 1125, 6251, 146.49, 150.00
1762621664,0, NVIDIA A10, GPU-359b21ab-3dbf-5646-ba1f-a513e3866c50, 8.6, 570.148.08, 73, 97, 49, 23028, 21029, 1571, 1320, 6251, 150.17, 150.00
1762621665,0, NVIDIA A10, GPU-359b21ab-3dbf-5646-ba1f-a513e3866c50, 8.6, 570.148.08, 73, 88, 87, 23028, 21029, 1571, 1470, 6251, 147.62, 150.00
1762621666,0, NVIDIA A10, GPU-359b21ab-3dbf-5646-ba1f-a513e3866c50, 8.6, 570.148.08, 73, 86, 86, 23028, 21029, 1571, 1500, 6251, 147.43, 150.00
1762621667,0, NVIDIA A10, GPU-359b21ab-3dbf-5646-ba1f-a513e3866c50, 8.6, 570.148.08, 74, 88, 88, 23028, 21029, 1571, 1485, 6251, 147.68, 150.00
1762621668,0, NVIDIA A10, GPU-359b21ab-3dbf-5646-ba1f-a513e3866c50, 8.6, 570.148.08, 74, 89, 88, 23028, 21029, 1571, 1440, 6251, 151.39, 150.00
1762621669,0, NVIDIA A10, GPU-359b21ab-3dbf-5646-ba1f-a513e3866c50, 8.6, 570.148.08, 73, 89, 89, 23028, 21029, 1571, 1485, 6251, 149.11, 150.00
1762621670,0, NVIDIA A10, GPU-359b21ab-3dbf-5646-ba1f-a513e3866c50, 8.6, 570.148.08, 73, 87, 87, 23028, 21029, 1571, 1470, 6251, 148.61, 150.00
1762621671,0, NVIDIA A10, GPU-359b21ab-3dbf-5646-ba1f-a513e3866c50, 8.6, 570.148.08, 74, 88, 88, 23028, 21029, 1571, 1470, 6251, 153.31, 150.00
1762621672,0, NVIDIA A10, GPU-359b21ab-3dbf-5646-ba1f-a513e3866c50, 8.6, 570.148.08, 74, 90, 90, 23028, 21029, 1571, 1470, 6251, 147.89, 150.00
1762621673,0, NVIDIA A10, GPU-359b21ab-3dbf-5646-ba1f-a513e3866c50, 8.6, 570.148.08, 74, 89, 89, 23028, 21029, 1571, 1485, 6251, 150.47, 150.00
1762621674,0, NVIDIA A10, GPU-359b21ab-3dbf-5646-ba1f-a513e3866c50, 8.6, 570.148.08, 74, 90, 87, 23028, 21029, 1571, 1485, 6251, 153.56, 150.00
1762621675,0, NVIDIA A10, GPU-359b21ab-3dbf-5646-ba1f-a513e3866c50, 8.6, 570.148.08, 74, 95, 60, 23028, 21029, 1571, 1260, 6251, 147.48, 150.00
1762621676,0, NVIDIA A10, GPU-359b21ab-3dbf-5646-ba1f-a513e3866c50, 8.6, 570.148.08, 73, 90, 88, 23028, 21029, 1571, 1455, 6251, 145.93, 150.00
1762621677,0, NVIDIA A10, GPU-359b21ab-3dbf-5646-ba1f-a513e3866c50, 8.6, 570.148.08, 74, 91, 90, 23028, 21029, 1571, 1440, 6251, 150.36, 150.00
1762621678,0, NVIDIA A10, GPU-359b21ab-3dbf-5646-ba1f-a513e3866c50, 8.6, 570.148.08, 74, 92, 90, 23028, 21029, 1571, 1440, 6251, 148.34, 150.00
1762621679,0, NVIDIA A10, GPU-359b21ab-3dbf-5646-ba1f-a513e3866c50, 8.6, 570.148.08, 74, 91, 90, 23028, 21029, 1571, 1485, 6251, 152.22, 150.00
1762621680,0, NVIDIA A10, GPU-359b21ab-3dbf-5646-ba1f-a513e3866c50, 8.6, 570.148.08, 74, 92, 91, 23028, 21029, 1571, 1440, 6251, 149.60, 150.00
1762621681,0, NVIDIA A10, GPU-359b21ab-3dbf-5646-ba1f-a513e3866c50, 8.6, 570.148.08, 74, 88, 88, 23028, 21029, 1571, 1500, 6251, 148.54, 150.00
1762621682,0, NVIDIA A10, GPU-359b21ab-3dbf-5646-ba1f-a513e3866c50, 8.6, 570.148.08, 74, 90, 90, 23028, 21029, 1571, 1500, 6251, 147.11, 150.00
1762621683,0, NVIDIA A10, GPU-359b21ab-3dbf-5646-ba1f-a513e3866c50, 8.6, 570.148.08, 74, 92, 91, 23028, 21029, 1571, 1425, 6251, 153.16, 150.00
1762621684,0, NVIDIA A10, GPU-359b21ab-3dbf-5646-ba1f-a513e3866c50, 8.6, 570.148.08, 74, 96, 62, 23028, 21029, 1571, 960, 6251, 152.11, 150.00
1762621685,0, NVIDIA A10, GPU-359b21ab-3dbf-5646-ba1f-a513e3866c50, 8.6, 570.148.08, 74, 86, 85, 23028, 21029, 1571, 1410, 6251, 148.04, 150.00
1762621686,0, NVIDIA A10, GPU-359b21ab-3dbf-5646-ba1f-a513e3866c50, 8.6, 570.148.08, 74, 100, 42, 23028, 21029, 1571, 1395, 6251, 152.05, 150.00
1762621687,0, NVIDIA A10, GPU-359b21ab-3dbf-5646-ba1f-a513e3866c50, 8.6, 570.148.08, 74, 96, 50, 23028, 21029, 1571, 1125, 6251, 147.66, 150.00
1762621688,0, NVIDIA A10, GPU-359b21ab-3dbf-5646-ba1f-a513e3866c50, 8.6, 570.148.08, 74, 96, 54, 23028, 21029, 1571, 1365, 6251, 144.40, 150.00
1762621690,0, NVIDIA A10, GPU-359b21ab-3dbf-5646-ba1f-a513e3866c50, 8.6, 570.148.08, 74, 100, 41, 23028, 21029, 1571, 1320, 6251, 145.90, 150.00
1762621691,0, NVIDIA A10, GPU-359b21ab-3dbf-5646-ba1f-a513e3866c50, 8.6, 570.148.08, 74, 96, 53, 23028, 21029, 1571, 1290, 6251, 145.72, 150.00
1762621692,0, NVIDIA A10, GPU-359b21ab-3dbf-5646-ba1f-a513e3866c50, 8.6, 570.148.08, 74, 89, 87, 23028, 21029, 1571, 1425, 6251, 146.10, 150.00
1762621693,0, NVIDIA A10, GPU-359b21ab-3dbf-5646-ba1f-a513e3866c50, 8.6, 570.148.08, 74, 87, 86, 23028, 21029, 1571, 1080, 6251, 147.62, 150.00
1762621694,0, NVIDIA A10, GPU-359b21ab-3dbf-5646-ba1f-a513e3866c50, 8.6, 570.148.08, 74, 91, 90, 23028, 21029, 1571, 1335, 6251, 147.76, 150.00
1762621695,0, NVIDIA A10, GPU-359b21ab-3dbf-5646-ba1f-a513e3866c50, 8.6, 570.148.08, 74, 99, 42, 23028, 21029, 1571, 1200, 6251, 152.37, 150.00
1762621696,0, NVIDIA A10, GPU-359b21ab-3dbf-5646-ba1f-a513e3866c50, 8.6, 570.148.08, 74, 90, 89, 23028, 21029, 1571, 1425, 6251, 148.31, 150.00
1762621697,0, NVIDIA A10, GPU-359b21ab-3dbf-5646-ba1f-a513e3866c50, 8.6, 570.148.08, 72, 0, 0, 23028, 21029, 1571, 1680, 6251, 136.18, 150.00
1762621698,0, NVIDIA A10, GPU-359b21ab-3dbf-5646-ba1f-a513e3866c50, 8.6, 570.148.08, 71, 0, 0, 23028, 21029, 1571, 1695, 6251, 84.60, 150.00
1762621699,0, NVIDIA A10, GPU-359b21ab-3dbf-5646-ba1f-a513e3866c50, 8.6, 570.148.08, 71, 100, 10, 23028, 3, 22596, 1695, 6251, 82.51, 150.00
1762621700,0, NVIDIA A10, GPU-359b21ab-3dbf-5646-ba1f-a513e3866c50, 8.6, 570.148.08, 70, 0, 0, 23028, 3, 22596, 1695, 6251, 78.42, 150.00
