ts_unix,index,name,uuid,compute_cap,driver_version,temperature.gpu,utilization.gpu,utilization.memory,memory.total,memory.used,memory.free,clocks.sm,clocks.mem,power.draw,power.limit
1762617025,0, NVIDIA A10, GPU-359b21ab-3dbf-5646-ba1f-a513e3866c50, 8.6, 570.148.08, 32, 0, 0, 23028, 0, 22599, 210, 6251, 17.49, 150.00
1762617026,0, NVIDIA A10, GPU-359b21ab-3dbf-5646-ba1f-a513e3866c50, 8.6, 570.148.08, 33, 0, 0, 23028, 0, 22599, 225, 6251, 27.54, 150.00
1762617027,0, NVIDIA A10, GPU-359b21ab-3dbf-5646-ba1f-a513e3866c50, 8.6, 570.148.08, 33, 0, 0, 23028, 0, 22599, 210, 405, 27.52, 150.00
1762617028,0, NVIDIA A10, GPU-359b21ab-3dbf-5646-ba1f-a513e3866c50, 8.6, 570.148.08, 32, 0, 0, 23028, 0, 22599, 210, 405, 15.71, 150.00
1762617029,0, NVIDIA A10, GPU-359b21ab-3dbf-5646-ba1f-a513e3866c50, 8.6, 570.148.08, 32, 0, 0, 23028, 0, 22599, 210, 405, 15.72, 150.00
1762617030,0, NVIDIA A10, GPU-359b21ab-3dbf-5646-ba1f-a513e3866c50, 8.6, 570.148.08, 32, 0, 0, 23028, 0, 22599, 210, 405, 15.67, 150.00
1762617031,0, NVIDIA A10, GPU-359b21ab-3dbf-5646-ba1f-a513e3866c50, 8.6, 570.148.08, 32, 0, 0, 23028, 0, 22599, 210, 405, 15.67, 150.00
1762617032,0, NVIDIA A10, GPU-359b21ab-3dbf-5646-ba1f-a513e3866c50, 8.6, 570.148.08, 32, 0, 0, 23028, 0, 22599, 210, 405, 15.67, 150.00
1762617033,0, NVIDIA A10, GPU-359b21ab-3dbf-5646-ba1f-a513e3866c50, 8.6, 570.148.08, 32, 0, 0, 23028, 0, 22599, 210, 405, 15.66, 150.00
1762617034,0, NVIDIA A10, GPU-359b21ab-3dbf-5646-ba1f-a513e3866c50, 8.6, 570.148.08, 32, 0, 0, 23028, 0, 22599, 210, 405, 15.66, 150.00
1762617035,0, NVIDIA A10, GPU-359b21ab-3dbf-5646-ba1f-a513e3866c50, 8.6, 570.148.08, 32, 0, 0, 23028, 0, 22599, 210, 405, 15.66, 150.00
1762617036,0, NVIDIA A10, GPU-359b21ab-3dbf-5646-ba1f-a513e3866c50, 8.6, 570.148.08, 32, 0, 0, 23028, 0, 22599, 210, 405, 15.66, 150.00
1762617037,0, NVIDIA A10, GPU-359b21ab-3dbf-5646-ba1f-a513e3866c50, 8.6, 570.148.08, 32, 0, 0, 23028, 0, 22599, 210, 405, 15.66, 150.00
1762617038,0, NVIDIA A10, GPU-359b21ab-3dbf-5646-ba1f-a513e3866c50, 8.6, 570.148.08, 32, 0, 0, 23028, 0, 22599, 210, 405, 15.71, 150.00
1762617039,0, NVIDIA A10, GPU-359b21ab-3dbf-5646-ba1f-a513e3866c50, 8.6, 570.148.08, 33, 2, 0, 23028, 347, 22253, 1695, 6251, 25.76, 150.00
1762617040,0, NVIDIA A10, GPU-359b21ab-3dbf-5646-ba1f-a513e3866c50, 8.6, 570.148.08, 34, 32, 2, 23028, 3227, 19373, 1695, 6251, 55.14, 150.00
1762617041,0, NVIDIA A10, GPU-359b21ab-3dbf-5646-ba1f-a513e3866c50, 8.6, 570.148.08, 34, 0, 0, 23028, 2725, 19875, 1695, 6251, 55.46, 150.00
1762617042,0, NVIDIA A10, GPU-359b21ab-3dbf-5646-ba1f-a513e3866c50, 8.6, 570.148.08, 34, 0, 0, 23028, 2725, 19875, 1695, 6251, 54.84, 150.00
1762617043,0, NVIDIA A10, GPU-359b21ab-3dbf-5646-ba1f-a513e3866c50, 8.6, 570.148.08, 35, 0, 0, 23028, 2725, 19875, 1695, 6251, 54.61, 150.00
1762617044,0, NVIDIA A10, GPU-359b21ab-3dbf-5646-ba1f-a513e3866c50, 8.6, 570.148.08, 35, 0, 0, 23028, 2725, 19875, 1695, 6251, 54.97, 150.00
1762617045,0, NVIDIA A10, GPU-359b21ab-3dbf-5646-ba1f-a513e3866c50, 8.6, 570.148.08, 38, 100, 50, 23028, 3417, 19183, 1215, 6251, 73.93, 150.00
1762617046,0, NVIDIA A10, GPU-359b21ab-3dbf-5646-ba1f-a513e3866c50, 8.6, 570.148.08, 37, 14, 10, 23028, 19533, 3067, 1515, 6251, 80.23, 150.00
1762617047,0, NVIDIA A10, GPU-359b21ab-3dbf-5646-ba1f-a513e3866c50, 8.6, 570.148.08, 39, 40, 39, 23028, 19719, 2881, 1680, 6251, 134.32, 150.00
1762617048,0, NVIDIA A10, GPU-359b21ab-3dbf-5646-ba1f-a513e3866c50, 8.6, 570.148.08, 38, 31, 34, 23028, 21037, 1563, 1680, 6251, 98.20, 150.00
1762617049,0, NVIDIA A10, GPU-359b21ab-3dbf-5646-ba1f-a513e3866c50, 8.6, 570.148.08, 39, 61, 50, 23028, 21037, 1563, 1620, 6251, 63.86, 150.00
1762617050,0, NVIDIA A10, GPU-359b21ab-3dbf-5646-ba1f-a513e3866c50, 8.6, 570.148.08, 41, 93, 92, 23028, 21037, 1563, 1620, 6251, 147.75, 150.00
1762617051,0, NVIDIA A10, GPU-359b21ab-3dbf-5646-ba1f-a513e3866c50, 8.6, 570.148.08, 42, 93, 93, 23028, 21037, 1563, 1635, 6251, 147.68, 150.00
1762617052,0, NVIDIA A10, GPU-359b21ab-3dbf-5646-ba1f-a513e3866c50, 8.6, 570.148.08, 43, 92, 93, 23028, 21037, 1563, 1620, 6251, 148.87, 150.00
1762617053,0, NVIDIA A10, GPU-359b21ab-3dbf-5646-ba1f-a513e3866c50, 8.6, 570.148.08, 44, 92, 93, 23028, 21037, 1563, 1620, 6251, 148.40, 150.00
1762617055,0, NVIDIA A10, GPU-359b21ab-3dbf-5646-ba1f-a513e3866c50, 8.6, 570.148.08, 45, 92, 93, 23028, 21037, 1563, 1605, 6251, 153.96, 150.00
1762617056,0, NVIDIA A10, GPU-359b21ab-3dbf-5646-ba1f-a513e3866c50, 8.6, 570.148.08, 46, 92, 82, 23028, 21037, 1563, 1425, 6251, 154.38, 150.00
1762617057,0, NVIDIA A10, GPU-359b21ab-3dbf-5646-ba1f-a513e3866c50, 8.6, 570.148.08, 46, 93, 91, 23028, 21037, 1563, 1620, 6251, 148.32, 150.00
1762617058,0, NVIDIA A10, GPU-359b21ab-3dbf-5646-ba1f-a513e3866c50, 8.6, 570.148.08, 47, 92, 93, 23028, 21037, 1563, 1620, 6251, 149.07, 150.00
1762617059,0, NVIDIA A10, GPU-359b21ab-3dbf-5646-ba1f-a513e3866c50, 8.6, 570.148.08, 47, 92, 93, 23028, 21037, 1563, 1590, 6251, 148.49, 150.00
1762617060,0, NVIDIA A10, GPU-359b21ab-3dbf-5646-ba1f-a513e3866c50, 8.6, 570.148.08, 48, 93, 93, 23028, 21037, 1563, 1605, 6251, 147.09, 150.00
1762617061,0, NVIDIA A10, GPU-359b21ab-3dbf-5646-ba1f-a513e3866c50, 8.6, 570.148.08, 48, 92, 93, 23028, 21037, 1563, 1605, 6251, 149.52, 150.00
1762617062,0, NVIDIA A10, GPU-359b21ab-3dbf-5646-ba1f-a513e3866c50, 8.6, 570.148.08, 49, 92, 85, 23028, 21037, 1563, 1635, 6251, 156.36, 150.00
1762617063,0, NVIDIA A10, GPU-359b21ab-3dbf-5646-ba1f-a513e3866c50, 8.6, 570.148.08, 49, 92, 90, 23028, 21037, 1563, 1590, 6251, 157.40, 150.00
1762617064,0, NVIDIA A10, GPU-359b21ab-3dbf-5646-ba1f-a513e3866c50, 8.6, 570.148.08, 50, 92, 93, 23028, 21037, 1563, 1575, 6251, 150.60, 150.00
1762617065,0, NVIDIA A10, GPU-359b21ab-3dbf-5646-ba1f-a513e3866c50, 8.6, 570.148.08, 50, 92, 93, 23028, 21037, 1563, 1590, 6251, 151.01, 150.00
1762617066,0, NVIDIA A10, GPU-359b21ab-3dbf-5646-ba1f-a513e3866c50, 8.6, 570.148.08, 51, 93, 93, 23028, 21037, 1563, 1590, 6251, 148.40, 150.00
1762617067,0, NVIDIA A10, GPU-359b21ab-3dbf-5646-ba1f-a513e3866c50, 8.6, 570.148.08, 51, 92, 93, 23028, 21037, 1563, 1590, 6251, 147.77, 150.00
1762617068,0, NVIDIA A10, GPU-359b21ab-3dbf-5646-ba1f-a513e3866c50, 8.6, 570.148.08, 52, 92, 93, 23028, 21037, 1563, 1575, 6251, 147.52, 150.00
1762617069,0, NVIDIA A10, GPU-359b21ab-3dbf-5646-ba1f-a513e3866c50, 8.6, 570.148.08, 52, 92, 80, 23028, 21037, 1563, 1500, 6251, 145.32, 150.00
1762617070,0, NVIDIA A10, GPU-359b21ab-3dbf-5646-ba1f-a513e3866c50, 8.6, 570.148.08, 52, 92, 92, 23028, 21037, 1563, 1575, 6251, 145.29, 150.00
1762617071,0, NVIDIA A10, GPU-359b21ab-3dbf-5646-ba1f-a513e3866c50, 8.6, 570.148.08, 53, 92, 93, 23028, 21037, 1563, 1560, 6251, 148.64, 150.00
1762617072,0, NVIDIA A10, GPU-359b21ab-3dbf-5646-ba1f-a513e3866c50, 8.6, 570.148.08, 53, 92, 93, 23028, 21037, 1563, 1590, 6251, 147.89, 150.00
1762617073,0, NVIDIA A10, GPU-359b21ab-3dbf-5646-ba1f-a513e3866c50, 8.6, 570.148.08, 54, 90, 91, 23028, 21037, 1563, 1620, 6251, 147.91, 150.00
1762617074,0, NVIDIA A10, GPU-359b21ab-3dbf-5646-ba1f-a513e3866c50, 8.6, 570.148.08, 54, 92, 93, 23028, 21037, 1563, 1605, 6251, 151.01, 150.00
1762617075,0, NVIDIA A10, GPU-359b21ab-3dbf-5646-ba1f-a513e3866c50, 8.6, 570.148.08, 54, 91, 91, 23028, 21037, 1563, 1605, 6251, 148.12, 150.00
1762617076,0, NVIDIA A10, GPU-359b21ab-3dbf-5646-ba1f-a513e3866c50, 8.6, 570.148.08, 54, 92, 76, 23028, 21037, 1563, 1560, 6251, 146.65, 150.00
1762617077,0, NVIDIA A10, GPU-359b21ab-3dbf-5646-ba1f-a513e3866c50, 8.6, 570.148.08, 55, 91, 91, 23028, 21037, 1563, 1620, 6251, 145.63, 150.00
1762617078,0, NVIDIA A10, GPU-359b21ab-3dbf-5646-ba1f-a513e3866c50, 8.6, 570.148.08, 55, 92, 93, 23028, 21037, 1563, 1605, 6251, 147.90, 150.00
1762617079,0, NVIDIA A10, GPU-359b21ab-3dbf-5646-ba1f-a513e3866c50, 8.6, 570.148.08, 56, 92, 93, 23028, 21037, 1563, 1605, 6251, 149.07, 150.00
1762617080,0, NVIDIA A10, GPU-359b21ab-3dbf-5646-ba1f-a513e3866c50, 8.6, 570.148.08, 56, 92, 93, 23028, 21037, 1563, 1605, 6251, 148.60, 150.00
1762617081,0, NVIDIA A10, GPU-359b21ab-3dbf-5646-ba1f-a513e3866c50, 8.6, 570.148.08, 56, 92, 93, 23028, 21037, 1563, 1590, 6251, 150.09, 150.00
1762617082,0, NVIDIA A10, GPU-359b21ab-3dbf-5646-ba1f-a513e3866c50, 8.6, 570.148.08, 57, 91, 85, 23028, 21037, 1563, 1230, 6251, 157.24, 150.00
1762617083,0, NVIDIA A10, GPU-359b21ab-3dbf-5646-ba1f-a513e3866c50, 8.6, 570.148.08, 56, 93, 79, 23028, 21037, 1563, 1590, 6251, 154.62, 150.00
1762617084,0, NVIDIA A10, GPU-359b21ab-3dbf-5646-ba1f-a513e3866c50, 8.6, 570.148.08, 57, 92, 93, 23028, 21037, 1563, 1575, 6251, 148.37, 150.00
1762617085,0, NVIDIA A10, GPU-359b21ab-3dbf-5646-ba1f-a513e3866c50, 8.6, 570.148.08, 57, 92, 93, 23028, 21037, 1563, 1590, 6251, 150.68, 150.00
1762617086,0, NVIDIA A10, GPU-359b21ab-3dbf-5646-ba1f-a513e3866c50, 8.6, 570.148.08, 58, 92, 92, 23028, 21037, 1563, 1560, 6251, 152.81, 150.00
1762617087,0, NVIDIA A10, GPU-359b21ab-3dbf-5646-ba1f-a513e3866c50, 8.6, 570.148.08, 58, 92, 92, 23028, 21037, 1563, 1590, 6251, 153.94, 150.00
1762617089,0, NVIDIA A10, GPU-359b21ab-3dbf-5646-ba1f-a513e3866c50, 8.6, 570.148.08, 58, 93, 93, 23028, 21037, 1563, 1560, 6251, 154.65, 150.00
1762617090,0, NVIDIA A10, GPU-359b21ab-3dbf-5646-ba1f-a513e3866c50, 8.6, 570.148.08, 58, 92, 82, 23028, 21037, 1563, 1440, 6251, 155.31, 150.00
1762617091,0, NVIDIA A10, GPU-359b21ab-3dbf-5646-ba1f-a513e3866c50, 8.6, 570.148.08, 59, 92, 90, 23028, 21037, 1563, 1575, 6251, 152.50, 150.00
1762617092,0, NVIDIA A10, GPU-359b21ab-3dbf-5646-ba1f-a513e3866c50, 8.6, 570.148.08, 59, 92, 93, 23028, 21037, 1563, 1560, 6251, 151.24, 150.00
1762617093,0, NVIDIA A10, GPU-359b21ab-3dbf-5646-ba1f-a513e3866c50, 8.6, 570.148.08, 59, 92, 92, 23028, 21037, 1563, 1590, 6251, 150.88, 150.00
1762617094,0, NVIDIA A10, GPU-359b21ab-3dbf-5646-ba1f-a513e3866c50, 8.6, 570.148.08, 59, 93, 93, 23028, 21037, 1563, 1560, 6251, 151.12, 150.00
1762617095,0, NVIDIA A10, GPU-359b21ab-3dbf-5646-ba1f-a513e3866c50, 8.6, 570.148.08, 57, 100, 10, 23028, 0, 22599, 1695, 6251, 92.27, 150.00
1762617096,0, NVIDIA A10, GPU-359b21ab-3dbf-5646-ba1f-a513e3866c50, 8.6, 570.148.08, 56, 0, 0, 23028, 0, 22599, 1695, 6251, 66.81, 150.00
1762617097,0, NVIDIA A10, GPU-359b21ab-3dbf-5646-ba1f-a513e3866c50, 8.6, 570.148.08, 56, 0, 0, 23028, 0, 22599, 1695, 6251, 65.99, 150.00
1762617098,0, NVIDIA A10, GPU-359b21ab-3dbf-5646-ba1f-a513e3866c50, 8.6, 570.148.08, 55, 0, 0, 23028, 0, 22599, 345, 6251, 46.94, 150.00
1762617099,0, NVIDIA A10, GPU-359b21ab-3dbf-5646-ba1f-a513e3866c50, 8.6, 570.148.08, 54, 0, 0, 23028, 0, 22599, 225, 6251, 44.63, 150.00
1762617100,0, NVIDIA A10, GPU-359b21ab-3dbf-5646-ba1f-a513e3866c50, 8.6, 570.148.08, 53, 0, 0, 23028, 0, 22599, 210, 6251, 44.50, 150.00
1762617101,0, NVIDIA A10, GPU-359b21ab-3dbf-5646-ba1f-a513e3866c50, 8.6, 570.148.08, 52, 0, 0, 23028, 0, 22599, 210, 6251, 44.27, 150.00
1762617102,0, NVIDIA A10, GPU-359b21ab-3dbf-5646-ba1f-a513e3866c50, 8.6, 570.148.08, 52, 0, 0, 23028, 0, 22599, 210, 6251, 44.13, 150.00
1762617103,0, NVIDIA A10, GPU-359b21ab-3dbf-5646-ba1f-a513e3866c50, 8.6, 570.148.08, 52, 0, 0, 23028, 0, 22599, 210, 405, 30.67, 150.00
1762617104,0, NVIDIA A10, GPU-359b21ab-3dbf-5646-ba1f-a513e3866c50, 8.6, 570.148.08, 51, 0, 0, 23028, 0, 22599, 210, 405, 17.15, 150.00
1762617105,0, NVIDIA A10, GPU-359b21ab-3dbf-5646-ba1f-a513e3866c50, 8.6, 570.148.08, 50, 0, 0, 23028, 0, 22599, 210, 405, 17.05, 150.00
1762617106,0, NVIDIA A10, GPU-359b21ab-3dbf-5646-ba1f-a513e3866c50, 8.6, 570.148.08, 50, 0, 0, 23028, 0, 22599, 210, 405, 16.96, 150.00
1762617107,0, NVIDIA A10, GPU-359b21ab-3dbf-5646-ba1f-a513e3866c50, 8.6, 570.148.08, 49, 0, 0, 23028, 0, 22599, 210, 405, 16.91, 150.00
1762617108,0, NVIDIA A10, GPU-359b21ab-3dbf-5646-ba1f-a513e3866c50, 8.6, 570.148.08, 49, 0, 0, 23028, 0, 22599, 210, 405, 16.91, 150.00
1762617109,0, NVIDIA A10, GPU-359b21ab-3dbf-5646-ba1f-a513e3866c50, 8.6, 570.148.08, 48, 0, 0, 23028, 3, 22596, 210, 405, 18.48, 150.00
1762617110,0, NVIDIA A10, GPU-359b21ab-3dbf-5646-ba1f-a513e3866c50, 8.6, 570.148.08, 50, 0, 0, 23028, 3227, 19373, 1695, 6251, 49.62, 150.00
1762617111,0, NVIDIA A10, GPU-359b21ab-3dbf-5646-ba1f-a513e3866c50, 8.6, 570.148.08, 50, 0, 0, 23028, 2725, 19875, 1695, 6251, 63.26, 150.00
1762617112,0, NVIDIA A10, GPU-359b21ab-3dbf-5646-ba1f-a513e3866c50, 8.6, 570.148.08, 50, 0, 0, 23028, 2725, 19875, 1695, 6251, 62.51, 150.00
1762617113,0, NVIDIA A10, GPU-359b21ab-3dbf-5646-ba1f-a513e3866c50, 8.6, 570.148.08, 50, 0, 0, 23028, 2725, 19875, 1695, 6251, 61.92, 150.00
1762617114,0, NVIDIA A10, GPU-359b21ab-3dbf-5646-ba1f-a513e3866c50, 8.6, 570.148.08, 50, 0, 0, 23028, 2725, 19875, 1695, 6251, 61.96, 150.00
1762617115,0, NVIDIA A10, GPU-359b21ab-3dbf-5646-ba1f-a513e3866c50, 8.6, 570.148.08, 50, 0, 0, 23028, 2725, 19875, 1695, 6251, 62.31, 150.00
1762617116,0, NVIDIA A10, GPU-359b21ab-3dbf-5646-ba1f-a513e3866c50, 8.6, 570.148.08, 51, 41, 4, 23028, 2741, 19859, 1695, 6251, 82.23, 150.00
1762617117,0, NVIDIA A10, GPU-359b21ab-3dbf-5646-ba1f-a513e3866c50, 8.6, 570.148.08, 54, 53, 43, 23028, 19637, 2963, 1650, 6251, 110.36, 150.00
1762617118,0, NVIDIA A10, GPU-359b21ab-3dbf-5646-ba1f-a513e3866c50, 8.6, 570.148.08, 54, 51, 39, 23028, 19803, 2797, 1680, 6251, 128.01, 150.00
1762617119,0, NVIDIA A10, GPU-359b21ab-3dbf-5646-ba1f-a513e3866c50, 8.6, 570.148.08, 52, 0, 0, 23028, 21037, 1563, 1695, 6251, 81.97, 150.00
1762617120,0, NVIDIA A10, GPU-359b21ab-3dbf-5646-ba1f-a513e3866c50, 8.6, 570.148.08, 54, 92, 92, 23028, 21037, 1563, 1605, 6251, 121.15, 150.00
1762617121,0, NVIDIA A10, GPU-359b21ab-3dbf-5646-ba1f-a513e3866c50, 8.6, 570.148.08, 55, 92, 92, 23028, 21037, 1563, 1590, 6251, 148.01, 150.00
1762617122,0, NVIDIA A10, GPU-359b21ab-3dbf-5646-ba1f-a513e3866c50, 8.6, 570.148.08, 56, 92, 92, 23028, 21037, 1563, 1590, 6251, 150.60, 150.00
1762617123,0, NVIDIA A10, GPU-359b21ab-3dbf-5646-ba1f-a513e3866c50, 8.6, 570.148.08, 56, 92, 93, 23028, 21037, 1563, 1590, 6251, 149.98, 150.00
1762617124,0, NVIDIA A10, GPU-359b21ab-3dbf-5646-ba1f-a513e3866c50, 8.6, 570.148.08, 57, 91, 91, 23028, 21037, 1563, 1605, 6251, 147.37, 150.00
1762617125,0, NVIDIA A10, GPU-359b21ab-3dbf-5646-ba1f-a513e3866c50, 8.6, 570.148.08, 57, 92, 92, 23028, 21037, 1563, 945, 6251, 152.44, 150.00
1762617126,0, NVIDIA A10, GPU-359b21ab-3dbf-5646-ba1f-a513e3866c50, 8.6, 570.148.08, 58, 90, 89, 23028, 21037, 1563, 1080, 6251, 144.07, 150.00
1762617128,0, NVIDIA A10, GPU-359b21ab-3dbf-5646-ba1f-a513e3866c50, 8.6, 570.148.08, 58, 96, 65, 23028, 21037, 1563, 1485, 6251, 146.26, 150.00
1762617129,0, NVIDIA A10, GPU-359b21ab-3dbf-5646-ba1f-a513e3866c50, 8.6, 570.148.08, 58, 93, 81, 23028, 21037, 1563, 1560, 6251, 146.43, 150.00
1762617130,0, NVIDIA A10, GPU-359b21ab-3dbf-5646-ba1f-a513e3866c50, 8.6, 570.148.08, 58, 92, 90, 23028, 21037, 1563, 1590, 6251, 148.08, 150.00
1762617131,0, NVIDIA A10, GPU-359b21ab-3dbf-5646-ba1f-a513e3866c50, 8.6, 570.148.08, 59, 92, 92, 23028, 21037, 1563, 1575, 6251, 153.05, 150.00
1762617132,0, NVIDIA A10, GPU-359b21ab-3dbf-5646-ba1f-a513e3866c50, 8.6, 570.148.08, 59, 92, 92, 23028, 21037, 1563, 1575, 6251, 149.30, 150.00
1762617133,0, NVIDIA A10, GPU-359b21ab-3dbf-5646-ba1f-a513e3866c50, 8.6, 570.148.08, 60, 92, 92, 23028, 21037, 1563, 1575, 6251, 148.12, 150.00
1762617134,0, NVIDIA A10, GPU-359b21ab-3dbf-5646-ba1f-a513e3866c50, 8.6, 570.148.08, 60, 92, 92, 23028, 21037, 1563, 1560, 6251, 151.53, 150.00
1762617135,0, NVIDIA A10, GPU-359b21ab-3dbf-5646-ba1f-a513e3866c50, 8.6, 570.148.08, 60, 92, 92, 23028, 21037, 1563, 1560, 6251, 149.33, 150.00
1762617136,0, NVIDIA A10, GPU-359b21ab-3dbf-5646-ba1f-a513e3866c50, 8.6, 570.148.08, 60, 92, 92, 23028, 21037, 1563, 1560, 6251, 147.86, 150.00
1762617137,0, NVIDIA A10, GPU-359b21ab-3dbf-5646-ba1f-a513e3866c50, 8.6, 570.148.08, 61, 92, 92, 23028, 21037, 1563, 1560, 6251, 151.10, 150.00
1762617138,0, NVIDIA A10, GPU-359b21ab-3dbf-5646-ba1f-a513e3866c50, 8.6, 570.148.08, 61, 92, 92, 23028, 21037, 1563, 1560, 6251, 149.00, 150.00
1762617139,0, NVIDIA A10, GPU-359b21ab-3dbf-5646-ba1f-a513e3866c50, 8.6, 570.148.08, 61, 92, 91, 23028, 21037, 1563, 1560, 6251, 148.64, 150.00
1762617140,0, NVIDIA A10, GPU-359b21ab-3dbf-5646-ba1f-a513e3866c50, 8.6, 570.148.08, 61, 92, 92, 23028, 21037, 1563, 1560, 6251, 151.59, 150.00
1762617141,0, NVIDIA A10, GPU-359b21ab-3dbf-5646-ba1f-a513e3866c50, 8.6, 570.148.08, 62, 92, 91, 23028, 21037, 1563, 1170, 6251, 149.26, 150.00
1762617142,0, NVIDIA A10, GPU-359b21ab-3dbf-5646-ba1f-a513e3866c50, 8.6, 570.148.08, 62, 91, 78, 23028, 21037, 1563, 1140, 6251, 150.82, 150.00
1762617143,0, NVIDIA A10, GPU-359b21ab-3dbf-5646-ba1f-a513e3866c50, 8.6, 570.148.08, 62, 95, 62, 23028, 21037, 1563, 1425, 6251, 146.41, 150.00
1762617144,0, NVIDIA A10, GPU-359b21ab-3dbf-5646-ba1f-a513e3866c50, 8.6, 570.148.08, 62, 92, 89, 23028, 21037, 1563, 1560, 6251, 146.04, 150.00
1762617145,0, NVIDIA A10, GPU-359b21ab-3dbf-5646-ba1f-a513e3866c50, 8.6, 570.148.08, 62, 92, 90, 23028, 21037, 1563, 1545, 6251, 151.49, 150.00
1762617146,0, NVIDIA A10, GPU-359b21ab-3dbf-5646-ba1f-a513e3866c50, 8.6, 570.148.08, 62, 92, 91, 23028, 21037, 1563, 1560, 6251, 148.77, 150.00
1762617147,0, NVIDIA A10, GPU-359b21ab-3dbf-5646-ba1f-a513e3866c50, 8.6, 570.148.08, 63, 90, 90, 23028, 21037, 1563, 1560, 6251, 148.51, 150.00
1762617148,0, NVIDIA A10, GPU-359b21ab-3dbf-5646-ba1f-a513e3866c50, 8.6, 570.148.08, 63, 91, 91, 23028, 21037, 1563, 1545, 6251, 147.90, 150.00
1762617149,0, NVIDIA A10, GPU-359b21ab-3dbf-5646-ba1f-a513e3866c50, 8.6, 570.148.08, 63, 92, 91, 23028, 21037, 1563, 1560, 6251, 153.35, 150.00
1762617150,0, NVIDIA A10, GPU-359b21ab-3dbf-5646-ba1f-a513e3866c50, 8.6, 570.148.08, 63, 92, 92, 23028, 21037, 1563, 1545, 6251, 149.22, 150.00
1762617151,0, NVIDIA A10, GPU-359b21ab-3dbf-5646-ba1f-a513e3866c50, 8.6, 570.148.08, 64, 92, 91, 23028, 21037, 1563, 1545, 6251, 148.90, 150.00
1762617152,0, NVIDIA A10, GPU-359b21ab-3dbf-5646-ba1f-a513e3866c50, 8.6, 570.148.08, 64, 92, 91, 23028, 21037, 1563, 1560, 6251, 147.95, 150.00
1762617153,0, NVIDIA A10, GPU-359b21ab-3dbf-5646-ba1f-a513e3866c50, 8.6, 570.148.08, 64, 92, 91, 23028, 21037, 1563, 1545, 6251, 152.84, 150.00
1762617154,0, NVIDIA A10, GPU-359b21ab-3dbf-5646-ba1f-a513e3866c50, 8.6, 570.148.08, 64, 92, 91, 23028, 21037, 1563, 1545, 6251, 151.18, 150.00
1762617155,0, NVIDIA A10, GPU-359b21ab-3dbf-5646-ba1f-a513e3866c50, 8.6, 570.148.08, 64, 92, 91, 23028, 21037, 1563, 1545, 6251, 148.62, 150.00
1762617156,0, NVIDIA A10, GPU-359b21ab-3dbf-5646-ba1f-a513e3866c50, 8.6, 570.148.08, 64, 92, 91, 23028, 21037, 1563, 1545, 6251, 149.75, 150.00
1762617157,0, NVIDIA A10, GPU-359b21ab-3dbf-5646-ba1f-a513e3866c50, 8.6, 570.148.08, 65, 92, 91, 23028, 21037, 1563, 1515, 6251, 149.45, 150.00
1762617158,0, NVIDIA A10, GPU-359b21ab-3dbf-5646-ba1f-a513e3866c50, 8.6, 570.148.08, 65, 92, 91, 23028, 21037, 1563, 1065, 6251, 148.47, 150.00
1762617159,0, NVIDIA A10, GPU-359b21ab-3dbf-5646-ba1f-a513e3866c50, 8.6, 570.148.08, 65, 91, 83, 23028, 21037, 1563, 1215, 6251, 151.40, 150.00
1762617160,0, NVIDIA A10, GPU-359b21ab-3dbf-5646-ba1f-a513e3866c50, 8.6, 570.148.08, 65, 93, 77, 23028, 21037, 1563, 1380, 6251, 145.84, 150.00
1762617162,0, NVIDIA A10, GPU-359b21ab-3dbf-5646-ba1f-a513e3866c50, 8.6, 570.148.08, 65, 92, 87, 23028, 21037, 1563, 1545, 6251, 145.73, 150.00
1762617163,0, NVIDIA A10, GPU-359b21ab-3dbf-5646-ba1f-a513e3866c50, 8.6, 570.148.08, 65, 92, 90, 23028, 21037, 1563, 1545, 6251, 152.03, 150.00
1762617164,0, NVIDIA A10, GPU-359b21ab-3dbf-5646-ba1f-a513e3866c50, 8.6, 570.148.08, 65, 92, 91, 23028, 21037, 1563, 1545, 6251, 150.37, 150.00
1762617165,0, NVIDIA A10, GPU-359b21ab-3dbf-5646-ba1f-a513e3866c50, 8.6, 570.148.08, 66, 92, 91, 23028, 21037, 1563, 1545, 6251, 149.27, 150.00
1762617166,0, NVIDIA A10, GPU-359b21ab-3dbf-5646-ba1f-a513e3866c50, 8.6, 570.148.08, 66, 92, 91, 23028, 21037, 1563, 1530, 6251, 147.63, 150.00
1762617167,0, NVIDIA A10, GPU-359b21ab-3dbf-5646-ba1f-a513e3866c50, 8.6, 570.148.08, 66, 92, 91, 23028, 21037, 1563, 1530, 6251, 151.38, 150.00
1762617168,0, NVIDIA A10, GPU-359b21ab-3dbf-5646-ba1f-a513e3866c50, 8.6, 570.148.08, 66, 92, 91, 23028, 21037, 1563, 1545, 6251, 148.31, 150.00
1762617169,0, NVIDIA A10, GPU-359b21ab-3dbf-5646-ba1f-a513e3866c50, 8.6, 570.148.08, 64, 100, 10, 23028, 0, 22599, 1695, 6251, 109.84, 150.00
1762617170,0, NVIDIA A10, GPU-359b21ab-3dbf-5646-ba1f-a513e3866c50, 8.6, 570.148.08, 63, 0, 0, 23028, 0, 22599, 1695, 6251, 73.26, 150.00
1762617171,0, NVIDIA A10, GPU-359b21ab-3dbf-5646-ba1f-a513e3866c50, 8.6, 570.148.08, 63, 0, 0, 23028, 0, 22599, 1695, 6251, 70.86, 150.00
1762617172,0, NVIDIA A10, GPU-359b21ab-3dbf-5646-ba1f-a513e3866c50, 8.6, 570.148.08, 62, 0, 0, 23028, 0, 22599, 345, 6251, 49.97, 150.00
1762617173,0, NVIDIA A10, GPU-359b21ab-3dbf-5646-ba1f-a513e3866c50, 8.6, 570.148.08, 60, 0, 0, 23028, 0, 22599, 225, 6251, 47.62, 150.00
1762617174,0, NVIDIA A10, GPU-359b21ab-3dbf-5646-ba1f-a513e3866c50, 8.6, 570.148.08, 60, 0, 0, 23028, 0, 22599, 210, 6251, 47.11, 150.00
1762617175,0, NVIDIA A10, GPU-359b21ab-3dbf-5646-ba1f-a513e3866c50, 8.6, 570.148.08, 60, 0, 0, 23028, 0, 22599, 210, 405, 18.16, 150.00
1762617176,0, NVIDIA A10, GPU-359b21ab-3dbf-5646-ba1f-a513e3866c50, 8.6, 570.148.08, 58, 0, 0, 23028, 0, 22599, 210, 405, 18.16, 150.00
1762617177,0, NVIDIA A10, GPU-359b21ab-3dbf-5646-ba1f-a513e3866c50, 8.6, 570.148.08, 57, 0, 0, 23028, 0, 22599, 210, 405, 17.92, 150.00
1762617178,0, NVIDIA A10, GPU-359b21ab-3dbf-5646-ba1f-a513e3866c50, 8.6, 570.148.08, 56, 0, 0, 23028, 0, 22599, 210, 405, 17.69, 150.00
1762617179,0, NVIDIA A10, GPU-359b21ab-3dbf-5646-ba1f-a513e3866c50, 8.6, 570.148.08, 56, 0, 0, 23028, 0, 22599, 210, 405, 17.49, 150.00
1762617180,0, NVIDIA A10, GPU-359b21ab-3dbf-5646-ba1f-a513e3866c50, 8.6, 570.148.08, 56, 0, 0, 23028, 0, 22599, 210, 405, 17.44, 150.00
1762617181,0, NVIDIA A10, GPU-359b21ab-3dbf-5646-ba1f-a513e3866c50, 8.6, 570.148.08, 55, 0, 0, 23028, 0, 22599, 210, 405, 17.39, 150.00
1762617182,0, NVIDIA A10, GPU-359b21ab-3dbf-5646-ba1f-a513e3866c50, 8.6, 570.148.08, 54, 0, 0, 23028, 0, 22599, 210, 405, 17.40, 150.00
1762617183,0, NVIDIA A10, GPU-359b21ab-3dbf-5646-ba1f-a513e3866c50, 8.6, 570.148.08, 53, 1, 0, 23028, 1, 22599, 210, 405, 17.35, 150.00
1762617184,0, NVIDIA A10, GPU-359b21ab-3dbf-5646-ba1f-a513e3866c50, 8.6, 570.148.08, 55, 0, 0, 23028, 3227, 19373, 1695, 6251, 54.03, 150.00
1762617185,0, NVIDIA A10, GPU-359b21ab-3dbf-5646-ba1f-a513e3866c50, 8.6, 570.148.08, 55, 0, 0, 23028, 2725, 19875, 1695, 6251, 65.58, 150.00
1762617186,0, NVIDIA A10, GPU-359b21ab-3dbf-5646-ba1f-a513e3866c50, 8.6, 570.148.08, 55, 0, 0, 23028, 2725, 19875, 1695, 6251, 64.82, 150.00
1762617187,0, NVIDIA A10, GPU-359b21ab-3dbf-5646-ba1f-a513e3866c50, 8.6, 570.148.08, 55, 0, 0, 23028, 2725, 19875, 1695, 6251, 64.42, 150.00
1762617188,0, NVIDIA A10, GPU-359b21ab-3dbf-5646-ba1f-a513e3866c50, 8.6, 570.148.08, 55, 0, 0, 23028, 2725, 19875, 1695, 6251, 64.31, 150.00
1762617189,0, NVIDIA A10, GPU-359b21ab-3dbf-5646-ba1f-a513e3866c50, 8.6, 570.148.08, 55, 0, 0, 23028, 2725, 19875, 1695, 6251, 64.65, 150.00
1762617190,0, NVIDIA A10, GPU-359b21ab-3dbf-5646-ba1f-a513e3866c50, 8.6, 570.148.08, 56, 39, 4, 23028, 2741, 19859, 1695, 6251, 94.00, 150.00
1762617191,0, NVIDIA A10, GPU-359b21ab-3dbf-5646-ba1f-a513e3866c50, 8.6, 570.148.08, 59, 55, 45, 23028, 19639, 2961, 1665, 6251, 118.49, 150.00
1762617192,0, NVIDIA A10, GPU-359b21ab-3dbf-5646-ba1f-a513e3866c50, 8.6, 570.148.08, 59, 51, 40, 23028, 19807, 2793, 1680, 6251, 122.58, 150.00
1762617193,0, NVIDIA A10, GPU-359b21ab-3dbf-5646-ba1f-a513e3866c50, 8.6, 570.148.08, 56, 0, 0, 23028, 21037, 1563, 1695, 6251, 88.25, 150.00
1762617194,0, NVIDIA A10, GPU-359b21ab-3dbf-5646-ba1f-a513e3866c50, 8.6, 570.148.08, 59, 91, 91, 23028, 21037, 1563, 1575, 6251, 111.96, 150.00
1762617195,0, NVIDIA A10, GPU-359b21ab-3dbf-5646-ba1f-a513e3866c50, 8.6, 570.148.08, 60, 91, 91, 23028, 21037, 1563, 1560, 6251, 149.35, 150.00
1762617196,0, NVIDIA A10, GPU-359b21ab-3dbf-5646-ba1f-a513e3866c50, 8.6, 570.148.08, 60, 91, 91, 23028, 21037, 1563, 1560, 6251, 146.94, 150.00
1762617197,0, NVIDIA A10, GPU-359b21ab-3dbf-5646-ba1f-a513e3866c50, 8.6, 570.148.08, 60, 92, 91, 23028, 21037, 1563, 1575, 6251, 147.94, 150.00
1762617198,0, NVIDIA A10, GPU-359b21ab-3dbf-5646-ba1f-a513e3866c50, 8.6, 570.148.08, 61, 91, 91, 23028, 21037, 1563, 1560, 6251, 150.73, 150.00
1762617200,0, NVIDIA A10, GPU-359b21ab-3dbf-5646-ba1f-a513e3866c50, 8.6, 570.148.08, 61, 92, 91, 23028, 21037, 1563, 1560, 6251, 151.03, 150.00
1762617201,0, NVIDIA A10, GPU-359b21ab-3dbf-5646-ba1f-a513e3866c50, 8.6, 570.148.08, 61, 91, 91, 23028, 21037, 1563, 1560, 6251, 148.03, 150.00
1762617202,0, NVIDIA A10, GPU-359b21ab-3dbf-5646-ba1f-a513e3866c50, 8.6, 570.148.08, 62, 92, 90, 23028, 21037, 1563, 1545, 6251, 146.75, 150.00
1762617203,0, NVIDIA A10, GPU-359b21ab-3dbf-5646-ba1f-a513e3866c50, 8.6, 570.148.08, 62, 95, 70, 23028, 21037, 1563, 1515, 6251, 146.66, 150.00
1762617204,0, NVIDIA A10, GPU-359b21ab-3dbf-5646-ba1f-a513e3866c50, 8.6, 570.148.08, 62, 100, 41, 23028, 21037, 1563, 1440, 6251, 151.97, 150.00
1762617205,0, NVIDIA A10, GPU-359b21ab-3dbf-5646-ba1f-a513e3866c50, 8.6, 570.148.08, 63, 100, 42, 23028, 21037, 1563, 1110, 6251, 150.24, 150.00
1762617206,0, NVIDIA A10, GPU-359b21ab-3dbf-5646-ba1f-a513e3866c50, 8.6, 570.148.08, 63, 94, 61, 23028, 21037, 1563, 1080, 6251, 149.08, 150.00
1762617207,0, NVIDIA A10, GPU-359b21ab-3dbf-5646-ba1f-a513e3866c50, 8.6, 570.148.08, 63, 91, 91, 23028, 21037, 1563, 1020, 6251, 146.86, 150.00
1762617208,0, NVIDIA A10, GPU-359b21ab-3dbf-5646-ba1f-a513e3866c50, 8.6, 570.148.08, 63, 90, 85, 23028, 21037, 1563, 1395, 6251, 148.98, 150.00
1762617209,0, NVIDIA A10, GPU-359b21ab-3dbf-5646-ba1f-a513e3866c50, 8.6, 570.148.08, 63, 91, 91, 23028, 21037, 1563, 1485, 6251, 150.08, 150.00
1762617210,0, NVIDIA A10, GPU-359b21ab-3dbf-5646-ba1f-a513e3866c50, 8.6, 570.148.08, 64, 92, 92, 23028, 21037, 1563, 1545, 6251, 151.63, 150.00
1762617211,0, NVIDIA A10, GPU-359b21ab-3dbf-5646-ba1f-a513e3866c50, 8.6, 570.148.08, 64, 91, 91, 23028, 21037, 1563, 1560, 6251, 147.68, 150.00
1762617212,0, NVIDIA A10, GPU-359b21ab-3dbf-5646-ba1f-a513e3866c50, 8.6, 570.148.08, 64, 90, 90, 23028, 21037, 1563, 1545, 6251, 147.35, 150.00
1762617213,0, NVIDIA A10, GPU-359b21ab-3dbf-5646-ba1f-a513e3866c50, 8.6, 570.148.08, 64, 91, 91, 23028, 21037, 1563, 1545, 6251, 147.12, 150.00
1762617214,0, NVIDIA A10, GPU-359b21ab-3dbf-5646-ba1f-a513e3866c50, 8.6, 570.148.08, 65, 92, 92, 23028, 21037, 1563, 1530, 6251, 152.54, 150.00
1762617215,0, NVIDIA A10, GPU-359b21ab-3dbf-5646-ba1f-a513e3866c50, 8.6, 570.148.08, 65, 92, 92, 23028, 21037, 1563, 1530, 6251, 149.33, 150.00
1762617216,0, NVIDIA A10, GPU-359b21ab-3dbf-5646-ba1f-a513e3866c50, 8.6, 570.148.08, 65, 91, 91, 23028, 21037, 1563, 1530, 6251, 147.04, 150.00
1762617217,0, NVIDIA A10, GPU-359b21ab-3dbf-5646-ba1f-a513e3866c50, 8.6, 570.148.08, 65, 91, 91, 23028, 21037, 1563, 1530, 6251, 147.22, 150.00
1762617218,0, NVIDIA A10, GPU-359b21ab-3dbf-5646-ba1f-a513e3866c50, 8.6, 570.148.08, 65, 92, 91, 23028, 21037, 1563, 1530, 6251, 149.51, 150.00
1762617219,0, NVIDIA A10, GPU-359b21ab-3dbf-5646-ba1f-a513e3866c50, 8.6, 570.148.08, 65, 92, 91, 23028, 21037, 1563, 1530, 6251, 150.78, 150.00
1762617220,0, NVIDIA A10, GPU-359b21ab-3dbf-5646-ba1f-a513e3866c50, 8.6, 570.148.08, 65, 92, 91, 23028, 21037, 1563, 1545, 6251, 149.41, 150.00
1762617221,0, NVIDIA A10, GPU-359b21ab-3dbf-5646-ba1f-a513e3866c50, 8.6, 570.148.08, 66, 92, 91, 23028, 21037, 1563, 1530, 6251, 147.88, 150.00
1762617222,0, NVIDIA A10, GPU-359b21ab-3dbf-5646-ba1f-a513e3866c50, 8.6, 570.148.08, 66, 92, 91, 23028, 21037, 1563, 1530, 6251, 147.48, 150.00
1762617223,0, NVIDIA A10, GPU-359b21ab-3dbf-5646-ba1f-a513e3866c50, 8.6, 570.148.08, 66, 92, 91, 23028, 21037, 1563, 1530, 6251, 150.04, 150.00
1762617224,0, NVIDIA A10, GPU-359b21ab-3dbf-5646-ba1f-a513e3866c50, 8.6, 570.148.08, 66, 93, 82, 23028, 21037, 1563, 1530, 6251, 150.54, 150.00
1762617225,0, NVIDIA A10, GPU-359b21ab-3dbf-5646-ba1f-a513e3866c50, 8.6, 570.148.08, 66, 92, 88, 23028, 21037, 1563, 1530, 6251, 149.36, 150.00
1762617226,0, NVIDIA A10, GPU-359b21ab-3dbf-5646-ba1f-a513e3866c50, 8.6, 570.148.08, 66, 97, 53, 23028, 21037, 1563, 1485, 6251, 146.27, 150.00
1762617227,0, NVIDIA A10, GPU-359b21ab-3dbf-5646-ba1f-a513e3866c50, 8.6, 570.148.08, 66, 90, 64, 23028, 21037, 1563, 1125, 6251, 148.03, 150.00
1762617228,0, NVIDIA A10, GPU-359b21ab-3dbf-5646-ba1f-a513e3866c50, 8.6, 570.148.08, 67, 87, 71, 23028, 21037, 1563, 1020, 6251, 151.02, 150.00
1762617229,0, NVIDIA A10, GPU-359b21ab-3dbf-5646-ba1f-a513e3866c50, 8.6, 570.148.08, 67, 92, 91, 23028, 21037, 1563, 1380, 6251, 151.81, 150.00
1762617230,0, NVIDIA A10, GPU-359b21ab-3dbf-5646-ba1f-a513e3866c50, 8.6, 570.148.08, 67, 92, 91, 23028, 21037, 1563, 1440, 6251, 148.92, 150.00
1762617231,0, NVIDIA A10, GPU-359b21ab-3dbf-5646-ba1f-a513e3866c50, 8.6, 570.148.08, 67, 92, 91, 23028, 21037, 1563, 1530, 6251, 146.65, 150.00
1762617232,0, NVIDIA A10, GPU-359b21ab-3dbf-5646-ba1f-a513e3866c50, 8.6, 570.148.08, 67, 91, 91, 23028, 21037, 1563, 1530, 6251, 147.91, 150.00
1762617234,0, NVIDIA A10, GPU-359b21ab-3dbf-5646-ba1f-a513e3866c50, 8.6, 570.148.08, 67, 91, 91, 23028, 21037, 1563, 1515, 6251, 151.00, 150.00
1762617235,0, NVIDIA A10, GPU-359b21ab-3dbf-5646-ba1f-a513e3866c50, 8.6, 570.148.08, 68, 91, 91, 23028, 21037, 1563, 1515, 6251, 150.69, 150.00
1762617236,0, NVIDIA A10, GPU-359b21ab-3dbf-5646-ba1f-a513e3866c50, 8.6, 570.148.08, 68, 92, 91, 23028, 21037, 1563, 1515, 6251, 150.38, 150.00
1762617237,0, NVIDIA A10, GPU-359b21ab-3dbf-5646-ba1f-a513e3866c50, 8.6, 570.148.08, 68, 87, 87, 23028, 21037, 1563, 1560, 6251, 150.63, 150.00
1762617238,0, NVIDIA A10, GPU-359b21ab-3dbf-5646-ba1f-a513e3866c50, 8.6, 570.148.08, 68, 91, 90, 23028, 21037, 1563, 1500, 6251, 150.73, 150.00
1762617239,0, NVIDIA A10, GPU-359b21ab-3dbf-5646-ba1f-a513e3866c50, 8.6, 570.148.08, 68, 86, 86, 23028, 21037, 1563, 1545, 6251, 150.38, 150.00
1762617240,0, NVIDIA A10, GPU-359b21ab-3dbf-5646-ba1f-a513e3866c50, 8.6, 570.148.08, 68, 90, 89, 23028, 21037, 1563, 1530, 6251, 149.78, 150.00
1762617241,0, NVIDIA A10, GPU-359b21ab-3dbf-5646-ba1f-a513e3866c50, 8.6, 570.148.08, 68, 90, 90, 23028, 21037, 1563, 1575, 6251, 150.71, 150.00
1762617242,0, NVIDIA A10, GPU-359b21ab-3dbf-5646-ba1f-a513e3866c50, 8.6, 570.148.08, 68, 91, 91, 23028, 21037, 1563, 1530, 6251, 150.22, 150.00
1762617243,0, NVIDIA A10, GPU-359b21ab-3dbf-5646-ba1f-a513e3866c50, 8.6, 570.148.08, 68, 90, 80, 23028, 21037, 1563, 1545, 6251, 150.22, 150.00
1762617244,0, NVIDIA A10, GPU-359b21ab-3dbf-5646-ba1f-a513e3866c50, 8.6, 570.148.08, 68, 100, 41, 23028, 21037, 1563, 1440, 6251, 152.44, 150.00
1762617245,0, NVIDIA A10, GPU-359b21ab-3dbf-5646-ba1f-a513e3866c50, 8.6, 570.148.08, 68, 98, 43, 23028, 21037, 1563, 1095, 6251, 151.23, 150.00
1762617246,0, NVIDIA A10, GPU-359b21ab-3dbf-5646-ba1f-a513e3866c50, 8.6, 570.148.08, 69, 89, 87, 23028, 21037, 1563, 990, 6251, 147.72, 150.00
1762617247,0, NVIDIA A10, GPU-359b21ab-3dbf-5646-ba1f-a513e3866c50, 8.6, 570.148.08, 69, 91, 91, 23028, 21037, 1563, 1395, 6251, 146.86, 150.00
1762617248,0, NVIDIA A10, GPU-359b21ab-3dbf-5646-ba1f-a513e3866c50, 8.6, 570.148.08, 69, 89, 88, 23028, 21037, 1563, 1515, 6251, 146.63, 150.00
1762617249,0, NVIDIA A10, GPU-359b21ab-3dbf-5646-ba1f-a513e3866c50, 8.6, 570.148.08, 66, 100, 10, 23028, 0, 22599, 1695, 6251, 90.61, 150.00
1762617250,0, NVIDIA A10, GPU-359b21ab-3dbf-5646-ba1f-a513e3866c50, 8.6, 570.148.08, 66, 0, 0, 23028, 0, 22599, 1695, 6251, 74.90, 150.00
1762617251,0, NVIDIA A10, GPU-359b21ab-3dbf-5646-ba1f-a513e3866c50, 8.6, 570.148.08, 66, 0, 0, 23028, 0, 22599, 1695, 6251, 73.23, 150.00
1762617252,0, NVIDIA A10, GPU-359b21ab-3dbf-5646-ba1f-a513e3866c50, 8.6, 570.148.08, 64, 0, 0, 23028, 0, 22599, 345, 6251, 51.47, 150.00
1762617253,0, NVIDIA A10, GPU-359b21ab-3dbf-5646-ba1f-a513e3866c50, 8.6, 570.148.08, 63, 0, 0, 23028, 0, 22599, 225, 6251, 49.09, 150.00
1762617254,0, NVIDIA A10, GPU-359b21ab-3dbf-5646-ba1f-a513e3866c50, 8.6, 570.148.08, 63, 0, 0, 23028, 0, 22599, 210, 6251, 48.61, 150.00
1762617255,0, NVIDIA A10, GPU-359b21ab-3dbf-5646-ba1f-a513e3866c50, 8.6, 570.148.08, 62, 0, 0, 23028, 0, 22599, 210, 6251, 48.22, 150.00
1762617256,0, NVIDIA A10, GPU-359b21ab-3dbf-5646-ba1f-a513e3866c50, 8.6, 570.148.08, 61, 0, 0, 23028, 0, 22599, 210, 6251, 47.87, 150.00
1762617257,0, NVIDIA A10, GPU-359b21ab-3dbf-5646-ba1f-a513e3866c50, 8.6, 570.148.08, 61, 0, 0, 23028, 0, 22599, 210, 6251, 47.74, 150.00
1762617258,0, NVIDIA A10, GPU-359b21ab-3dbf-5646-ba1f-a513e3866c50, 8.6, 570.148.08, 61, 0, 0, 23028, 0, 22599, 210, 405, 18.01, 150.00
1762617259,0, NVIDIA A10, GPU-359b21ab-3dbf-5646-ba1f-a513e3866c50, 8.6, 570.148.08, 59, 0, 0, 23028, 0, 22599, 210, 405, 17.92, 150.00
1762617260,0, NVIDIA A10, GPU-359b21ab-3dbf-5646-ba1f-a513e3866c50, 8.6, 570.148.08, 58, 0, 0, 23028, 0, 22599, 210, 405, 17.87, 150.00
1762617261,0, NVIDIA A10, GPU-359b21ab-3dbf-5646-ba1f-a513e3866c50, 8.6, 570.148.08, 57, 0, 0, 23028, 0, 22599, 210, 405, 17.82, 150.00
1762617262,0, NVIDIA A10, GPU-359b21ab-3dbf-5646-ba1f-a513e3866c50, 8.6, 570.148.08, 57, 0, 0, 23028, 0, 22599, 210, 405, 17.73, 150.00
1762617263,0, NVIDIA A10, GPU-359b21ab-3dbf-5646-ba1f-a513e3866c50, 8.6, 570.148.08, 58, 0, 0, 23028, 275, 22325, 1695, 6251, 37.32, 150.00
1762617264,0, NVIDIA A10, GPU-359b21ab-3dbf-5646-ba1f-a513e3866c50, 8.6, 570.148.08, 58, 22, 1, 23028, 3219, 19381, 1695, 6251, 67.32, 150.00
1762617265,0, NVIDIA A10, GPU-359b21ab-3dbf-5646-ba1f-a513e3866c50, 8.6, 570.148.08, 58, 0, 0, 23028, 2717, 19883, 1695, 6251, 67.32, 150.00
1762617266,0, NVIDIA A10, GPU-359b21ab-3dbf-5646-ba1f-a513e3866c50, 8.6, 570.148.08, 58, 0, 0, 23028, 2717, 19883, 1695, 6251, 66.78, 150.00
1762617267,0, NVIDIA A10, GPU-359b21ab-3dbf-5646-ba1f-a513e3866c50, 8.6, 570.148.08, 58, 0, 0, 23028, 2717, 19883, 1695, 6251, 66.54, 150.00
1762617268,0, NVIDIA A10, GPU-359b21ab-3dbf-5646-ba1f-a513e3866c50, 8.6, 570.148.08, 58, 0, 0, 23028, 2717, 19883, 1695, 6251, 66.48, 150.00
1762617269,0, NVIDIA A10, GPU-359b21ab-3dbf-5646-ba1f-a513e3866c50, 8.6, 570.148.08, 58, 0, 0, 23028, 2717, 19883, 1695, 6251, 66.43, 150.00
1762617270,0, NVIDIA A10, GPU-359b21ab-3dbf-5646-ba1f-a513e3866c50, 8.6, 570.148.08, 58, 0, 0, 23028, 4291, 18309, 1680, 6251, 94.19, 150.00
1762617271,0, NVIDIA A10, GPU-359b21ab-3dbf-5646-ba1f-a513e3866c50, 8.6, 570.148.08, 60, 58, 37, 23028, 19537, 3063, 1530, 6251, 93.43, 150.00
1762617272,0, NVIDIA A10, GPU-359b21ab-3dbf-5646-ba1f-a513e3866c50, 8.6, 570.148.08, 61, 36, 35, 23028, 19697, 2903, 1680, 6251, 136.93, 150.00
1762617273,0, NVIDIA A10, GPU-359b21ab-3dbf-5646-ba1f-a513e3866c50, 8.6, 570.148.08, 60, 6, 5, 23028, 19831, 2769, 1695, 6251, 114.76, 150.00
1762617274,0, NVIDIA A10, GPU-359b21ab-3dbf-5646-ba1f-a513e3866c50, 8.6, 570.148.08, 59, 0, 0, 23028, 21029, 1571, 1695, 6251, 66.86, 150.00
1762617275,0, NVIDIA A10, GPU-359b21ab-3dbf-5646-ba1f-a513e3866c50, 8.6, 570.148.08, 59, 0, 0, 23028, 21029, 1571, 1695, 6251, 66.71, 150.00
1762617276,0, NVIDIA A10, GPU-359b21ab-3dbf-5646-ba1f-a513e3866c50, 8.6, 570.148.08, 58, 0, 0, 23028, 21029, 1571, 1695, 6251, 66.45, 150.00
1762617277,0, NVIDIA A10, GPU-359b21ab-3dbf-5646-ba1f-a513e3866c50, 8.6, 570.148.08, 58, 0, 0, 23028, 21029, 1571, 1695, 6251, 66.24, 150.00
1762617278,0, NVIDIA A10, GPU-359b21ab-3dbf-5646-ba1f-a513e3866c50, 8.6, 570.148.08, 58, 0, 0, 23028, 21029, 1571, 1695, 6251, 66.01, 150.00
1762617279,0, NVIDIA A10, GPU-359b21ab-3dbf-5646-ba1f-a513e3866c50, 8.6, 570.148.08, 58, 0, 0, 23028, 21029, 1571, 1695, 6251, 66.00, 150.00
1762617281,0, NVIDIA A10, GPU-359b21ab-3dbf-5646-ba1f-a513e3866c50, 8.6, 570.148.08, 57, 0, 0, 23028, 21029, 1571, 1695, 6251, 65.91, 150.00
1762617282,0, NVIDIA A10, GPU-359b21ab-3dbf-5646-ba1f-a513e3866c50, 8.6, 570.148.08, 57, 0, 0, 23028, 21029, 1571, 1695, 6251, 66.05, 150.00
1762617283,0, NVIDIA A10, GPU-359b21ab-3dbf-5646-ba1f-a513e3866c50, 8.6, 570.148.08, 57, 0, 0, 23028, 21029, 1571, 1695, 6251, 65.53, 150.00
1762617284,0, NVIDIA A10, GPU-359b21ab-3dbf-5646-ba1f-a513e3866c50, 8.6, 570.148.08, 57, 0, 0, 23028, 21029, 1571, 1695, 6251, 65.39, 150.00
1762617285,0, NVIDIA A10, GPU-359b21ab-3dbf-5646-ba1f-a513e3866c50, 8.6, 570.148.08, 57, 0, 0, 23028, 21029, 1571, 1695, 6251, 65.39, 150.00
1762617286,0, NVIDIA A10, GPU-359b21ab-3dbf-5646-ba1f-a513e3866c50, 8.6, 570.148.08, 60, 91, 90, 23028, 21029, 1571, 1440, 6251, 146.87, 150.00
1762617287,0, NVIDIA A10, GPU-359b21ab-3dbf-5646-ba1f-a513e3866c50, 8.6, 570.148.08, 60, 92, 80, 23028, 21029, 1571, 1425, 6251, 145.14, 150.00
1762617288,0, NVIDIA A10, GPU-359b21ab-3dbf-5646-ba1f-a513e3866c50, 8.6, 570.148.08, 61, 91, 92, 23028, 21029, 1571, 1470, 6251, 145.20, 150.00
1762617289,0, NVIDIA A10, GPU-359b21ab-3dbf-5646-ba1f-a513e3866c50, 8.6, 570.148.08, 61, 91, 90, 23028, 21029, 1571, 1470, 6251, 149.84, 150.00
1762617290,0, NVIDIA A10, GPU-359b21ab-3dbf-5646-ba1f-a513e3866c50, 8.6, 570.148.08, 62, 93, 82, 23028, 21029, 1571, 1065, 6251, 149.99, 150.00
1762617291,0, NVIDIA A10, GPU-359b21ab-3dbf-5646-ba1f-a513e3866c50, 8.6, 570.148.08, 62, 92, 93, 23028, 21029, 1571, 1440, 6251, 154.35, 150.00
1762617292,0, NVIDIA A10, GPU-359b21ab-3dbf-5646-ba1f-a513e3866c50, 8.6, 570.148.08, 62, 92, 93, 23028, 21029, 1571, 1515, 6251, 148.41, 150.00
1762617293,0, NVIDIA A10, GPU-359b21ab-3dbf-5646-ba1f-a513e3866c50, 8.6, 570.148.08, 63, 91, 92, 23028, 21029, 1571, 1560, 6251, 151.82, 150.00
1762617294,0, NVIDIA A10, GPU-359b21ab-3dbf-5646-ba1f-a513e3866c50, 8.6, 570.148.08, 63, 91, 91, 23028, 21029, 1571, 1530, 6251, 150.15, 150.00
1762617295,0, NVIDIA A10, GPU-359b21ab-3dbf-5646-ba1f-a513e3866c50, 8.6, 570.148.08, 63, 90, 91, 23028, 21029, 1571, 1575, 6251, 151.91, 150.00
1762617296,0, NVIDIA A10, GPU-359b21ab-3dbf-5646-ba1f-a513e3866c50, 8.6, 570.148.08, 63, 87, 89, 23028, 21029, 1571, 1590, 6251, 147.28, 150.00
1762617297,0, NVIDIA A10, GPU-359b21ab-3dbf-5646-ba1f-a513e3866c50, 8.6, 570.148.08, 64, 87, 89, 23028, 21029, 1571, 1590, 6251, 151.89, 150.00
1762617298,0, NVIDIA A10, GPU-359b21ab-3dbf-5646-ba1f-a513e3866c50, 8.6, 570.148.08, 64, 86, 87, 23028, 21029, 1571, 1560, 6251, 147.48, 150.00
1762617299,0, NVIDIA A10, GPU-359b21ab-3dbf-5646-ba1f-a513e3866c50, 8.6, 570.148.08, 64, 89, 89, 23028, 21029, 1571, 1545, 6251, 147.98, 150.00
1762617300,0, NVIDIA A10, GPU-359b21ab-3dbf-5646-ba1f-a513e3866c50, 8.6, 570.148.08, 64, 89, 90, 23028, 21029, 1571, 1575, 6251, 151.21, 150.00
1762617301,0, NVIDIA A10, GPU-359b21ab-3dbf-5646-ba1f-a513e3866c50, 8.6, 570.148.08, 65, 89, 85, 23028, 21029, 1571, 1470, 6251, 152.83, 150.00
1762617302,0, NVIDIA A10, GPU-359b21ab-3dbf-5646-ba1f-a513e3866c50, 8.6, 570.148.08, 65, 92, 91, 23028, 21029, 1571, 1515, 6251, 146.60, 150.00
1762617303,0, NVIDIA A10, GPU-359b21ab-3dbf-5646-ba1f-a513e3866c50, 8.6, 570.148.08, 65, 91, 90, 23028, 21029, 1571, 1545, 6251, 145.95, 150.00
1762617304,0, NVIDIA A10, GPU-359b21ab-3dbf-5646-ba1f-a513e3866c50, 8.6, 570.148.08, 65, 91, 91, 23028, 21029, 1571, 1485, 6251, 149.15, 150.00
1762617305,0, NVIDIA A10, GPU-359b21ab-3dbf-5646-ba1f-a513e3866c50, 8.6, 570.148.08, 65, 91, 90, 23028, 21029, 1571, 1485, 6251, 145.81, 150.00
1762617306,0, NVIDIA A10, GPU-359b21ab-3dbf-5646-ba1f-a513e3866c50, 8.6, 570.148.08, 66, 92, 91, 23028, 21029, 1571, 1260, 6251, 152.15, 150.00
1762617307,0, NVIDIA A10, GPU-359b21ab-3dbf-5646-ba1f-a513e3866c50, 8.6, 570.148.08, 66, 91, 91, 23028, 21029, 1571, 1185, 6251, 144.30, 150.00
1762617308,0, NVIDIA A10, GPU-359b21ab-3dbf-5646-ba1f-a513e3866c50, 8.6, 570.148.08, 66, 91, 91, 23028, 21029, 1571, 1440, 6251, 151.24, 150.00
1762617309,0, NVIDIA A10, GPU-359b21ab-3dbf-5646-ba1f-a513e3866c50, 8.6, 570.148.08, 66, 92, 92, 23028, 21029, 1571, 1470, 6251, 150.13, 150.00
1762617310,0, NVIDIA A10, GPU-359b21ab-3dbf-5646-ba1f-a513e3866c50, 8.6, 570.148.08, 66, 92, 91, 23028, 21029, 1571, 1470, 6251, 148.61, 150.00
1762617311,0, NVIDIA A10, GPU-359b21ab-3dbf-5646-ba1f-a513e3866c50, 8.6, 570.148.08, 66, 92, 91, 23028, 21029, 1571, 1335, 6251, 147.24, 150.00
1762617312,0, NVIDIA A10, GPU-359b21ab-3dbf-5646-ba1f-a513e3866c50, 8.6, 570.148.08, 66, 90, 90, 23028, 21029, 1571, 1560, 6251, 145.89, 150.00
1762617313,0, NVIDIA A10, GPU-359b21ab-3dbf-5646-ba1f-a513e3866c50, 8.6, 570.148.08, 66, 91, 90, 23028, 21029, 1571, 1500, 6251, 153.26, 150.00
1762617315,0, NVIDIA A10, GPU-359b21ab-3dbf-5646-ba1f-a513e3866c50, 8.6, 570.148.08, 67, 89, 90, 23028, 21029, 1571, 1485, 6251, 150.64, 150.00
1762617316,0, NVIDIA A10, GPU-359b21ab-3dbf-5646-ba1f-a513e3866c50, 8.6, 570.148.08, 67, 89, 90, 23028, 21029, 1571, 1545, 6251, 147.78, 150.00
1762617317,0, NVIDIA A10, GPU-359b21ab-3dbf-5646-ba1f-a513e3866c50, 8.6, 570.148.08, 67, 89, 88, 23028, 21029, 1571, 1305, 6251, 150.70, 150.00
1762617318,0, NVIDIA A10, GPU-359b21ab-3dbf-5646-ba1f-a513e3866c50, 8.6, 570.148.08, 68, 89, 83, 23028, 21029, 1571, 1440, 6251, 151.08, 150.00
1762617319,0, NVIDIA A10, GPU-359b21ab-3dbf-5646-ba1f-a513e3866c50, 8.6, 570.148.08, 67, 89, 88, 23028, 21029, 1571, 1500, 6251, 152.69, 150.00
1762617320,0, NVIDIA A10, GPU-359b21ab-3dbf-5646-ba1f-a513e3866c50, 8.6, 570.148.08, 67, 88, 88, 23028, 21029, 1571, 1560, 6251, 147.34, 150.00
1762617321,0, NVIDIA A10, GPU-359b21ab-3dbf-5646-ba1f-a513e3866c50, 8.6, 570.148.08, 67, 89, 89, 23028, 21029, 1571, 1515, 6251, 154.60, 150.00
1762617322,0, NVIDIA A10, GPU-359b21ab-3dbf-5646-ba1f-a513e3866c50, 8.6, 570.148.08, 68, 91, 80, 23028, 21029, 1571, 1290, 6251, 153.77, 150.00
1762617323,0, NVIDIA A10, GPU-359b21ab-3dbf-5646-ba1f-a513e3866c50, 8.6, 570.148.08, 68, 89, 90, 23028, 21029, 1571, 1335, 6251, 148.92, 150.00
1762617324,0, NVIDIA A10, GPU-359b21ab-3dbf-5646-ba1f-a513e3866c50, 8.6, 570.148.08, 68, 89, 90, 23028, 21029, 1571, 1440, 6251, 152.89, 150.00
1762617325,0, NVIDIA A10, GPU-359b21ab-3dbf-5646-ba1f-a513e3866c50, 8.6, 570.148.08, 68, 92, 91, 23028, 21029, 1571, 1455, 6251, 144.24, 150.00
1762617326,0, NVIDIA A10, GPU-359b21ab-3dbf-5646-ba1f-a513e3866c50, 8.6, 570.148.08, 68, 93, 81, 23028, 21029, 1571, 1515, 6251, 146.37, 150.00
1762617327,0, NVIDIA A10, GPU-359b21ab-3dbf-5646-ba1f-a513e3866c50, 8.6, 570.148.08, 68, 92, 90, 23028, 21029, 1571, 1440, 6251, 147.80, 150.00
1762617328,0, NVIDIA A10, GPU-359b21ab-3dbf-5646-ba1f-a513e3866c50, 8.6, 570.148.08, 68, 92, 92, 23028, 21029, 1571, 1485, 6251, 146.59, 150.00
1762617329,0, NVIDIA A10, GPU-359b21ab-3dbf-5646-ba1f-a513e3866c50, 8.6, 570.148.08, 68, 90, 78, 23028, 21029, 1571, 1470, 6251, 146.84, 150.00
1762617330,0, NVIDIA A10, GPU-359b21ab-3dbf-5646-ba1f-a513e3866c50, 8.6, 570.148.08, 68, 93, 79, 23028, 21029, 1571, 1500, 6251, 144.33, 150.00
1762617331,0, NVIDIA A10, GPU-359b21ab-3dbf-5646-ba1f-a513e3866c50, 8.6, 570.148.08, 68, 92, 93, 23028, 21029, 1571, 1485, 6251, 148.73, 150.00
1762617332,0, NVIDIA A10, GPU-359b21ab-3dbf-5646-ba1f-a513e3866c50, 8.6, 570.148.08, 69, 93, 93, 23028, 21029, 1571, 1470, 6251, 146.63, 150.00
1762617333,0, NVIDIA A10, GPU-359b21ab-3dbf-5646-ba1f-a513e3866c50, 8.6, 570.148.08, 69, 92, 93, 23028, 21029, 1571, 1500, 6251, 147.04, 150.00
1762617334,0, NVIDIA A10, GPU-359b21ab-3dbf-5646-ba1f-a513e3866c50, 8.6, 570.148.08, 69, 92, 91, 23028, 21029, 1571, 1455, 6251, 148.26, 150.00
1762617335,0, NVIDIA A10, GPU-359b21ab-3dbf-5646-ba1f-a513e3866c50, 8.6, 570.148.08, 69, 92, 93, 23028, 21029, 1571, 1515, 6251, 147.29, 150.00
1762617336,0, NVIDIA A10, GPU-359b21ab-3dbf-5646-ba1f-a513e3866c50, 8.6, 570.148.08, 69, 91, 85, 23028, 21029, 1571, 1380, 6251, 150.44, 150.00
1762617337,0, NVIDIA A10, GPU-359b21ab-3dbf-5646-ba1f-a513e3866c50, 8.6, 570.148.08, 69, 92, 81, 23028, 21029, 1571, 1125, 6251, 149.53, 150.00
1762617338,0, NVIDIA A10, GPU-359b21ab-3dbf-5646-ba1f-a513e3866c50, 8.6, 570.148.08, 69, 89, 89, 23028, 21029, 1571, 1485, 6251, 151.84, 150.00
1762617339,0, NVIDIA A10, GPU-359b21ab-3dbf-5646-ba1f-a513e3866c50, 8.6, 570.148.08, 69, 89, 89, 23028, 21029, 1571, 1545, 6251, 149.21, 150.00
1762617340,0, NVIDIA A10, GPU-359b21ab-3dbf-5646-ba1f-a513e3866c50, 8.6, 570.148.08, 69, 87, 87, 23028, 21029, 1571, 1515, 6251, 148.92, 150.00
1762617341,0, NVIDIA A10, GPU-359b21ab-3dbf-5646-ba1f-a513e3866c50, 8.6, 570.148.08, 69, 87, 88, 23028, 21029, 1571, 1485, 6251, 150.98, 150.00
1762617342,0, NVIDIA A10, GPU-359b21ab-3dbf-5646-ba1f-a513e3866c50, 8.6, 570.148.08, 69, 91, 79, 23028, 21029, 1571, 1515, 6251, 145.81, 150.00
1762617343,0, NVIDIA A10, GPU-359b21ab-3dbf-5646-ba1f-a513e3866c50, 8.6, 570.148.08, 70, 90, 89, 23028, 21029, 1571, 1485, 6251, 149.02, 150.00
1762617344,0, NVIDIA A10, GPU-359b21ab-3dbf-5646-ba1f-a513e3866c50, 8.6, 570.148.08, 70, 90, 89, 23028, 21029, 1571, 1455, 6251, 149.89, 150.00
1762617345,0, NVIDIA A10, GPU-359b21ab-3dbf-5646-ba1f-a513e3866c50, 8.6, 570.148.08, 70, 88, 86, 23028, 21029, 1571, 1515, 6251, 154.50, 150.00
1762617347,0, NVIDIA A10, GPU-359b21ab-3dbf-5646-ba1f-a513e3866c50, 8.6, 570.148.08, 70, 92, 91, 23028, 21029, 1571, 1440, 6251, 148.57, 150.00
1762617348,0, NVIDIA A10, GPU-359b21ab-3dbf-5646-ba1f-a513e3866c50, 8.6, 570.148.08, 70, 92, 93, 23028, 21029, 1571, 1485, 6251, 150.35, 150.00
1762617349,0, NVIDIA A10, GPU-359b21ab-3dbf-5646-ba1f-a513e3866c50, 8.6, 570.148.08, 70, 92, 83, 23028, 21029, 1571, 1395, 6251, 153.29, 150.00
1762617350,0, NVIDIA A10, GPU-359b21ab-3dbf-5646-ba1f-a513e3866c50, 8.6, 570.148.08, 70, 93, 82, 23028, 21029, 1571, 1440, 6251, 150.15, 150.00
1762617351,0, NVIDIA A10, GPU-359b21ab-3dbf-5646-ba1f-a513e3866c50, 8.6, 570.148.08, 70, 90, 89, 23028, 21029, 1571, 1500, 6251, 146.78, 150.00
1762617352,0, NVIDIA A10, GPU-359b21ab-3dbf-5646-ba1f-a513e3866c50, 8.6, 570.148.08, 70, 90, 90, 23028, 21029, 1571, 1470, 6251, 149.10, 150.00
1762617353,0, NVIDIA A10, GPU-359b21ab-3dbf-5646-ba1f-a513e3866c50, 8.6, 570.148.08, 70, 91, 92, 23028, 21029, 1571, 1440, 6251, 150.07, 150.00
1762617354,0, NVIDIA A10, GPU-359b21ab-3dbf-5646-ba1f-a513e3866c50, 8.6, 570.148.08, 70, 92, 92, 23028, 21029, 1571, 1485, 6251, 150.21, 150.00
1762617355,0, NVIDIA A10, GPU-359b21ab-3dbf-5646-ba1f-a513e3866c50, 8.6, 570.148.08, 70, 92, 91, 23028, 21029, 1571, 1425, 6251, 147.93, 150.00
1762617356,0, NVIDIA A10, GPU-359b21ab-3dbf-5646-ba1f-a513e3866c50, 8.6, 570.148.08, 70, 92, 90, 23028, 21029, 1571, 1440, 6251, 148.55, 150.00
1762617357,0, NVIDIA A10, GPU-359b21ab-3dbf-5646-ba1f-a513e3866c50, 8.6, 570.148.08, 71, 92, 91, 23028, 21029, 1571, 1455, 6251, 152.34, 150.00
1762617358,0, NVIDIA A10, GPU-359b21ab-3dbf-5646-ba1f-a513e3866c50, 8.6, 570.148.08, 71, 92, 91, 23028, 21029, 1571, 1485, 6251, 146.67, 150.00
1762617359,0, NVIDIA A10, GPU-359b21ab-3dbf-5646-ba1f-a513e3866c50, 8.6, 570.148.08, 71, 92, 91, 23028, 21029, 1571, 1380, 6251, 150.96, 150.00
1762617360,0, NVIDIA A10, GPU-359b21ab-3dbf-5646-ba1f-a513e3866c50, 8.6, 570.148.08, 71, 91, 91, 23028, 21029, 1571, 1470, 6251, 146.89, 150.00
1762617361,0, NVIDIA A10, GPU-359b21ab-3dbf-5646-ba1f-a513e3866c50, 8.6, 570.148.08, 71, 91, 92, 23028, 21029, 1571, 1500, 6251, 146.92, 150.00
1762617362,0, NVIDIA A10, GPU-359b21ab-3dbf-5646-ba1f-a513e3866c50, 8.6, 570.148.08, 71, 93, 85, 23028, 21029, 1571, 1530, 6251, 153.74, 150.00
1762617363,0, NVIDIA A10, GPU-359b21ab-3dbf-5646-ba1f-a513e3866c50, 8.6, 570.148.08, 71, 90, 90, 23028, 21029, 1571, 1500, 6251, 146.26, 150.00
1762617364,0, NVIDIA A10, GPU-359b21ab-3dbf-5646-ba1f-a513e3866c50, 8.6, 570.148.08, 71, 90, 91, 23028, 21029, 1571, 1515, 6251, 149.73, 150.00
1762617365,0, NVIDIA A10, GPU-359b21ab-3dbf-5646-ba1f-a513e3866c50, 8.6, 570.148.08, 71, 91, 92, 23028, 21029, 1571, 1530, 6251, 148.35, 150.00
1762617366,0, NVIDIA A10, GPU-359b21ab-3dbf-5646-ba1f-a513e3866c50, 8.6, 570.148.08, 71, 89, 90, 23028, 21029, 1571, 1515, 6251, 146.88, 150.00
1762617367,0, NVIDIA A10, GPU-359b21ab-3dbf-5646-ba1f-a513e3866c50, 8.6, 570.148.08, 72, 88, 80, 23028, 21029, 1571, 1305, 6251, 152.70, 150.00
1762617368,0, NVIDIA A10, GPU-359b21ab-3dbf-5646-ba1f-a513e3866c50, 8.6, 570.148.08, 71, 88, 84, 23028, 21029, 1571, 1410, 6251, 157.07, 150.00
1762617369,0, NVIDIA A10, GPU-359b21ab-3dbf-5646-ba1f-a513e3866c50, 8.6, 570.148.08, 71, 88, 88, 23028, 21029, 1571, 1500, 6251, 149.51, 150.00
1762617370,0, NVIDIA A10, GPU-359b21ab-3dbf-5646-ba1f-a513e3866c50, 8.6, 570.148.08, 72, 86, 85, 23028, 21029, 1571, 1140, 6251, 152.25, 150.00
1762617371,0, NVIDIA A10, GPU-359b21ab-3dbf-5646-ba1f-a513e3866c50, 8.6, 570.148.08, 72, 88, 89, 23028, 21029, 1571, 1515, 6251, 146.99, 150.00
1762617372,0, NVIDIA A10, GPU-359b21ab-3dbf-5646-ba1f-a513e3866c50, 8.6, 570.148.08, 71, 87, 88, 23028, 21029, 1571, 1530, 6251, 148.47, 150.00
1762617373,0, NVIDIA A10, GPU-359b21ab-3dbf-5646-ba1f-a513e3866c50, 8.6, 570.148.08, 72, 86, 85, 23028, 21029, 1571, 1455, 6251, 150.20, 150.00
1762617374,0, NVIDIA A10, GPU-359b21ab-3dbf-5646-ba1f-a513e3866c50, 8.6, 570.148.08, 72, 87, 87, 23028, 21029, 1571, 1470, 6251, 148.10, 150.00
1762617375,0, NVIDIA A10, GPU-359b21ab-3dbf-5646-ba1f-a513e3866c50, 8.6, 570.148.08, 72, 90, 91, 23028, 21029, 1571, 1485, 6251, 148.33, 150.00
1762617376,0, NVIDIA A10, GPU-359b21ab-3dbf-5646-ba1f-a513e3866c50, 8.6, 570.148.08, 72, 89, 90, 23028, 21029, 1571, 1500, 6251, 146.89, 150.00
1762617377,0, NVIDIA A10, GPU-359b21ab-3dbf-5646-ba1f-a513e3866c50, 8.6, 570.148.08, 72, 88, 88, 23028, 21029, 1571, 1455, 6251, 149.37, 150.00
1762617379,0, NVIDIA A10, GPU-359b21ab-3dbf-5646-ba1f-a513e3866c50, 8.6, 570.148.08, 72, 92, 91, 23028, 21029, 1571, 1455, 6251, 150.17, 150.00
1762617380,0, NVIDIA A10, GPU-359b21ab-3dbf-5646-ba1f-a513e3866c50, 8.6, 570.148.08, 72, 91, 85, 23028, 21029, 1571, 1455, 6251, 150.88, 150.00
1762617381,0, NVIDIA A10, GPU-359b21ab-3dbf-5646-ba1f-a513e3866c50, 8.6, 570.148.08, 72, 90, 89, 23028, 21029, 1571, 1455, 6251, 147.35, 150.00
1762617382,0, NVIDIA A10, GPU-359b21ab-3dbf-5646-ba1f-a513e3866c50, 8.6, 570.148.08, 72, 91, 91, 23028, 21029, 1571, 1485, 6251, 146.73, 150.00
1762617383,0, NVIDIA A10, GPU-359b21ab-3dbf-5646-ba1f-a513e3866c50, 8.6, 570.148.08, 72, 91, 92, 23028, 21029, 1571, 1485, 6251, 147.75, 150.00
1762617384,0, NVIDIA A10, GPU-359b21ab-3dbf-5646-ba1f-a513e3866c50, 8.6, 570.148.08, 72, 91, 91, 23028, 21029, 1571, 1455, 6251, 148.30, 150.00
1762617385,0, NVIDIA A10, GPU-359b21ab-3dbf-5646-ba1f-a513e3866c50, 8.6, 570.148.08, 72, 91, 90, 23028, 21029, 1571, 1470, 6251, 148.41, 150.00
1762617386,0, NVIDIA A10, GPU-359b21ab-3dbf-5646-ba1f-a513e3866c50, 8.6, 570.148.08, 72, 92, 92, 23028, 21029, 1571, 1485, 6251, 149.45, 150.00
1762617387,0, NVIDIA A10, GPU-359b21ab-3dbf-5646-ba1f-a513e3866c50, 8.6, 570.148.08, 72, 91, 91, 23028, 21029, 1571, 1455, 6251, 150.55, 150.00
1762617388,0, NVIDIA A10, GPU-359b21ab-3dbf-5646-ba1f-a513e3866c50, 8.6, 570.148.08, 72, 92, 91, 23028, 21029, 1571, 1440, 6251, 148.79, 150.00
1762617389,0, NVIDIA A10, GPU-359b21ab-3dbf-5646-ba1f-a513e3866c50, 8.6, 570.148.08, 72, 92, 88, 23028, 21029, 1571, 1380, 6251, 147.46, 150.00
1762617390,0, NVIDIA A10, GPU-359b21ab-3dbf-5646-ba1f-a513e3866c50, 8.6, 570.148.08, 72, 94, 80, 23028, 21029, 1571, 1380, 6251, 145.29, 150.00
1762617391,0, NVIDIA A10, GPU-359b21ab-3dbf-5646-ba1f-a513e3866c50, 8.6, 570.148.08, 73, 94, 85, 23028, 21029, 1571, 1410, 6251, 149.60, 150.00
1762617392,0, NVIDIA A10, GPU-359b21ab-3dbf-5646-ba1f-a513e3866c50, 8.6, 570.148.08, 72, 90, 91, 23028, 21029, 1571, 1470, 6251, 147.85, 150.00
1762617393,0, NVIDIA A10, GPU-359b21ab-3dbf-5646-ba1f-a513e3866c50, 8.6, 570.148.08, 72, 91, 90, 23028, 21029, 1571, 1485, 6251, 149.42, 150.00
1762617394,0, NVIDIA A10, GPU-359b21ab-3dbf-5646-ba1f-a513e3866c50, 8.6, 570.148.08, 72, 92, 92, 23028, 21029, 1571, 1530, 6251, 148.34, 150.00
1762617395,0, NVIDIA A10, GPU-359b21ab-3dbf-5646-ba1f-a513e3866c50, 8.6, 570.148.08, 73, 89, 78, 23028, 21029, 1571, 1290, 6251, 148.43, 150.00
1762617396,0, NVIDIA A10, GPU-359b21ab-3dbf-5646-ba1f-a513e3866c50, 8.6, 570.148.08, 73, 91, 82, 23028, 21029, 1571, 1260, 6251, 152.22, 150.00
1762617397,0, NVIDIA A10, GPU-359b21ab-3dbf-5646-ba1f-a513e3866c50, 8.6, 570.148.08, 72, 93, 81, 23028, 21029, 1571, 1455, 6251, 155.30, 150.00
1762617398,0, NVIDIA A10, GPU-359b21ab-3dbf-5646-ba1f-a513e3866c50, 8.6, 570.148.08, 73, 88, 87, 23028, 21029, 1571, 1440, 6251, 148.88, 150.00
1762617399,0, NVIDIA A10, GPU-359b21ab-3dbf-5646-ba1f-a513e3866c50, 8.6, 570.148.08, 73, 88, 86, 23028, 21029, 1571, 1470, 6251, 149.93, 150.00
1762617400,0, NVIDIA A10, GPU-359b21ab-3dbf-5646-ba1f-a513e3866c50, 8.6, 570.148.08, 73, 88, 87, 23028, 21029, 1571, 1485, 6251, 149.57, 150.00
1762617401,0, NVIDIA A10, GPU-359b21ab-3dbf-5646-ba1f-a513e3866c50, 8.6, 570.148.08, 73, 86, 87, 23028, 21029, 1571, 1530, 6251, 149.75, 150.00
1762617402,0, NVIDIA A10, GPU-359b21ab-3dbf-5646-ba1f-a513e3866c50, 8.6, 570.148.08, 73, 87, 88, 23028, 21029, 1571, 1500, 6251, 151.69, 150.00
1762617403,0, NVIDIA A10, GPU-359b21ab-3dbf-5646-ba1f-a513e3866c50, 8.6, 570.148.08, 73, 88, 87, 23028, 21029, 1571, 1170, 6251, 148.35, 150.00
1762617404,0, NVIDIA A10, GPU-359b21ab-3dbf-5646-ba1f-a513e3866c50, 8.6, 570.148.08, 73, 86, 87, 23028, 21029, 1571, 1455, 6251, 146.15, 150.00
1762617405,0, NVIDIA A10, GPU-359b21ab-3dbf-5646-ba1f-a513e3866c50, 8.6, 570.148.08, 73, 89, 88, 23028, 21029, 1571, 1155, 6251, 152.12, 150.00
1762617406,0, NVIDIA A10, GPU-359b21ab-3dbf-5646-ba1f-a513e3866c50, 8.6, 570.148.08, 73, 89, 88, 23028, 21029, 1571, 1425, 6251, 147.78, 150.00
1762617407,0, NVIDIA A10, GPU-359b21ab-3dbf-5646-ba1f-a513e3866c50, 8.6, 570.148.08, 73, 90, 89, 23028, 21029, 1571, 1440, 6251, 149.05, 150.00
1762617408,0, NVIDIA A10, GPU-359b21ab-3dbf-5646-ba1f-a513e3866c50, 8.6, 570.148.08, 73, 89, 89, 23028, 21029, 1571, 1410, 6251, 149.53, 150.00
1762617409,0, NVIDIA A10, GPU-359b21ab-3dbf-5646-ba1f-a513e3866c50, 8.6, 570.148.08, 73, 87, 83, 23028, 21029, 1571, 1185, 6251, 148.58, 150.00
1762617410,0, NVIDIA A10, GPU-359b21ab-3dbf-5646-ba1f-a513e3866c50, 8.6, 570.148.08, 73, 91, 90, 23028, 21029, 1571, 1440, 6251, 149.94, 150.00
1762617412,0, NVIDIA A10, GPU-359b21ab-3dbf-5646-ba1f-a513e3866c50, 8.6, 570.148.08, 73, 89, 87, 23028, 21029, 1571, 1485, 6251, 150.99, 150.00
1762617413,0, NVIDIA A10, GPU-359b21ab-3dbf-5646-ba1f-a513e3866c50, 8.6, 570.148.08, 73, 90, 88, 23028, 21029, 1571, 1410, 6251, 149.01, 150.00
1762617414,0, NVIDIA A10, GPU-359b21ab-3dbf-5646-ba1f-a513e3866c50, 8.6, 570.148.08, 73, 92, 90, 23028, 21029, 1571, 1410, 6251, 151.36, 150.00
1762617415,0, NVIDIA A10, GPU-359b21ab-3dbf-5646-ba1f-a513e3866c50, 8.6, 570.148.08, 73, 92, 91, 23028, 21029, 1571, 1470, 6251, 145.20, 150.00
1762617416,0, NVIDIA A10, GPU-359b21ab-3dbf-5646-ba1f-a513e3866c50, 8.6, 570.148.08, 73, 91, 90, 23028, 21029, 1571, 1425, 6251, 149.51, 150.00
1762617417,0, NVIDIA A10, GPU-359b21ab-3dbf-5646-ba1f-a513e3866c50, 8.6, 570.148.08, 73, 91, 90, 23028, 21029, 1571, 1425, 6251, 148.70, 150.00
1762617418,0, NVIDIA A10, GPU-359b21ab-3dbf-5646-ba1f-a513e3866c50, 8.6, 570.148.08, 73, 91, 92, 23028, 21029, 1571, 1470, 6251, 150.66, 150.00
1762617419,0, NVIDIA A10, GPU-359b21ab-3dbf-5646-ba1f-a513e3866c50, 8.6, 570.148.08, 73, 91, 92, 23028, 21029, 1571, 1470, 6251, 150.88, 150.00
1762617420,0, NVIDIA A10, GPU-359b21ab-3dbf-5646-ba1f-a513e3866c50, 8.6, 570.148.08, 73, 89, 90, 23028, 21029, 1571, 1515, 6251, 151.68, 150.00
1762617421,0, NVIDIA A10, GPU-359b21ab-3dbf-5646-ba1f-a513e3866c50, 8.6, 570.148.08, 74, 92, 91, 23028, 21029, 1571, 1440, 6251, 148.50, 150.00
1762617422,0, NVIDIA A10, GPU-359b21ab-3dbf-5646-ba1f-a513e3866c50, 8.6, 570.148.08, 73, 92, 91, 23028, 21029, 1571, 1440, 6251, 153.14, 150.00
1762617423,0, NVIDIA A10, GPU-359b21ab-3dbf-5646-ba1f-a513e3866c50, 8.6, 570.148.08, 74, 92, 90, 23028, 21029, 1571, 1440, 6251, 148.23, 150.00
1762617424,0, NVIDIA A10, GPU-359b21ab-3dbf-5646-ba1f-a513e3866c50, 8.6, 570.148.08, 74, 91, 91, 23028, 21029, 1571, 1455, 6251, 148.08, 150.00
1762617425,0, NVIDIA A10, GPU-359b21ab-3dbf-5646-ba1f-a513e3866c50, 8.6, 570.148.08, 74, 92, 90, 23028, 21029, 1571, 1350, 6251, 150.48, 150.00
1762617426,0, NVIDIA A10, GPU-359b21ab-3dbf-5646-ba1f-a513e3866c50, 8.6, 570.148.08, 74, 93, 86, 23028, 21029, 1571, 1410, 6251, 151.85, 150.00
1762617427,0, NVIDIA A10, GPU-359b21ab-3dbf-5646-ba1f-a513e3866c50, 8.6, 570.148.08, 74, 91, 90, 23028, 21029, 1571, 1470, 6251, 146.24, 150.00
1762617428,0, NVIDIA A10, GPU-359b21ab-3dbf-5646-ba1f-a513e3866c50, 8.6, 570.148.08, 73, 92, 92, 23028, 21029, 1571, 1455, 6251, 151.50, 150.00
1762617429,0, NVIDIA A10, GPU-359b21ab-3dbf-5646-ba1f-a513e3866c50, 8.6, 570.148.08, 74, 91, 90, 23028, 21029, 1571, 1395, 6251, 147.20, 150.00
1762617430,0, NVIDIA A10, GPU-359b21ab-3dbf-5646-ba1f-a513e3866c50, 8.6, 570.148.08, 74, 92, 81, 23028, 21029, 1571, 1080, 6251, 150.34, 150.00
1762617431,0, NVIDIA A10, GPU-359b21ab-3dbf-5646-ba1f-a513e3866c50, 8.6, 570.148.08, 74, 91, 91, 23028, 21029, 1571, 1470, 6251, 148.82, 150.00
1762617432,0, NVIDIA A10, GPU-359b21ab-3dbf-5646-ba1f-a513e3866c50, 8.6, 570.148.08, 74, 91, 90, 23028, 21029, 1571, 1395, 6251, 150.33, 150.00
1762617433,0, NVIDIA A10, GPU-359b21ab-3dbf-5646-ba1f-a513e3866c50, 8.6, 570.148.08, 74, 92, 92, 23028, 21029, 1571, 1425, 6251, 148.18, 150.00
1762617434,0, NVIDIA A10, GPU-359b21ab-3dbf-5646-ba1f-a513e3866c50, 8.6, 570.148.08, 74, 92, 90, 23028, 21029, 1571, 1410, 6251, 149.80, 150.00
1762617435,0, NVIDIA A10, GPU-359b21ab-3dbf-5646-ba1f-a513e3866c50, 8.6, 570.148.08, 74, 91, 91, 23028, 21029, 1571, 1410, 6251, 148.27, 150.00
1762617436,0, NVIDIA A10, GPU-359b21ab-3dbf-5646-ba1f-a513e3866c50, 8.6, 570.148.08, 74, 93, 91, 23028, 21029, 1571, 1410, 6251, 150.26, 150.00
1762617437,0, NVIDIA A10, GPU-359b21ab-3dbf-5646-ba1f-a513e3866c50, 8.6, 570.148.08, 74, 92, 93, 23028, 21029, 1571, 1425, 6251, 146.07, 150.00
1762617438,0, NVIDIA A10, GPU-359b21ab-3dbf-5646-ba1f-a513e3866c50, 8.6, 570.148.08, 74, 94, 81, 23028, 21029, 1571, 1425, 6251, 147.47, 150.00
1762617439,0, NVIDIA A10, GPU-359b21ab-3dbf-5646-ba1f-a513e3866c50, 8.6, 570.148.08, 74, 93, 91, 23028, 21029, 1571, 1440, 6251, 146.55, 150.00
1762617440,0, NVIDIA A10, GPU-359b21ab-3dbf-5646-ba1f-a513e3866c50, 8.6, 570.148.08, 74, 92, 91, 23028, 21029, 1571, 1410, 6251, 151.71, 150.00
1762617441,0, NVIDIA A10, GPU-359b21ab-3dbf-5646-ba1f-a513e3866c50, 8.6, 570.148.08, 74, 92, 92, 23028, 21029, 1571, 1470, 6251, 149.99, 150.00
1762617443,0, NVIDIA A10, GPU-359b21ab-3dbf-5646-ba1f-a513e3866c50, 8.6, 570.148.08, 74, 93, 91, 23028, 21029, 1571, 1425, 6251, 149.52, 150.00
1762617444,0, NVIDIA A10, GPU-359b21ab-3dbf-5646-ba1f-a513e3866c50, 8.6, 570.148.08, 74, 93, 91, 23028, 21029, 1571, 1365, 6251, 147.59, 150.00
1762617445,0, NVIDIA A10, GPU-359b21ab-3dbf-5646-ba1f-a513e3866c50, 8.6, 570.148.08, 74, 92, 91, 23028, 21029, 1571, 1455, 6251, 146.70, 150.00
1762617446,0, NVIDIA A10, GPU-359b21ab-3dbf-5646-ba1f-a513e3866c50, 8.6, 570.148.08, 74, 92, 79, 23028, 21029, 1571, 960, 6251, 146.59, 150.00
1762617447,0, NVIDIA A10, GPU-359b21ab-3dbf-5646-ba1f-a513e3866c50, 8.6, 570.148.08, 74, 92, 91, 23028, 21029, 1571, 1410, 6251, 146.29, 150.00
1762617448,0, NVIDIA A10, GPU-359b21ab-3dbf-5646-ba1f-a513e3866c50, 8.6, 570.148.08, 74, 92, 92, 23028, 21029, 1571, 1425, 6251, 150.23, 150.00
1762617449,0, NVIDIA A10, GPU-359b21ab-3dbf-5646-ba1f-a513e3866c50, 8.6, 570.148.08, 74, 90, 88, 23028, 21029, 1571, 1440, 6251, 147.35, 150.00
1762617450,0, NVIDIA A10, GPU-359b21ab-3dbf-5646-ba1f-a513e3866c50, 8.6, 570.148.08, 74, 90, 89, 23028, 21029, 1571, 1470, 6251, 149.67, 150.00
1762617451,0, NVIDIA A10, GPU-359b21ab-3dbf-5646-ba1f-a513e3866c50, 8.6, 570.148.08, 74, 91, 90, 23028, 21029, 1571, 1455, 6251, 147.68, 150.00
1762617452,0, NVIDIA A10, GPU-359b21ab-3dbf-5646-ba1f-a513e3866c50, 8.6, 570.148.08, 74, 89, 89, 23028, 21029, 1571, 1500, 6251, 148.81, 150.00
1762617453,0, NVIDIA A10, GPU-359b21ab-3dbf-5646-ba1f-a513e3866c50, 8.6, 570.148.08, 74, 88, 87, 23028, 21029, 1571, 1470, 6251, 150.26, 150.00
1762617454,0, NVIDIA A10, GPU-359b21ab-3dbf-5646-ba1f-a513e3866c50, 8.6, 570.148.08, 74, 88, 86, 23028, 21029, 1571, 1485, 6251, 146.06, 150.00
1762617455,0, NVIDIA A10, GPU-359b21ab-3dbf-5646-ba1f-a513e3866c50, 8.6, 570.148.08, 74, 89, 90, 23028, 21029, 1571, 1470, 6251, 147.94, 150.00
1762617456,0, NVIDIA A10, GPU-359b21ab-3dbf-5646-ba1f-a513e3866c50, 8.6, 570.148.08, 74, 88, 88, 23028, 21029, 1571, 1425, 6251, 148.37, 150.00
1762617457,0, NVIDIA A10, GPU-359b21ab-3dbf-5646-ba1f-a513e3866c50, 8.6, 570.148.08, 74, 87, 88, 23028, 21029, 1571, 1440, 6251, 148.40, 150.00
1762617458,0, NVIDIA A10, GPU-359b21ab-3dbf-5646-ba1f-a513e3866c50, 8.6, 570.148.08, 74, 90, 89, 23028, 21029, 1571, 1410, 6251, 154.37, 150.00
1762617459,0, NVIDIA A10, GPU-359b21ab-3dbf-5646-ba1f-a513e3866c50, 8.6, 570.148.08, 74, 91, 79, 23028, 21029, 1571, 1395, 6251, 145.19, 150.00
1762617460,0, NVIDIA A10, GPU-359b21ab-3dbf-5646-ba1f-a513e3866c50, 8.6, 570.148.08, 74, 85, 84, 23028, 21029, 1571, 1425, 6251, 147.76, 150.00
1762617461,0, NVIDIA A10, GPU-359b21ab-3dbf-5646-ba1f-a513e3866c50, 8.6, 570.148.08, 74, 89, 90, 23028, 21029, 1571, 1470, 6251, 148.24, 150.00
1762617462,0, NVIDIA A10, GPU-359b21ab-3dbf-5646-ba1f-a513e3866c50, 8.6, 570.148.08, 75, 89, 88, 23028, 21029, 1571, 1050, 6251, 148.67, 150.00
1762617463,0, NVIDIA A10, GPU-359b21ab-3dbf-5646-ba1f-a513e3866c50, 8.6, 570.148.08, 74, 89, 87, 23028, 21029, 1571, 1410, 6251, 146.96, 150.00
1762617464,0, NVIDIA A10, GPU-359b21ab-3dbf-5646-ba1f-a513e3866c50, 8.6, 570.148.08, 74, 88, 89, 23028, 21029, 1571, 1470, 6251, 150.48, 150.00
1762617465,0, NVIDIA A10, GPU-359b21ab-3dbf-5646-ba1f-a513e3866c50, 8.6, 570.148.08, 74, 90, 90, 23028, 21029, 1571, 1485, 6251, 150.71, 150.00
1762617466,0, NVIDIA A10, GPU-359b21ab-3dbf-5646-ba1f-a513e3866c50, 8.6, 570.148.08, 74, 89, 90, 23028, 21029, 1571, 1455, 6251, 148.82, 150.00
1762617467,0, NVIDIA A10, GPU-359b21ab-3dbf-5646-ba1f-a513e3866c50, 8.6, 570.148.08, 74, 91, 90, 23028, 21029, 1571, 1470, 6251, 146.73, 150.00
1762617468,0, NVIDIA A10, GPU-359b21ab-3dbf-5646-ba1f-a513e3866c50, 8.6, 570.148.08, 74, 91, 91, 23028, 21029, 1571, 1455, 6251, 147.90, 150.00
1762617469,0, NVIDIA A10, GPU-359b21ab-3dbf-5646-ba1f-a513e3866c50, 8.6, 570.148.08, 74, 91, 79, 23028, 21029, 1571, 1395, 6251, 150.16, 150.00
1762617470,0, NVIDIA A10, GPU-359b21ab-3dbf-5646-ba1f-a513e3866c50, 8.6, 570.148.08, 74, 91, 88, 23028, 21029, 1571, 1410, 6251, 148.52, 150.00
1762617471,0, NVIDIA A10, GPU-359b21ab-3dbf-5646-ba1f-a513e3866c50, 8.6, 570.148.08, 74, 92, 90, 23028, 21029, 1571, 1395, 6251, 148.86, 150.00
1762617472,0, NVIDIA A10, GPU-359b21ab-3dbf-5646-ba1f-a513e3866c50, 8.6, 570.148.08, 74, 91, 91, 23028, 21029, 1571, 1425, 6251, 151.41, 150.00
1762617473,0, NVIDIA A10, GPU-359b21ab-3dbf-5646-ba1f-a513e3866c50, 8.6, 570.148.08, 75, 92, 91, 23028, 21029, 1571, 1395, 6251, 152.94, 150.00
1762617475,0, NVIDIA A10, GPU-359b21ab-3dbf-5646-ba1f-a513e3866c50, 8.6, 570.148.08, 75, 92, 91, 23028, 21029, 1571, 1395, 6251, 150.83, 150.00
1762617476,0, NVIDIA A10, GPU-359b21ab-3dbf-5646-ba1f-a513e3866c50, 8.6, 570.148.08, 75, 92, 92, 23028, 21029, 1571, 1440, 6251, 153.71, 150.00
1762617477,0, NVIDIA A10, GPU-359b21ab-3dbf-5646-ba1f-a513e3866c50, 8.6, 570.148.08, 75, 92, 91, 23028, 21029, 1571, 1410, 6251, 153.47, 150.00
1762617478,0, NVIDIA A10, GPU-359b21ab-3dbf-5646-ba1f-a513e3866c50, 8.6, 570.148.08, 74, 92, 81, 23028, 21029, 1571, 1365, 6251, 146.99, 150.00
1762617479,0, NVIDIA A10, GPU-359b21ab-3dbf-5646-ba1f-a513e3866c50, 8.6, 570.148.08, 74, 91, 87, 23028, 21029, 1571, 1470, 6251, 150.31, 150.00
1762617480,0, NVIDIA A10, GPU-359b21ab-3dbf-5646-ba1f-a513e3866c50, 8.6, 570.148.08, 75, 92, 90, 23028, 21029, 1571, 1440, 6251, 148.63, 150.00
1762617481,0, NVIDIA A10, GPU-359b21ab-3dbf-5646-ba1f-a513e3866c50, 8.6, 570.148.08, 75, 91, 90, 23028, 21029, 1571, 1425, 6251, 149.94, 150.00
1762617482,0, NVIDIA A10, GPU-359b21ab-3dbf-5646-ba1f-a513e3866c50, 8.6, 570.148.08, 75, 91, 89, 23028, 21029, 1571, 1410, 6251, 153.97, 150.00
1762617483,0, NVIDIA A10, GPU-359b21ab-3dbf-5646-ba1f-a513e3866c50, 8.6, 570.148.08, 75, 91, 91, 23028, 21029, 1571, 1455, 6251, 152.60, 150.00
1762617484,0, NVIDIA A10, GPU-359b21ab-3dbf-5646-ba1f-a513e3866c50, 8.6, 570.148.08, 75, 91, 90, 23028, 21029, 1571, 1395, 6251, 148.79, 150.00
1762617485,0, NVIDIA A10, GPU-359b21ab-3dbf-5646-ba1f-a513e3866c50, 8.6, 570.148.08, 74, 91, 83, 23028, 21029, 1571, 1455, 6251, 149.79, 150.00
1762617486,0, NVIDIA A10, GPU-359b21ab-3dbf-5646-ba1f-a513e3866c50, 8.6, 570.148.08, 75, 91, 90, 23028, 21029, 1571, 1395, 6251, 148.74, 150.00
1762617487,0, NVIDIA A10, GPU-359b21ab-3dbf-5646-ba1f-a513e3866c50, 8.6, 570.148.08, 75, 92, 90, 23028, 21029, 1571, 1395, 6251, 147.92, 150.00
1762617488,0, NVIDIA A10, GPU-359b21ab-3dbf-5646-ba1f-a513e3866c50, 8.6, 570.148.08, 75, 92, 92, 23028, 21029, 1571, 1470, 6251, 152.47, 150.00
1762617489,0, NVIDIA A10, GPU-359b21ab-3dbf-5646-ba1f-a513e3866c50, 8.6, 570.148.08, 75, 91, 90, 23028, 21029, 1571, 1395, 6251, 150.61, 150.00
1762617490,0, NVIDIA A10, GPU-359b21ab-3dbf-5646-ba1f-a513e3866c50, 8.6, 570.148.08, 75, 92, 89, 23028, 21029, 1571, 1380, 6251, 153.18, 150.00
1762617491,0, NVIDIA A10, GPU-359b21ab-3dbf-5646-ba1f-a513e3866c50, 8.6, 570.148.08, 75, 92, 90, 23028, 21029, 1571, 1350, 6251, 148.23, 150.00
1762617492,0, NVIDIA A10, GPU-359b21ab-3dbf-5646-ba1f-a513e3866c50, 8.6, 570.148.08, 75, 91, 91, 23028, 21029, 1571, 1425, 6251, 148.30, 150.00
1762617493,0, NVIDIA A10, GPU-359b21ab-3dbf-5646-ba1f-a513e3866c50, 8.6, 570.148.08, 75, 92, 92, 23028, 21029, 1571, 1470, 6251, 151.76, 150.00
1762617494,0, NVIDIA A10, GPU-359b21ab-3dbf-5646-ba1f-a513e3866c50, 8.6, 570.148.08, 75, 92, 90, 23028, 21029, 1571, 1425, 6251, 149.99, 150.00
1762617495,0, NVIDIA A10, GPU-359b21ab-3dbf-5646-ba1f-a513e3866c50, 8.6, 570.148.08, 75, 92, 92, 23028, 21029, 1571, 1095, 6251, 150.82, 150.00
1762617496,0, NVIDIA A10, GPU-359b21ab-3dbf-5646-ba1f-a513e3866c50, 8.6, 570.148.08, 75, 92, 79, 23028, 21029, 1571, 930, 6251, 146.08, 150.00
1762617497,0, NVIDIA A10, GPU-359b21ab-3dbf-5646-ba1f-a513e3866c50, 8.6, 570.148.08, 75, 91, 90, 23028, 21029, 1571, 1455, 6251, 148.15, 150.00
1762617498,0, NVIDIA A10, GPU-359b21ab-3dbf-5646-ba1f-a513e3866c50, 8.6, 570.148.08, 75, 92, 90, 23028, 21029, 1571, 1440, 6251, 146.96, 150.00
1762617499,0, NVIDIA A10, GPU-359b21ab-3dbf-5646-ba1f-a513e3866c50, 8.6, 570.148.08, 75, 87, 87, 23028, 21029, 1571, 1515, 6251, 151.73, 150.00
1762617500,0, NVIDIA A10, GPU-359b21ab-3dbf-5646-ba1f-a513e3866c50, 8.6, 570.148.08, 75, 91, 88, 23028, 21029, 1571, 1500, 6251, 150.26, 150.00
1762617501,0, NVIDIA A10, GPU-359b21ab-3dbf-5646-ba1f-a513e3866c50, 8.6, 570.148.08, 75, 90, 89, 23028, 21029, 1571, 1440, 6251, 149.11, 150.00
1762617502,0, NVIDIA A10, GPU-359b21ab-3dbf-5646-ba1f-a513e3866c50, 8.6, 570.148.08, 75, 88, 88, 23028, 21029, 1571, 1470, 6251, 148.14, 150.00
1762617503,0, NVIDIA A10, GPU-359b21ab-3dbf-5646-ba1f-a513e3866c50, 8.6, 570.148.08, 75, 89, 89, 23028, 21029, 1571, 1485, 6251, 155.29, 150.00
1762617504,0, NVIDIA A10, GPU-359b21ab-3dbf-5646-ba1f-a513e3866c50, 8.6, 570.148.08, 75, 90, 89, 23028, 21029, 1571, 1455, 6251, 151.68, 150.00
1762617505,0, NVIDIA A10, GPU-359b21ab-3dbf-5646-ba1f-a513e3866c50, 8.6, 570.148.08, 75, 86, 85, 23028, 21029, 1571, 1125, 6251, 150.40, 150.00
1762617507,0, NVIDIA A10, GPU-359b21ab-3dbf-5646-ba1f-a513e3866c50, 8.6, 570.148.08, 75, 90, 79, 23028, 21029, 1571, 1425, 6251, 145.79, 150.00
1762617508,0, NVIDIA A10, GPU-359b21ab-3dbf-5646-ba1f-a513e3866c50, 8.6, 570.148.08, 75, 89, 87, 23028, 21029, 1571, 1440, 6251, 146.68, 150.00
1762617509,0, NVIDIA A10, GPU-359b21ab-3dbf-5646-ba1f-a513e3866c50, 8.6, 570.148.08, 75, 88, 89, 23028, 21029, 1571, 1500, 6251, 148.65, 150.00
1762617510,0, NVIDIA A10, GPU-359b21ab-3dbf-5646-ba1f-a513e3866c50, 8.6, 570.148.08, 75, 88, 88, 23028, 21029, 1571, 1500, 6251, 149.69, 150.00
1762617511,0, NVIDIA A10, GPU-359b21ab-3dbf-5646-ba1f-a513e3866c50, 8.6, 570.148.08, 75, 90, 79, 23028, 21029, 1571, 1470, 6251, 148.17, 150.00
1762617512,0, NVIDIA A10, GPU-359b21ab-3dbf-5646-ba1f-a513e3866c50, 8.6, 570.148.08, 75, 89, 82, 23028, 21029, 1571, 1455, 6251, 149.61, 150.00
1762617513,0, NVIDIA A10, GPU-359b21ab-3dbf-5646-ba1f-a513e3866c50, 8.6, 570.148.08, 75, 89, 88, 23028, 21029, 1571, 1215, 6251, 149.06, 150.00
1762617514,0, NVIDIA A10, GPU-359b21ab-3dbf-5646-ba1f-a513e3866c50, 8.6, 570.148.08, 75, 88, 89, 23028, 21029, 1571, 1440, 6251, 146.54, 150.00
1762617515,0, NVIDIA A10, GPU-359b21ab-3dbf-5646-ba1f-a513e3866c50, 8.6, 570.148.08, 75, 89, 89, 23028, 21029, 1571, 1440, 6251, 152.98, 150.00
1762617516,0, NVIDIA A10, GPU-359b21ab-3dbf-5646-ba1f-a513e3866c50, 8.6, 570.148.08, 75, 87, 86, 23028, 21029, 1571, 1260, 6251, 147.44, 150.00
1762617517,0, NVIDIA A10, GPU-359b21ab-3dbf-5646-ba1f-a513e3866c50, 8.6, 570.148.08, 75, 88, 88, 23028, 21029, 1571, 1395, 6251, 148.01, 150.00
1762617518,0, NVIDIA A10, GPU-359b21ab-3dbf-5646-ba1f-a513e3866c50, 8.6, 570.148.08, 75, 91, 90, 23028, 21029, 1571, 1395, 6251, 149.65, 150.00
1762617519,0, NVIDIA A10, GPU-359b21ab-3dbf-5646-ba1f-a513e3866c50, 8.6, 570.148.08, 75, 90, 89, 23028, 21029, 1571, 1410, 6251, 152.10, 150.00
1762617520,0, NVIDIA A10, GPU-359b21ab-3dbf-5646-ba1f-a513e3866c50, 8.6, 570.148.08, 75, 88, 82, 23028, 21029, 1571, 1290, 6251, 152.75, 150.00
1762617521,0, NVIDIA A10, GPU-359b21ab-3dbf-5646-ba1f-a513e3866c50, 8.6, 570.148.08, 75, 88, 89, 23028, 21029, 1571, 1455, 6251, 144.83, 150.00
1762617522,0, NVIDIA A10, GPU-359b21ab-3dbf-5646-ba1f-a513e3866c50, 8.6, 570.148.08, 75, 90, 90, 23028, 21029, 1571, 1455, 6251, 146.44, 150.00
1762617523,0, NVIDIA A10, GPU-359b21ab-3dbf-5646-ba1f-a513e3866c50, 8.6, 570.148.08, 75, 90, 89, 23028, 21029, 1571, 1425, 6251, 148.23, 150.00
1762617524,0, NVIDIA A10, GPU-359b21ab-3dbf-5646-ba1f-a513e3866c50, 8.6, 570.148.08, 75, 91, 91, 23028, 21029, 1571, 1455, 6251, 156.15, 150.00
1762617525,0, NVIDIA A10, GPU-359b21ab-3dbf-5646-ba1f-a513e3866c50, 8.6, 570.148.08, 75, 91, 89, 23028, 21029, 1571, 1425, 6251, 147.28, 150.00
1762617526,0, NVIDIA A10, GPU-359b21ab-3dbf-5646-ba1f-a513e3866c50, 8.6, 570.148.08, 75, 90, 88, 23028, 21029, 1571, 1275, 6251, 149.48, 150.00
1762617527,0, NVIDIA A10, GPU-359b21ab-3dbf-5646-ba1f-a513e3866c50, 8.6, 570.148.08, 75, 88, 89, 23028, 21029, 1571, 1455, 6251, 147.66, 150.00
1762617528,0, NVIDIA A10, GPU-359b21ab-3dbf-5646-ba1f-a513e3866c50, 8.6, 570.148.08, 75, 91, 90, 23028, 21029, 1571, 1425, 6251, 150.29, 150.00
1762617529,0, NVIDIA A10, GPU-359b21ab-3dbf-5646-ba1f-a513e3866c50, 8.6, 570.148.08, 75, 91, 90, 23028, 21029, 1571, 1425, 6251, 151.75, 150.00
1762617530,0, NVIDIA A10, GPU-359b21ab-3dbf-5646-ba1f-a513e3866c50, 8.6, 570.148.08, 75, 93, 82, 23028, 21029, 1571, 1440, 6251, 149.86, 150.00
1762617531,0, NVIDIA A10, GPU-359b21ab-3dbf-5646-ba1f-a513e3866c50, 8.6, 570.148.08, 75, 92, 80, 23028, 21029, 1571, 930, 6251, 150.86, 150.00
1762617532,0, NVIDIA A10, GPU-359b21ab-3dbf-5646-ba1f-a513e3866c50, 8.6, 570.148.08, 75, 91, 91, 23028, 21029, 1571, 1425, 6251, 150.86, 150.00
1762617533,0, NVIDIA A10, GPU-359b21ab-3dbf-5646-ba1f-a513e3866c50, 8.6, 570.148.08, 75, 92, 90, 23028, 21029, 1571, 1380, 6251, 148.25, 150.00
1762617534,0, NVIDIA A10, GPU-359b21ab-3dbf-5646-ba1f-a513e3866c50, 8.6, 570.148.08, 75, 91, 91, 23028, 21029, 1571, 1425, 6251, 145.73, 150.00
1762617535,0, NVIDIA A10, GPU-359b21ab-3dbf-5646-ba1f-a513e3866c50, 8.6, 570.148.08, 75, 91, 91, 23028, 21029, 1571, 1440, 6251, 152.07, 150.00
1762617536,0, NVIDIA A10, GPU-359b21ab-3dbf-5646-ba1f-a513e3866c50, 8.6, 570.148.08, 75, 91, 91, 23028, 21029, 1571, 1470, 6251, 151.53, 150.00
1762617537,0, NVIDIA A10, GPU-359b21ab-3dbf-5646-ba1f-a513e3866c50, 8.6, 570.148.08, 75, 92, 90, 23028, 21029, 1571, 1395, 6251, 148.36, 150.00
1762617538,0, NVIDIA A10, GPU-359b21ab-3dbf-5646-ba1f-a513e3866c50, 8.6, 570.148.08, 75, 91, 92, 23028, 21029, 1571, 1470, 6251, 149.82, 150.00
1762617540,0, NVIDIA A10, GPU-359b21ab-3dbf-5646-ba1f-a513e3866c50, 8.6, 570.148.08, 75, 91, 91, 23028, 21029, 1571, 1425, 6251, 149.75, 150.00
1762617541,0, NVIDIA A10, GPU-359b21ab-3dbf-5646-ba1f-a513e3866c50, 8.6, 570.148.08, 75, 91, 91, 23028, 21029, 1571, 1425, 6251, 147.64, 150.00
1762617542,0, NVIDIA A10, GPU-359b21ab-3dbf-5646-ba1f-a513e3866c50, 8.6, 570.148.08, 75, 92, 92, 23028, 21029, 1571, 1350, 6251, 148.14, 150.00
1762617543,0, NVIDIA A10, GPU-359b21ab-3dbf-5646-ba1f-a513e3866c50, 8.6, 570.148.08, 75, 90, 89, 23028, 21029, 1571, 1440, 6251, 147.15, 150.00
1762617544,0, NVIDIA A10, GPU-359b21ab-3dbf-5646-ba1f-a513e3866c50, 8.6, 570.148.08, 75, 92, 79, 23028, 21029, 1571, 1455, 6251, 149.40, 150.00
1762617545,0, NVIDIA A10, GPU-359b21ab-3dbf-5646-ba1f-a513e3866c50, 8.6, 570.148.08, 75, 93, 89, 23028, 21029, 1571, 1410, 6251, 151.45, 150.00
1762617546,0, NVIDIA A10, GPU-359b21ab-3dbf-5646-ba1f-a513e3866c50, 8.6, 570.148.08, 75, 93, 91, 23028, 21029, 1571, 1395, 6251, 147.75, 150.00
1762617547,0, NVIDIA A10, GPU-359b21ab-3dbf-5646-ba1f-a513e3866c50, 8.6, 570.148.08, 75, 92, 92, 23028, 21029, 1571, 1440, 6251, 148.96, 150.00
1762617548,0, NVIDIA A10, GPU-359b21ab-3dbf-5646-ba1f-a513e3866c50, 8.6, 570.148.08, 75, 93, 82, 23028, 21029, 1571, 1275, 6251, 157.54, 150.00
1762617549,0, NVIDIA A10, GPU-359b21ab-3dbf-5646-ba1f-a513e3866c50, 8.6, 570.148.08, 75, 92, 92, 23028, 21029, 1571, 1440, 6251, 148.94, 150.00
1762617550,0, NVIDIA A10, GPU-359b21ab-3dbf-5646-ba1f-a513e3866c50, 8.6, 570.148.08, 75, 91, 91, 23028, 21029, 1571, 1440, 6251, 148.90, 150.00
1762617551,0, NVIDIA A10, GPU-359b21ab-3dbf-5646-ba1f-a513e3866c50, 8.6, 570.148.08, 75, 93, 80, 23028, 21029, 1571, 1275, 6251, 148.05, 150.00
1762617552,0, NVIDIA A10, GPU-359b21ab-3dbf-5646-ba1f-a513e3866c50, 8.6, 570.148.08, 75, 91, 88, 23028, 21029, 1571, 1020, 6251, 145.01, 150.00
1762617553,0, NVIDIA A10, GPU-359b21ab-3dbf-5646-ba1f-a513e3866c50, 8.6, 570.148.08, 75, 92, 91, 23028, 21029, 1571, 1395, 6251, 148.04, 150.00
1762617554,0, NVIDIA A10, GPU-359b21ab-3dbf-5646-ba1f-a513e3866c50, 8.6, 570.148.08, 75, 90, 91, 23028, 21029, 1571, 1440, 6251, 147.28, 150.00
1762617555,0, NVIDIA A10, GPU-359b21ab-3dbf-5646-ba1f-a513e3866c50, 8.6, 570.148.08, 75, 91, 90, 23028, 21029, 1571, 1455, 6251, 148.07, 150.00
1762617556,0, NVIDIA A10, GPU-359b21ab-3dbf-5646-ba1f-a513e3866c50, 8.6, 570.148.08, 75, 91, 90, 23028, 21029, 1571, 1050, 6251, 147.88, 150.00
1762617557,0, NVIDIA A10, GPU-359b21ab-3dbf-5646-ba1f-a513e3866c50, 8.6, 570.148.08, 75, 89, 87, 23028, 21029, 1571, 1395, 6251, 147.55, 150.00
1762617558,0, NVIDIA A10, GPU-359b21ab-3dbf-5646-ba1f-a513e3866c50, 8.6, 570.148.08, 75, 90, 90, 23028, 21029, 1571, 1500, 6251, 147.35, 150.00
1762617559,0, NVIDIA A10, GPU-359b21ab-3dbf-5646-ba1f-a513e3866c50, 8.6, 570.148.08, 75, 90, 90, 23028, 21029, 1571, 1470, 6251, 151.66, 150.00
1762617560,0, NVIDIA A10, GPU-359b21ab-3dbf-5646-ba1f-a513e3866c50, 8.6, 570.148.08, 75, 88, 89, 23028, 21029, 1571, 1485, 6251, 152.11, 150.00
1762617561,0, NVIDIA A10, GPU-359b21ab-3dbf-5646-ba1f-a513e3866c50, 8.6, 570.148.08, 75, 85, 85, 23028, 21029, 1571, 1515, 6251, 147.42, 150.00
1762617562,0, NVIDIA A10, GPU-359b21ab-3dbf-5646-ba1f-a513e3866c50, 8.6, 570.148.08, 75, 88, 88, 23028, 21029, 1571, 1500, 6251, 145.50, 150.00
1762617563,0, NVIDIA A10, GPU-359b21ab-3dbf-5646-ba1f-a513e3866c50, 8.6, 570.148.08, 75, 87, 84, 23028, 21029, 1571, 1215, 6251, 150.59, 150.00
1762617564,0, NVIDIA A10, GPU-359b21ab-3dbf-5646-ba1f-a513e3866c50, 8.6, 570.148.08, 75, 88, 89, 23028, 21029, 1571, 1455, 6251, 153.39, 150.00
1762617565,0, NVIDIA A10, GPU-359b21ab-3dbf-5646-ba1f-a513e3866c50, 8.6, 570.148.08, 75, 90, 76, 23028, 21029, 1571, 1485, 6251, 150.73, 150.00
1762617566,0, NVIDIA A10, GPU-359b21ab-3dbf-5646-ba1f-a513e3866c50, 8.6, 570.148.08, 75, 89, 89, 23028, 21029, 1571, 1470, 6251, 151.14, 150.00
1762617567,0, NVIDIA A10, GPU-359b21ab-3dbf-5646-ba1f-a513e3866c50, 8.6, 570.148.08, 75, 88, 89, 23028, 21029, 1571, 1455, 6251, 151.47, 150.00
1762617568,0, NVIDIA A10, GPU-359b21ab-3dbf-5646-ba1f-a513e3866c50, 8.6, 570.148.08, 75, 88, 87, 23028, 21029, 1571, 1395, 6251, 149.05, 150.00
1762617569,0, NVIDIA A10, GPU-359b21ab-3dbf-5646-ba1f-a513e3866c50, 8.6, 570.148.08, 75, 91, 90, 23028, 21029, 1571, 1380, 6251, 150.77, 150.00
1762617570,0, NVIDIA A10, GPU-359b21ab-3dbf-5646-ba1f-a513e3866c50, 8.6, 570.148.08, 75, 90, 89, 23028, 21029, 1571, 1410, 6251, 148.75, 150.00
1762617572,0, NVIDIA A10, GPU-359b21ab-3dbf-5646-ba1f-a513e3866c50, 8.6, 570.148.08, 75, 88, 87, 23028, 21029, 1571, 1365, 6251, 153.16, 150.00
1762617573,0, NVIDIA A10, GPU-359b21ab-3dbf-5646-ba1f-a513e3866c50, 8.6, 570.148.08, 75, 89, 88, 23028, 21029, 1571, 1350, 6251, 148.27, 150.00
1762617574,0, NVIDIA A10, GPU-359b21ab-3dbf-5646-ba1f-a513e3866c50, 8.6, 570.148.08, 75, 92, 90, 23028, 21029, 1571, 1395, 6251, 147.36, 150.00
1762617575,0, NVIDIA A10, GPU-359b21ab-3dbf-5646-ba1f-a513e3866c50, 8.6, 570.148.08, 75, 91, 92, 23028, 21029, 1571, 1380, 6251, 154.34, 150.00
1762617576,0, NVIDIA A10, GPU-359b21ab-3dbf-5646-ba1f-a513e3866c50, 8.6, 570.148.08, 75, 91, 89, 23028, 21029, 1571, 825, 6251, 145.64, 150.00
1762617577,0, NVIDIA A10, GPU-359b21ab-3dbf-5646-ba1f-a513e3866c50, 8.6, 570.148.08, 75, 92, 77, 23028, 21029, 1571, 1260, 6251, 145.76, 150.00
1762617578,0, NVIDIA A10, GPU-359b21ab-3dbf-5646-ba1f-a513e3866c50, 8.6, 570.148.08, 75, 92, 92, 23028, 21029, 1571, 1425, 6251, 148.37, 150.00
1762617579,0, NVIDIA A10, GPU-359b21ab-3dbf-5646-ba1f-a513e3866c50, 8.6, 570.148.08, 75, 92, 91, 23028, 21029, 1571, 1050, 6251, 149.69, 150.00
1762617580,0, NVIDIA A10, GPU-359b21ab-3dbf-5646-ba1f-a513e3866c50, 8.6, 570.148.08, 76, 91, 90, 23028, 21029, 1571, 1380, 6251, 149.35, 150.00
1762617581,0, NVIDIA A10, GPU-359b21ab-3dbf-5646-ba1f-a513e3866c50, 8.6, 570.148.08, 75, 91, 91, 23028, 21029, 1571, 1395, 6251, 146.57, 150.00
1762617582,0, NVIDIA A10, GPU-359b21ab-3dbf-5646-ba1f-a513e3866c50, 8.6, 570.148.08, 76, 92, 92, 23028, 21029, 1571, 1425, 6251, 146.51, 150.00
1762617583,0, NVIDIA A10, GPU-359b21ab-3dbf-5646-ba1f-a513e3866c50, 8.6, 570.148.08, 75, 92, 92, 23028, 21029, 1571, 1425, 6251, 148.37, 150.00
1762617584,0, NVIDIA A10, GPU-359b21ab-3dbf-5646-ba1f-a513e3866c50, 8.6, 570.148.08, 76, 91, 91, 23028, 21029, 1571, 1425, 6251, 147.70, 150.00
1762617585,0, NVIDIA A10, GPU-359b21ab-3dbf-5646-ba1f-a513e3866c50, 8.6, 570.148.08, 75, 91, 92, 23028, 21029, 1571, 1455, 6251, 147.89, 150.00
1762617586,0, NVIDIA A10, GPU-359b21ab-3dbf-5646-ba1f-a513e3866c50, 8.6, 570.148.08, 76, 94, 80, 23028, 21029, 1571, 1275, 6251, 147.98, 150.00
1762617587,0, NVIDIA A10, GPU-359b21ab-3dbf-5646-ba1f-a513e3866c50, 8.6, 570.148.08, 75, 92, 92, 23028, 21029, 1571, 1410, 6251, 148.23, 150.00
1762617588,0, NVIDIA A10, GPU-359b21ab-3dbf-5646-ba1f-a513e3866c50, 8.6, 570.148.08, 76, 92, 91, 23028, 21029, 1571, 1065, 6251, 151.81, 150.00
1762617589,0, NVIDIA A10, GPU-359b21ab-3dbf-5646-ba1f-a513e3866c50, 8.6, 570.148.08, 76, 92, 90, 23028, 21029, 1571, 1365, 6251, 146.48, 150.00
1762617590,0, NVIDIA A10, GPU-359b21ab-3dbf-5646-ba1f-a513e3866c50, 8.6, 570.148.08, 76, 92, 92, 23028, 21029, 1571, 1425, 6251, 146.75, 150.00
1762617591,0, NVIDIA A10, GPU-359b21ab-3dbf-5646-ba1f-a513e3866c50, 8.6, 570.148.08, 75, 92, 92, 23028, 21029, 1571, 1455, 6251, 150.83, 150.00
1762617592,0, NVIDIA A10, GPU-359b21ab-3dbf-5646-ba1f-a513e3866c50, 8.6, 570.148.08, 75, 91, 92, 23028, 21029, 1571, 1440, 6251, 151.82, 150.00
1762617593,0, NVIDIA A10, GPU-359b21ab-3dbf-5646-ba1f-a513e3866c50, 8.6, 570.148.08, 75, 92, 90, 23028, 21029, 1571, 1410, 6251, 149.58, 150.00
1762617594,0, NVIDIA A10, GPU-359b21ab-3dbf-5646-ba1f-a513e3866c50, 8.6, 570.148.08, 75, 92, 92, 23028, 21029, 1571, 1470, 6251, 155.44, 150.00
1762617595,0, NVIDIA A10, GPU-359b21ab-3dbf-5646-ba1f-a513e3866c50, 8.6, 570.148.08, 73, 0, 0, 23028, 21029, 1571, 1695, 6251, 111.89, 150.00
1762617596,0, NVIDIA A10, GPU-359b21ab-3dbf-5646-ba1f-a513e3866c50, 8.6, 570.148.08, 73, 0, 0, 23028, 21029, 1571, 1695, 6251, 85.68, 150.00
1762617597,0, NVIDIA A10, GPU-359b21ab-3dbf-5646-ba1f-a513e3866c50, 8.6, 570.148.08, 72, 0, 0, 23028, 3, 22596, 1695, 6251, 83.16, 150.00
1762617598,0, NVIDIA A10, GPU-359b21ab-3dbf-5646-ba1f-a513e3866c50, 8.6, 570.148.08, 71, 0, 0, 23028, 0, 22599, 1695, 6251, 77.93, 150.00
1762617599,0, NVIDIA A10, GPU-359b21ab-3dbf-5646-ba1f-a513e3866c50, 8.6, 570.148.08, 70, 0, 0, 23028, 0, 22599, 930, 6251, 75.42, 150.00
1762617600,0, NVIDIA A10, GPU-359b21ab-3dbf-5646-ba1f-a513e3866c50, 8.6, 570.148.08, 69, 0, 0, 23028, 0, 22599, 225, 6251, 51.58, 150.00
1762617602,0, NVIDIA A10, GPU-359b21ab-3dbf-5646-ba1f-a513e3866c50, 8.6, 570.148.08, 68, 0, 0, 23028, 0, 22599, 210, 6251, 51.25, 150.00
1762617603,0, NVIDIA A10, GPU-359b21ab-3dbf-5646-ba1f-a513e3866c50, 8.6, 570.148.08, 67, 0, 0, 23028, 0, 22599, 210, 6251, 50.97, 150.00
1762617604,0, NVIDIA A10, GPU-359b21ab-3dbf-5646-ba1f-a513e3866c50, 8.6, 570.148.08, 67, 0, 0, 23028, 0, 22599, 210, 405, 35.01, 150.00
1762617605,0, NVIDIA A10, GPU-359b21ab-3dbf-5646-ba1f-a513e3866c50, 8.6, 570.148.08, 66, 0, 0, 23028, 0, 22599, 210, 405, 19.01, 150.00
1762617606,0, NVIDIA A10, GPU-359b21ab-3dbf-5646-ba1f-a513e3866c50, 8.6, 570.148.08, 65, 0, 0, 23028, 0, 22599, 210, 405, 18.77, 150.00
1762617607,0, NVIDIA A10, GPU-359b21ab-3dbf-5646-ba1f-a513e3866c50, 8.6, 570.148.08, 64, 0, 0, 23028, 0, 22599, 210, 405, 18.68, 150.00
1762617608,0, NVIDIA A10, GPU-359b21ab-3dbf-5646-ba1f-a513e3866c50, 8.6, 570.148.08, 63, 0, 0, 23028, 0, 22599, 210, 405, 18.59, 150.00
1762617609,0, NVIDIA A10, GPU-359b21ab-3dbf-5646-ba1f-a513e3866c50, 8.6, 570.148.08, 63, 0, 0, 23028, 0, 22599, 210, 405, 18.54, 150.00
1762617610,0, NVIDIA A10, GPU-359b21ab-3dbf-5646-ba1f-a513e3866c50, 8.6, 570.148.08, 62, 0, 0, 23028, 0, 22599, 210, 405, 18.49, 150.00
1762617611,0, NVIDIA A10, GPU-359b21ab-3dbf-5646-ba1f-a513e3866c50, 8.6, 570.148.08, 62, 3, 0, 23028, 237, 22363, 1680, 6251, 24.78, 150.00
1762617612,0, NVIDIA A10, GPU-359b21ab-3dbf-5646-ba1f-a513e3866c50, 8.6, 570.148.08, 63, 0, 0, 23028, 3219, 19381, 1695, 6251, 70.15, 150.00
1762617613,0, NVIDIA A10, GPU-359b21ab-3dbf-5646-ba1f-a513e3866c50, 8.6, 570.148.08, 63, 0, 0, 23028, 2717, 19883, 1695, 6251, 70.97, 150.00
1762617614,0, NVIDIA A10, GPU-359b21ab-3dbf-5646-ba1f-a513e3866c50, 8.6, 570.148.08, 63, 0, 0, 23028, 2717, 19883, 1695, 6251, 70.27, 150.00
1762617615,0, NVIDIA A10, GPU-359b21ab-3dbf-5646-ba1f-a513e3866c50, 8.6, 570.148.08, 63, 0, 0, 23028, 2717, 19883, 1695, 6251, 69.98, 150.00
1762617616,0, NVIDIA A10, GPU-359b21ab-3dbf-5646-ba1f-a513e3866c50, 8.6, 570.148.08, 63, 0, 0, 23028, 2717, 19883, 1695, 6251, 69.84, 150.00
1762617617,0, NVIDIA A10, GPU-359b21ab-3dbf-5646-ba1f-a513e3866c50, 8.6, 570.148.08, 63, 0, 0, 23028, 2717, 19883, 1695, 6251, 69.78, 150.00
1762617618,0, NVIDIA A10, GPU-359b21ab-3dbf-5646-ba1f-a513e3866c50, 8.6, 570.148.08, 63, 10, 10, 23028, 4291, 18309, 1680, 6251, 85.08, 150.00
1762617619,0, NVIDIA A10, GPU-359b21ab-3dbf-5646-ba1f-a513e3866c50, 8.6, 570.148.08, 64, 56, 37, 23028, 19529, 3071, 1305, 6251, 91.17, 150.00
1762617620,0, NVIDIA A10, GPU-359b21ab-3dbf-5646-ba1f-a513e3866c50, 8.6, 570.148.08, 65, 38, 37, 23028, 19685, 2915, 1680, 6251, 139.93, 150.00
1762617621,0, NVIDIA A10, GPU-359b21ab-3dbf-5646-ba1f-a513e3866c50, 8.6, 570.148.08, 65, 29, 25, 23028, 19825, 2775, 1695, 6251, 124.68, 150.00
1762617622,0, NVIDIA A10, GPU-359b21ab-3dbf-5646-ba1f-a513e3866c50, 8.6, 570.148.08, 63, 0, 0, 23028, 21029, 1571, 1695, 6251, 81.13, 150.00
1762617623,0, NVIDIA A10, GPU-359b21ab-3dbf-5646-ba1f-a513e3866c50, 8.6, 570.148.08, 63, 0, 0, 23028, 21029, 1571, 1695, 6251, 75.11, 150.00
1762617624,0, NVIDIA A10, GPU-359b21ab-3dbf-5646-ba1f-a513e3866c50, 8.6, 570.148.08, 63, 0, 0, 23028, 21029, 1571, 1695, 6251, 69.56, 150.00
1762617625,0, NVIDIA A10, GPU-359b21ab-3dbf-5646-ba1f-a513e3866c50, 8.6, 570.148.08, 62, 0, 0, 23028, 21029, 1571, 1695, 6251, 69.32, 150.00
1762617626,0, NVIDIA A10, GPU-359b21ab-3dbf-5646-ba1f-a513e3866c50, 8.6, 570.148.08, 62, 0, 0, 23028, 21029, 1571, 1695, 6251, 69.05, 150.00
1762617627,0, NVIDIA A10, GPU-359b21ab-3dbf-5646-ba1f-a513e3866c50, 8.6, 570.148.08, 62, 0, 0, 23028, 21029, 1571, 1695, 6251, 68.81, 150.00
1762617628,0, NVIDIA A10, GPU-359b21ab-3dbf-5646-ba1f-a513e3866c50, 8.6, 570.148.08, 61, 0, 0, 23028, 21029, 1571, 1695, 6251, 68.69, 150.00
1762617629,0, NVIDIA A10, GPU-359b21ab-3dbf-5646-ba1f-a513e3866c50, 8.6, 570.148.08, 61, 0, 0, 23028, 21029, 1571, 1695, 6251, 68.53, 150.00
1762617630,0, NVIDIA A10, GPU-359b21ab-3dbf-5646-ba1f-a513e3866c50, 8.6, 570.148.08, 61, 0, 0, 23028, 21029, 1571, 1695, 6251, 68.34, 150.00
1762617631,0, NVIDIA A10, GPU-359b21ab-3dbf-5646-ba1f-a513e3866c50, 8.6, 570.148.08, 61, 0, 0, 23028, 21029, 1571, 1695, 6251, 68.16, 150.00
1762617632,0, NVIDIA A10, GPU-359b21ab-3dbf-5646-ba1f-a513e3866c50, 8.6, 570.148.08, 61, 0, 0, 23028, 21029, 1571, 1695, 6251, 67.97, 150.00
1762617633,0, NVIDIA A10, GPU-359b21ab-3dbf-5646-ba1f-a513e3866c50, 8.6, 570.148.08, 62, 89, 89, 23028, 21029, 1571, 1575, 6251, 89.82, 150.00
1762617634,0, NVIDIA A10, GPU-359b21ab-3dbf-5646-ba1f-a513e3866c50, 8.6, 570.148.08, 63, 90, 90, 23028, 21029, 1571, 1500, 6251, 149.78, 150.00
1762617635,0, NVIDIA A10, GPU-359b21ab-3dbf-5646-ba1f-a513e3866c50, 8.6, 570.148.08, 64, 92, 92, 23028, 21029, 1571, 1485, 6251, 148.19, 150.00
1762617636,0, NVIDIA A10, GPU-359b21ab-3dbf-5646-ba1f-a513e3866c50, 8.6, 570.148.08, 64, 92, 72, 23028, 21029, 1571, 1200, 6251, 151.03, 150.00
1762617637,0, NVIDIA A10, GPU-359b21ab-3dbf-5646-ba1f-a513e3866c50, 8.6, 570.148.08, 65, 94, 64, 23028, 21029, 1571, 1380, 6251, 149.72, 150.00
1762617638,0, NVIDIA A10, GPU-359b21ab-3dbf-5646-ba1f-a513e3866c50, 8.6, 570.148.08, 65, 93, 91, 23028, 21029, 1571, 1440, 6251, 149.49, 150.00
1762617639,0, NVIDIA A10, GPU-359b21ab-3dbf-5646-ba1f-a513e3866c50, 8.6, 570.148.08, 65, 92, 91, 23028, 21029, 1571, 1365, 6251, 147.55, 150.00
1762617640,0, NVIDIA A10, GPU-359b21ab-3dbf-5646-ba1f-a513e3866c50, 8.6, 570.148.08, 65, 93, 77, 23028, 21029, 1571, 1515, 6251, 150.42, 150.00
1762617642,0, NVIDIA A10, GPU-359b21ab-3dbf-5646-ba1f-a513e3866c50, 8.6, 570.148.08, 66, 91, 92, 23028, 21029, 1571, 1500, 6251, 149.48, 150.00
1762617643,0, NVIDIA A10, GPU-359b21ab-3dbf-5646-ba1f-a513e3866c50, 8.6, 570.148.08, 66, 91, 92, 23028, 21029, 1571, 1515, 6251, 151.98, 150.00
1762617644,0, NVIDIA A10, GPU-359b21ab-3dbf-5646-ba1f-a513e3866c50, 8.6, 570.148.08, 66, 91, 92, 23028, 21029, 1571, 1515, 6251, 153.49, 150.00
1762617645,0, NVIDIA A10, GPU-359b21ab-3dbf-5646-ba1f-a513e3866c50, 8.6, 570.148.08, 67, 91, 92, 23028, 21029, 1571, 1530, 6251, 148.82, 150.00
1762617646,0, NVIDIA A10, GPU-359b21ab-3dbf-5646-ba1f-a513e3866c50, 8.6, 570.148.08, 67, 91, 92, 23028, 21029, 1571, 1530, 6251, 151.46, 150.00
1762617647,0, NVIDIA A10, GPU-359b21ab-3dbf-5646-ba1f-a513e3866c50, 8.6, 570.148.08, 67, 91, 85, 23028, 21029, 1571, 1110, 6251, 155.11, 150.00
1762617648,0, NVIDIA A10, GPU-359b21ab-3dbf-5646-ba1f-a513e3866c50, 8.6, 570.148.08, 67, 92, 91, 23028, 21029, 1571, 1425, 6251, 149.84, 150.00
1762617649,0, NVIDIA A10, GPU-359b21ab-3dbf-5646-ba1f-a513e3866c50, 8.6, 570.148.08, 67, 92, 93, 23028, 21029, 1571, 1485, 6251, 147.49, 150.00
1762617650,0, NVIDIA A10, GPU-359b21ab-3dbf-5646-ba1f-a513e3866c50, 8.6, 570.148.08, 68, 93, 82, 23028, 21029, 1571, 1125, 6251, 151.53, 150.00
1762617651,0, NVIDIA A10, GPU-359b21ab-3dbf-5646-ba1f-a513e3866c50, 8.6, 570.148.08, 68, 92, 93, 23028, 21029, 1571, 1500, 6251, 153.24, 150.00
1762617652,0, NVIDIA A10, GPU-359b21ab-3dbf-5646-ba1f-a513e3866c50, 8.6, 570.148.08, 68, 92, 92, 23028, 21029, 1571, 1500, 6251, 152.72, 150.00
1762617653,0, NVIDIA A10, GPU-359b21ab-3dbf-5646-ba1f-a513e3866c50, 8.6, 570.148.08, 68, 93, 92, 23028, 21029, 1571, 1200, 6251, 149.20, 150.00
1762617654,0, NVIDIA A10, GPU-359b21ab-3dbf-5646-ba1f-a513e3866c50, 8.6, 570.148.08, 68, 96, 69, 23028, 21029, 1571, 1365, 6251, 148.37, 150.00
1762617655,0, NVIDIA A10, GPU-359b21ab-3dbf-5646-ba1f-a513e3866c50, 8.6, 570.148.08, 68, 91, 89, 23028, 21029, 1571, 1425, 6251, 149.44, 150.00
1762617656,0, NVIDIA A10, GPU-359b21ab-3dbf-5646-ba1f-a513e3866c50, 8.6, 570.148.08, 68, 91, 92, 23028, 21029, 1571, 1485, 6251, 148.05, 150.00
1762617657,0, NVIDIA A10, GPU-359b21ab-3dbf-5646-ba1f-a513e3866c50, 8.6, 570.148.08, 68, 92, 93, 23028, 21029, 1571, 1515, 6251, 147.89, 150.00
1762617658,0, NVIDIA A10, GPU-359b21ab-3dbf-5646-ba1f-a513e3866c50, 8.6, 570.148.08, 69, 90, 89, 23028, 21029, 1571, 1500, 6251, 149.74, 150.00
1762617659,0, NVIDIA A10, GPU-359b21ab-3dbf-5646-ba1f-a513e3866c50, 8.6, 570.148.08, 69, 90, 88, 23028, 21029, 1571, 1065, 6251, 147.62, 150.00
1762617660,0, NVIDIA A10, GPU-359b21ab-3dbf-5646-ba1f-a513e3866c50, 8.6, 570.148.08, 69, 90, 91, 23028, 21029, 1571, 1515, 6251, 148.29, 150.00
1762617661,0, NVIDIA A10, GPU-359b21ab-3dbf-5646-ba1f-a513e3866c50, 8.6, 570.148.08, 69, 92, 66, 23028, 21029, 1571, 1140, 6251, 146.69, 150.00
1762617662,0, NVIDIA A10, GPU-359b21ab-3dbf-5646-ba1f-a513e3866c50, 8.6, 570.148.08, 69, 90, 89, 23028, 21029, 1571, 1440, 6251, 149.13, 150.00
1762617663,0, NVIDIA A10, GPU-359b21ab-3dbf-5646-ba1f-a513e3866c50, 8.6, 570.148.08, 69, 90, 89, 23028, 21029, 1571, 1485, 6251, 147.27, 150.00
1762617664,0, NVIDIA A10, GPU-359b21ab-3dbf-5646-ba1f-a513e3866c50, 8.6, 570.148.08, 69, 89, 90, 23028, 21029, 1571, 1530, 6251, 151.96, 150.00
1762617665,0, NVIDIA A10, GPU-359b21ab-3dbf-5646-ba1f-a513e3866c50, 8.6, 570.148.08, 70, 89, 89, 23028, 21029, 1571, 1515, 6251, 148.07, 150.00
1762617666,0, NVIDIA A10, GPU-359b21ab-3dbf-5646-ba1f-a513e3866c50, 8.6, 570.148.08, 70, 92, 64, 23028, 21029, 1571, 1470, 6251, 148.81, 150.00
1762617667,0, NVIDIA A10, GPU-359b21ab-3dbf-5646-ba1f-a513e3866c50, 8.6, 570.148.08, 69, 88, 88, 23028, 21029, 1571, 1515, 6251, 149.95, 150.00
1762617668,0, NVIDIA A10, GPU-359b21ab-3dbf-5646-ba1f-a513e3866c50, 8.6, 570.148.08, 70, 88, 89, 23028, 21029, 1571, 1515, 6251, 151.64, 150.00
1762617669,0, NVIDIA A10, GPU-359b21ab-3dbf-5646-ba1f-a513e3866c50, 8.6, 570.148.08, 70, 90, 89, 23028, 21029, 1571, 1140, 6251, 151.21, 150.00
1762617670,0, NVIDIA A10, GPU-359b21ab-3dbf-5646-ba1f-a513e3866c50, 8.6, 570.148.08, 70, 89, 88, 23028, 21029, 1571, 1455, 6251, 147.85, 150.00
1762617671,0, NVIDIA A10, GPU-359b21ab-3dbf-5646-ba1f-a513e3866c50, 8.6, 570.148.08, 70, 88, 89, 23028, 21029, 1571, 1515, 6251, 148.14, 150.00
1762617672,0, NVIDIA A10, GPU-359b21ab-3dbf-5646-ba1f-a513e3866c50, 8.6, 570.148.08, 70, 88, 89, 23028, 21029, 1571, 1530, 6251, 150.75, 150.00
1762617674,0, NVIDIA A10, GPU-359b21ab-3dbf-5646-ba1f-a513e3866c50, 8.6, 570.148.08, 70, 90, 89, 23028, 21029, 1571, 1485, 6251, 151.55, 150.00
1762617675,0, NVIDIA A10, GPU-359b21ab-3dbf-5646-ba1f-a513e3866c50, 8.6, 570.148.08, 70, 91, 64, 23028, 21029, 1571, 1455, 6251, 147.19, 150.00
1762617676,0, NVIDIA A10, GPU-359b21ab-3dbf-5646-ba1f-a513e3866c50, 8.6, 570.148.08, 70, 89, 87, 23028, 21029, 1571, 1440, 6251, 147.37, 150.00
1762617677,0, NVIDIA A10, GPU-359b21ab-3dbf-5646-ba1f-a513e3866c50, 8.6, 570.148.08, 70, 90, 90, 23028, 21029, 1571, 1500, 6251, 149.13, 150.00
1762617678,0, NVIDIA A10, GPU-359b21ab-3dbf-5646-ba1f-a513e3866c50, 8.6, 570.148.08, 70, 88, 89, 23028, 21029, 1571, 1275, 6251, 148.41, 150.00
1762617679,0, NVIDIA A10, GPU-359b21ab-3dbf-5646-ba1f-a513e3866c50, 8.6, 570.148.08, 71, 89, 89, 23028, 21029, 1571, 1350, 6251, 149.21, 150.00
1762617680,0, NVIDIA A10, GPU-359b21ab-3dbf-5646-ba1f-a513e3866c50, 8.6, 570.148.08, 71, 89, 88, 23028, 21029, 1571, 1065, 6251, 150.97, 150.00
1762617681,0, NVIDIA A10, GPU-359b21ab-3dbf-5646-ba1f-a513e3866c50, 8.6, 570.148.08, 71, 90, 90, 23028, 21029, 1571, 1455, 6251, 149.30, 150.00
1762617682,0, NVIDIA A10, GPU-359b21ab-3dbf-5646-ba1f-a513e3866c50, 8.6, 570.148.08, 71, 89, 90, 23028, 21029, 1571, 1440, 6251, 150.77, 150.00
1762617683,0, NVIDIA A10, GPU-359b21ab-3dbf-5646-ba1f-a513e3866c50, 8.6, 570.148.08, 71, 89, 90, 23028, 21029, 1571, 1455, 6251, 150.39, 150.00
1762617684,0, NVIDIA A10, GPU-359b21ab-3dbf-5646-ba1f-a513e3866c50, 8.6, 570.148.08, 71, 91, 91, 23028, 21029, 1571, 1500, 6251, 150.91, 150.00
1762617685,0, NVIDIA A10, GPU-359b21ab-3dbf-5646-ba1f-a513e3866c50, 8.6, 570.148.08, 71, 90, 90, 23028, 21029, 1571, 1455, 6251, 151.34, 150.00
1762617686,0, NVIDIA A10, GPU-359b21ab-3dbf-5646-ba1f-a513e3866c50, 8.6, 570.148.08, 71, 89, 89, 23028, 21029, 1571, 1455, 6251, 152.32, 150.00
1762617687,0, NVIDIA A10, GPU-359b21ab-3dbf-5646-ba1f-a513e3866c50, 8.6, 570.148.08, 71, 90, 91, 23028, 21029, 1571, 1515, 6251, 147.47, 150.00
1762617688,0, NVIDIA A10, GPU-359b21ab-3dbf-5646-ba1f-a513e3866c50, 8.6, 570.148.08, 72, 89, 80, 23028, 21029, 1571, 1050, 6251, 153.23, 150.00
1762617689,0, NVIDIA A10, GPU-359b21ab-3dbf-5646-ba1f-a513e3866c50, 8.6, 570.148.08, 71, 89, 89, 23028, 21029, 1571, 1455, 6251, 150.55, 150.00
1762617690,0, NVIDIA A10, GPU-359b21ab-3dbf-5646-ba1f-a513e3866c50, 8.6, 570.148.08, 71, 92, 91, 23028, 21029, 1571, 1410, 6251, 147.91, 150.00
1762617691,0, NVIDIA A10, GPU-359b21ab-3dbf-5646-ba1f-a513e3866c50, 8.6, 570.148.08, 71, 95, 67, 23028, 21029, 1571, 1395, 6251, 149.34, 150.00
1762617692,0, NVIDIA A10, GPU-359b21ab-3dbf-5646-ba1f-a513e3866c50, 8.6, 570.148.08, 72, 89, 90, 23028, 21029, 1571, 1455, 6251, 147.31, 150.00
1762617693,0, NVIDIA A10, GPU-359b21ab-3dbf-5646-ba1f-a513e3866c50, 8.6, 570.148.08, 71, 89, 90, 23028, 21029, 1571, 1425, 6251, 149.60, 150.00
1762617694,0, NVIDIA A10, GPU-359b21ab-3dbf-5646-ba1f-a513e3866c50, 8.6, 570.148.08, 72, 89, 90, 23028, 21029, 1571, 1485, 6251, 152.69, 150.00
1762617695,0, NVIDIA A10, GPU-359b21ab-3dbf-5646-ba1f-a513e3866c50, 8.6, 570.148.08, 72, 91, 90, 23028, 21029, 1571, 1440, 6251, 149.60, 150.00
1762617696,0, NVIDIA A10, GPU-359b21ab-3dbf-5646-ba1f-a513e3866c50, 8.6, 570.148.08, 72, 92, 76, 23028, 21029, 1571, 1365, 6251, 151.01, 150.00
1762617697,0, NVIDIA A10, GPU-359b21ab-3dbf-5646-ba1f-a513e3866c50, 8.6, 570.148.08, 72, 90, 90, 23028, 21029, 1571, 1485, 6251, 150.66, 150.00
1762617698,0, NVIDIA A10, GPU-359b21ab-3dbf-5646-ba1f-a513e3866c50, 8.6, 570.148.08, 72, 92, 92, 23028, 21029, 1571, 1485, 6251, 152.51, 150.00
1762617699,0, NVIDIA A10, GPU-359b21ab-3dbf-5646-ba1f-a513e3866c50, 8.6, 570.148.08, 72, 90, 90, 23028, 21029, 1571, 1440, 6251, 151.73, 150.00
1762617700,0, NVIDIA A10, GPU-359b21ab-3dbf-5646-ba1f-a513e3866c50, 8.6, 570.148.08, 72, 92, 92, 23028, 21029, 1571, 1470, 6251, 148.06, 150.00
1762617701,0, NVIDIA A10, GPU-359b21ab-3dbf-5646-ba1f-a513e3866c50, 8.6, 570.148.08, 72, 91, 92, 23028, 21029, 1571, 1410, 6251, 147.84, 150.00
1762617702,0, NVIDIA A10, GPU-359b21ab-3dbf-5646-ba1f-a513e3866c50, 8.6, 570.148.08, 72, 91, 90, 23028, 21029, 1571, 1455, 6251, 149.61, 150.00
1762617703,0, NVIDIA A10, GPU-359b21ab-3dbf-5646-ba1f-a513e3866c50, 8.6, 570.148.08, 72, 90, 89, 23028, 21029, 1571, 1425, 6251, 151.08, 150.00
1762617704,0, NVIDIA A10, GPU-359b21ab-3dbf-5646-ba1f-a513e3866c50, 8.6, 570.148.08, 72, 92, 81, 23028, 21029, 1571, 1485, 6251, 151.31, 150.00
1762617705,0, NVIDIA A10, GPU-359b21ab-3dbf-5646-ba1f-a513e3866c50, 8.6, 570.148.08, 72, 92, 83, 23028, 21029, 1571, 1470, 6251, 151.64, 150.00
1762617707,0, NVIDIA A10, GPU-359b21ab-3dbf-5646-ba1f-a513e3866c50, 8.6, 570.148.08, 72, 91, 90, 23028, 21029, 1571, 1440, 6251, 150.43, 150.00
1762617708,0, NVIDIA A10, GPU-359b21ab-3dbf-5646-ba1f-a513e3866c50, 8.6, 570.148.08, 72, 92, 92, 23028, 21029, 1571, 1440, 6251, 148.17, 150.00
1762617709,0, NVIDIA A10, GPU-359b21ab-3dbf-5646-ba1f-a513e3866c50, 8.6, 570.148.08, 72, 92, 92, 23028, 21029, 1571, 1440, 6251, 150.18, 150.00
1762617710,0, NVIDIA A10, GPU-359b21ab-3dbf-5646-ba1f-a513e3866c50, 8.6, 570.148.08, 73, 91, 90, 23028, 21029, 1571, 1425, 6251, 150.33, 150.00
1762617711,0, NVIDIA A10, GPU-359b21ab-3dbf-5646-ba1f-a513e3866c50, 8.6, 570.148.08, 73, 91, 91, 23028, 21029, 1571, 1485, 6251, 144.97, 150.00
1762617712,0, NVIDIA A10, GPU-359b21ab-3dbf-5646-ba1f-a513e3866c50, 8.6, 570.148.08, 73, 91, 90, 23028, 21029, 1571, 1410, 6251, 148.16, 150.00
1762617713,0, NVIDIA A10, GPU-359b21ab-3dbf-5646-ba1f-a513e3866c50, 8.6, 570.148.08, 73, 90, 85, 23028, 21029, 1571, 1395, 6251, 151.07, 150.00
1762617714,0, NVIDIA A10, GPU-359b21ab-3dbf-5646-ba1f-a513e3866c50, 8.6, 570.148.08, 73, 91, 91, 23028, 21029, 1571, 1410, 6251, 148.15, 150.00
1762617715,0, NVIDIA A10, GPU-359b21ab-3dbf-5646-ba1f-a513e3866c50, 8.6, 570.148.08, 73, 91, 92, 23028, 21029, 1571, 1410, 6251, 146.79, 150.00
1762617716,0, NVIDIA A10, GPU-359b21ab-3dbf-5646-ba1f-a513e3866c50, 8.6, 570.148.08, 73, 91, 92, 23028, 21029, 1571, 1440, 6251, 148.23, 150.00
1762617717,0, NVIDIA A10, GPU-359b21ab-3dbf-5646-ba1f-a513e3866c50, 8.6, 570.148.08, 73, 92, 92, 23028, 21029, 1571, 1440, 6251, 152.08, 150.00
1762617718,0, NVIDIA A10, GPU-359b21ab-3dbf-5646-ba1f-a513e3866c50, 8.6, 570.148.08, 73, 92, 92, 23028, 21029, 1571, 1470, 6251, 146.98, 150.00
1762617719,0, NVIDIA A10, GPU-359b21ab-3dbf-5646-ba1f-a513e3866c50, 8.6, 570.148.08, 73, 91, 90, 23028, 21029, 1571, 1425, 6251, 150.52, 150.00
1762617720,0, NVIDIA A10, GPU-359b21ab-3dbf-5646-ba1f-a513e3866c50, 8.6, 570.148.08, 73, 92, 92, 23028, 21029, 1571, 1455, 6251, 151.12, 150.00
1762617721,0, NVIDIA A10, GPU-359b21ab-3dbf-5646-ba1f-a513e3866c50, 8.6, 570.148.08, 73, 92, 90, 23028, 21029, 1571, 1425, 6251, 149.94, 150.00
1762617722,0, NVIDIA A10, GPU-359b21ab-3dbf-5646-ba1f-a513e3866c50, 8.6, 570.148.08, 73, 91, 91, 23028, 21029, 1571, 1410, 6251, 148.21, 150.00
1762617723,0, NVIDIA A10, GPU-359b21ab-3dbf-5646-ba1f-a513e3866c50, 8.6, 570.148.08, 73, 91, 92, 23028, 21029, 1571, 1470, 6251, 151.08, 150.00
1762617724,0, NVIDIA A10, GPU-359b21ab-3dbf-5646-ba1f-a513e3866c50, 8.6, 570.148.08, 73, 92, 93, 23028, 21029, 1571, 1470, 6251, 147.50, 150.00
1762617725,0, NVIDIA A10, GPU-359b21ab-3dbf-5646-ba1f-a513e3866c50, 8.6, 570.148.08, 73, 93, 91, 23028, 21029, 1571, 1425, 6251, 150.85, 150.00
1762617726,0, NVIDIA A10, GPU-359b21ab-3dbf-5646-ba1f-a513e3866c50, 8.6, 570.148.08, 73, 92, 91, 23028, 21029, 1571, 1380, 6251, 151.84, 150.00
1762617727,0, NVIDIA A10, GPU-359b21ab-3dbf-5646-ba1f-a513e3866c50, 8.6, 570.148.08, 73, 92, 92, 23028, 21029, 1571, 1485, 6251, 148.70, 150.00
1762617728,0, NVIDIA A10, GPU-359b21ab-3dbf-5646-ba1f-a513e3866c50, 8.6, 570.148.08, 73, 93, 92, 23028, 21029, 1571, 1395, 6251, 151.37, 150.00
1762617729,0, NVIDIA A10, GPU-359b21ab-3dbf-5646-ba1f-a513e3866c50, 8.6, 570.148.08, 73, 91, 91, 23028, 21029, 1571, 1455, 6251, 147.21, 150.00
1762617730,0, NVIDIA A10, GPU-359b21ab-3dbf-5646-ba1f-a513e3866c50, 8.6, 570.148.08, 73, 92, 91, 23028, 21029, 1571, 1440, 6251, 150.99, 150.00
1762617731,0, NVIDIA A10, GPU-359b21ab-3dbf-5646-ba1f-a513e3866c50, 8.6, 570.148.08, 73, 92, 92, 23028, 21029, 1571, 1440, 6251, 149.58, 150.00
1762617732,0, NVIDIA A10, GPU-359b21ab-3dbf-5646-ba1f-a513e3866c50, 8.6, 570.148.08, 73, 88, 88, 23028, 21029, 1571, 1500, 6251, 146.90, 150.00
1762617733,0, NVIDIA A10, GPU-359b21ab-3dbf-5646-ba1f-a513e3866c50, 8.6, 570.148.08, 73, 90, 88, 23028, 21029, 1571, 1470, 6251, 149.27, 150.00
1762617734,0, NVIDIA A10, GPU-359b21ab-3dbf-5646-ba1f-a513e3866c50, 8.6, 570.148.08, 73, 91, 91, 23028, 21029, 1571, 1515, 6251, 148.07, 150.00
1762617735,0, NVIDIA A10, GPU-359b21ab-3dbf-5646-ba1f-a513e3866c50, 8.6, 570.148.08, 73, 87, 88, 23028, 21029, 1571, 1515, 6251, 151.73, 150.00
1762617736,0, NVIDIA A10, GPU-359b21ab-3dbf-5646-ba1f-a513e3866c50, 8.6, 570.148.08, 73, 89, 89, 23028, 21029, 1571, 1500, 6251, 150.59, 150.00
1762617737,0, NVIDIA A10, GPU-359b21ab-3dbf-5646-ba1f-a513e3866c50, 8.6, 570.148.08, 73, 90, 89, 23028, 21029, 1571, 1470, 6251, 149.08, 150.00
1762617739,0, NVIDIA A10, GPU-359b21ab-3dbf-5646-ba1f-a513e3866c50, 8.6, 570.148.08, 74, 88, 87, 23028, 21029, 1571, 1470, 6251, 150.38, 150.00
1762617740,0, NVIDIA A10, GPU-359b21ab-3dbf-5646-ba1f-a513e3866c50, 8.6, 570.148.08, 74, 87, 87, 23028, 21029, 1571, 1515, 6251, 150.70, 150.00
1762617741,0, NVIDIA A10, GPU-359b21ab-3dbf-5646-ba1f-a513e3866c50, 8.6, 570.148.08, 73, 89, 89, 23028, 21029, 1571, 1485, 6251, 147.70, 150.00
1762617742,0, NVIDIA A10, GPU-359b21ab-3dbf-5646-ba1f-a513e3866c50, 8.6, 570.148.08, 73, 84, 83, 23028, 21029, 1571, 1455, 6251, 150.63, 150.00
1762617743,0, NVIDIA A10, GPU-359b21ab-3dbf-5646-ba1f-a513e3866c50, 8.6, 570.148.08, 74, 88, 88, 23028, 21029, 1571, 1500, 6251, 150.91, 150.00
1762617744,0, NVIDIA A10, GPU-359b21ab-3dbf-5646-ba1f-a513e3866c50, 8.6, 570.148.08, 74, 88, 89, 23028, 21029, 1571, 1455, 6251, 152.02, 150.00
1762617745,0, NVIDIA A10, GPU-359b21ab-3dbf-5646-ba1f-a513e3866c50, 8.6, 570.148.08, 74, 88, 89, 23028, 21029, 1571, 1485, 6251, 147.43, 150.00
1762617746,0, NVIDIA A10, GPU-359b21ab-3dbf-5646-ba1f-a513e3866c50, 8.6, 570.148.08, 74, 88, 89, 23028, 21029, 1571, 1485, 6251, 151.71, 150.00
1762617747,0, NVIDIA A10, GPU-359b21ab-3dbf-5646-ba1f-a513e3866c50, 8.6, 570.148.08, 74, 87, 88, 23028, 21029, 1571, 1500, 6251, 146.93, 150.00
1762617748,0, NVIDIA A10, GPU-359b21ab-3dbf-5646-ba1f-a513e3866c50, 8.6, 570.148.08, 74, 90, 89, 23028, 21029, 1571, 1410, 6251, 150.42, 150.00
1762617749,0, NVIDIA A10, GPU-359b21ab-3dbf-5646-ba1f-a513e3866c50, 8.6, 570.148.08, 74, 88, 89, 23028, 21029, 1571, 1455, 6251, 148.37, 150.00
1762617750,0, NVIDIA A10, GPU-359b21ab-3dbf-5646-ba1f-a513e3866c50, 8.6, 570.148.08, 74, 88, 87, 23028, 21029, 1571, 1410, 6251, 150.26, 150.00
1762617751,0, NVIDIA A10, GPU-359b21ab-3dbf-5646-ba1f-a513e3866c50, 8.6, 570.148.08, 74, 94, 68, 23028, 21029, 1571, 1305, 6251, 151.46, 150.00
1762617752,0, NVIDIA A10, GPU-359b21ab-3dbf-5646-ba1f-a513e3866c50, 8.6, 570.148.08, 74, 88, 88, 23028, 21029, 1571, 1455, 6251, 149.07, 150.00
1762617753,0, NVIDIA A10, GPU-359b21ab-3dbf-5646-ba1f-a513e3866c50, 8.6, 570.148.08, 74, 88, 88, 23028, 21029, 1571, 1425, 6251, 149.04, 150.00
1762617754,0, NVIDIA A10, GPU-359b21ab-3dbf-5646-ba1f-a513e3866c50, 8.6, 570.148.08, 74, 92, 90, 23028, 21029, 1571, 1410, 6251, 148.60, 150.00
1762617755,0, NVIDIA A10, GPU-359b21ab-3dbf-5646-ba1f-a513e3866c50, 8.6, 570.148.08, 74, 90, 91, 23028, 21029, 1571, 1470, 6251, 148.75, 150.00
1762617756,0, NVIDIA A10, GPU-359b21ab-3dbf-5646-ba1f-a513e3866c50, 8.6, 570.148.08, 74, 89, 90, 23028, 21029, 1571, 1470, 6251, 148.94, 150.00
1762617757,0, NVIDIA A10, GPU-359b21ab-3dbf-5646-ba1f-a513e3866c50, 8.6, 570.148.08, 74, 92, 92, 23028, 21029, 1571, 1470, 6251, 152.20, 150.00
1762617758,0, NVIDIA A10, GPU-359b21ab-3dbf-5646-ba1f-a513e3866c50, 8.6, 570.148.08, 74, 91, 90, 23028, 21029, 1571, 1170, 6251, 149.57, 150.00
1762617759,0, NVIDIA A10, GPU-359b21ab-3dbf-5646-ba1f-a513e3866c50, 8.6, 570.148.08, 74, 89, 90, 23028, 21029, 1571, 1350, 6251, 149.62, 150.00
1762617760,0, NVIDIA A10, GPU-359b21ab-3dbf-5646-ba1f-a513e3866c50, 8.6, 570.148.08, 74, 90, 89, 23028, 21029, 1571, 1485, 6251, 149.07, 150.00
1762617761,0, NVIDIA A10, GPU-359b21ab-3dbf-5646-ba1f-a513e3866c50, 8.6, 570.148.08, 74, 92, 91, 23028, 21029, 1571, 1425, 6251, 152.76, 150.00
1762617762,0, NVIDIA A10, GPU-359b21ab-3dbf-5646-ba1f-a513e3866c50, 8.6, 570.148.08, 74, 91, 90, 23028, 21029, 1571, 1365, 6251, 151.16, 150.00
1762617763,0, NVIDIA A10, GPU-359b21ab-3dbf-5646-ba1f-a513e3866c50, 8.6, 570.148.08, 74, 91, 90, 23028, 21029, 1571, 1470, 6251, 146.69, 150.00
1762617764,0, NVIDIA A10, GPU-359b21ab-3dbf-5646-ba1f-a513e3866c50, 8.6, 570.148.08, 74, 91, 91, 23028, 21029, 1571, 1470, 6251, 148.20, 150.00
1762617765,0, NVIDIA A10, GPU-359b21ab-3dbf-5646-ba1f-a513e3866c50, 8.6, 570.148.08, 74, 92, 90, 23028, 21029, 1571, 1425, 6251, 150.02, 150.00
1762617766,0, NVIDIA A10, GPU-359b21ab-3dbf-5646-ba1f-a513e3866c50, 8.6, 570.148.08, 74, 91, 90, 23028, 21029, 1571, 1365, 6251, 150.87, 150.00
1762617767,0, NVIDIA A10, GPU-359b21ab-3dbf-5646-ba1f-a513e3866c50, 8.6, 570.148.08, 74, 90, 87, 23028, 21029, 1571, 1470, 6251, 147.53, 150.00
1762617768,0, NVIDIA A10, GPU-359b21ab-3dbf-5646-ba1f-a513e3866c50, 8.6, 570.148.08, 74, 91, 91, 23028, 21029, 1571, 1440, 6251, 149.17, 150.00
1762617769,0, NVIDIA A10, GPU-359b21ab-3dbf-5646-ba1f-a513e3866c50, 8.6, 570.148.08, 74, 92, 90, 23028, 21029, 1571, 1425, 6251, 149.94, 150.00
1762617771,0, NVIDIA A10, GPU-359b21ab-3dbf-5646-ba1f-a513e3866c50, 8.6, 570.148.08, 74, 92, 90, 23028, 21029, 1571, 1380, 6251, 150.82, 150.00
1762617772,0, NVIDIA A10, GPU-359b21ab-3dbf-5646-ba1f-a513e3866c50, 8.6, 570.148.08, 74, 92, 90, 23028, 21029, 1571, 1140, 6251, 149.46, 150.00
1762617773,0, NVIDIA A10, GPU-359b21ab-3dbf-5646-ba1f-a513e3866c50, 8.6, 570.148.08, 74, 92, 90, 23028, 21029, 1571, 1320, 6251, 149.89, 150.00
1762617774,0, NVIDIA A10, GPU-359b21ab-3dbf-5646-ba1f-a513e3866c50, 8.6, 570.148.08, 74, 91, 89, 23028, 21029, 1571, 1440, 6251, 146.42, 150.00
1762617775,0, NVIDIA A10, GPU-359b21ab-3dbf-5646-ba1f-a513e3866c50, 8.6, 570.148.08, 74, 92, 73, 23028, 21029, 1571, 1425, 6251, 150.29, 150.00
1762617776,0, NVIDIA A10, GPU-359b21ab-3dbf-5646-ba1f-a513e3866c50, 8.6, 570.148.08, 74, 90, 90, 23028, 21029, 1571, 1425, 6251, 148.27, 150.00
1762617777,0, NVIDIA A10, GPU-359b21ab-3dbf-5646-ba1f-a513e3866c50, 8.6, 570.148.08, 74, 93, 92, 23028, 21029, 1571, 1440, 6251, 150.72, 150.00
1762617778,0, NVIDIA A10, GPU-359b21ab-3dbf-5646-ba1f-a513e3866c50, 8.6, 570.148.08, 74, 92, 92, 23028, 21029, 1571, 1455, 6251, 147.99, 150.00
1762617779,0, NVIDIA A10, GPU-359b21ab-3dbf-5646-ba1f-a513e3866c50, 8.6, 570.148.08, 74, 92, 91, 23028, 21029, 1571, 1410, 6251, 149.46, 150.00
1762617780,0, NVIDIA A10, GPU-359b21ab-3dbf-5646-ba1f-a513e3866c50, 8.6, 570.148.08, 74, 92, 92, 23028, 21029, 1571, 1455, 6251, 149.95, 150.00
1762617781,0, NVIDIA A10, GPU-359b21ab-3dbf-5646-ba1f-a513e3866c50, 8.6, 570.148.08, 74, 93, 93, 23028, 21029, 1571, 1455, 6251, 152.50, 150.00
1762617782,0, NVIDIA A10, GPU-359b21ab-3dbf-5646-ba1f-a513e3866c50, 8.6, 570.148.08, 74, 92, 91, 23028, 21029, 1571, 1395, 6251, 149.95, 150.00
1762617783,0, NVIDIA A10, GPU-359b21ab-3dbf-5646-ba1f-a513e3866c50, 8.6, 570.148.08, 74, 95, 66, 23028, 21029, 1571, 1050, 6251, 148.29, 150.00
1762617784,0, NVIDIA A10, GPU-359b21ab-3dbf-5646-ba1f-a513e3866c50, 8.6, 570.148.08, 74, 92, 90, 23028, 21029, 1571, 1380, 6251, 147.53, 150.00
1762617785,0, NVIDIA A10, GPU-359b21ab-3dbf-5646-ba1f-a513e3866c50, 8.6, 570.148.08, 74, 91, 89, 23028, 21029, 1571, 1095, 6251, 146.24, 150.00
1762617786,0, NVIDIA A10, GPU-359b21ab-3dbf-5646-ba1f-a513e3866c50, 8.6, 570.148.08, 74, 91, 92, 23028, 21029, 1571, 1425, 6251, 147.45, 150.00
1762617787,0, NVIDIA A10, GPU-359b21ab-3dbf-5646-ba1f-a513e3866c50, 8.6, 570.148.08, 74, 92, 92, 23028, 21029, 1571, 1440, 6251, 149.69, 150.00
1762617788,0, NVIDIA A10, GPU-359b21ab-3dbf-5646-ba1f-a513e3866c50, 8.6, 570.148.08, 74, 92, 92, 23028, 21029, 1571, 1455, 6251, 149.79, 150.00
1762617789,0, NVIDIA A10, GPU-359b21ab-3dbf-5646-ba1f-a513e3866c50, 8.6, 570.148.08, 74, 92, 92, 23028, 21029, 1571, 1440, 6251, 152.68, 150.00
1762617790,0, NVIDIA A10, GPU-359b21ab-3dbf-5646-ba1f-a513e3866c50, 8.6, 570.148.08, 74, 91, 91, 23028, 21029, 1571, 1395, 6251, 152.33, 150.00
1762617791,0, NVIDIA A10, GPU-359b21ab-3dbf-5646-ba1f-a513e3866c50, 8.6, 570.148.08, 74, 92, 87, 23028, 21029, 1571, 1485, 6251, 152.26, 150.00
1762617792,0, NVIDIA A10, GPU-359b21ab-3dbf-5646-ba1f-a513e3866c50, 8.6, 570.148.08, 74, 87, 87, 23028, 21029, 1571, 1515, 6251, 147.74, 150.00
1762617793,0, NVIDIA A10, GPU-359b21ab-3dbf-5646-ba1f-a513e3866c50, 8.6, 570.148.08, 75, 89, 82, 23028, 21029, 1571, 1110, 6251, 151.95, 150.00
1762617794,0, NVIDIA A10, GPU-359b21ab-3dbf-5646-ba1f-a513e3866c50, 8.6, 570.148.08, 74, 90, 90, 23028, 21029, 1571, 1485, 6251, 152.43, 150.00
1762617795,0, NVIDIA A10, GPU-359b21ab-3dbf-5646-ba1f-a513e3866c50, 8.6, 570.148.08, 74, 90, 90, 23028, 21029, 1571, 1425, 6251, 147.65, 150.00
1762617796,0, NVIDIA A10, GPU-359b21ab-3dbf-5646-ba1f-a513e3866c50, 8.6, 570.148.08, 75, 88, 82, 23028, 21029, 1571, 1110, 6251, 153.53, 150.00
1762617797,0, NVIDIA A10, GPU-359b21ab-3dbf-5646-ba1f-a513e3866c50, 8.6, 570.148.08, 74, 88, 88, 23028, 21029, 1571, 1470, 6251, 146.56, 150.00
1762617798,0, NVIDIA A10, GPU-359b21ab-3dbf-5646-ba1f-a513e3866c50, 8.6, 570.148.08, 74, 88, 87, 23028, 21029, 1571, 1425, 6251, 149.83, 150.00
1762617799,0, NVIDIA A10, GPU-359b21ab-3dbf-5646-ba1f-a513e3866c50, 8.6, 570.148.08, 74, 89, 89, 23028, 21029, 1571, 1455, 6251, 151.83, 150.00
1762617800,0, NVIDIA A10, GPU-359b21ab-3dbf-5646-ba1f-a513e3866c50, 8.6, 570.148.08, 75, 88, 88, 23028, 21029, 1571, 1455, 6251, 148.79, 150.00
1762617801,0, NVIDIA A10, GPU-359b21ab-3dbf-5646-ba1f-a513e3866c50, 8.6, 570.148.08, 74, 88, 87, 23028, 21029, 1571, 1455, 6251, 151.02, 150.00
1762617802,0, NVIDIA A10, GPU-359b21ab-3dbf-5646-ba1f-a513e3866c50, 8.6, 570.148.08, 74, 93, 64, 23028, 21029, 1571, 1215, 6251, 147.31, 150.00
1762617804,0, NVIDIA A10, GPU-359b21ab-3dbf-5646-ba1f-a513e3866c50, 8.6, 570.148.08, 74, 88, 83, 23028, 21029, 1571, 1470, 6251, 147.06, 150.00
1762617805,0, NVIDIA A10, GPU-359b21ab-3dbf-5646-ba1f-a513e3866c50, 8.6, 570.148.08, 74, 90, 90, 23028, 21029, 1571, 1470, 6251, 151.16, 150.00
1762617806,0, NVIDIA A10, GPU-359b21ab-3dbf-5646-ba1f-a513e3866c50, 8.6, 570.148.08, 74, 89, 87, 23028, 21029, 1571, 1470, 6251, 147.96, 150.00
1762617807,0, NVIDIA A10, GPU-359b21ab-3dbf-5646-ba1f-a513e3866c50, 8.6, 570.148.08, 75, 88, 88, 23028, 21029, 1571, 1455, 6251, 150.70, 150.00
1762617808,0, NVIDIA A10, GPU-359b21ab-3dbf-5646-ba1f-a513e3866c50, 8.6, 570.148.08, 75, 88, 88, 23028, 21029, 1571, 1410, 6251, 148.05, 150.00
1762617809,0, NVIDIA A10, GPU-359b21ab-3dbf-5646-ba1f-a513e3866c50, 8.6, 570.148.08, 75, 89, 89, 23028, 21029, 1571, 1455, 6251, 149.29, 150.00
1762617810,0, NVIDIA A10, GPU-359b21ab-3dbf-5646-ba1f-a513e3866c50, 8.6, 570.148.08, 75, 88, 89, 23028, 21029, 1571, 1440, 6251, 150.37, 150.00
1762617811,0, NVIDIA A10, GPU-359b21ab-3dbf-5646-ba1f-a513e3866c50, 8.6, 570.148.08, 75, 88, 89, 23028, 21029, 1571, 1425, 6251, 149.73, 150.00
1762617812,0, NVIDIA A10, GPU-359b21ab-3dbf-5646-ba1f-a513e3866c50, 8.6, 570.148.08, 74, 95, 65, 23028, 21029, 1571, 1335, 6251, 145.51, 150.00
1762617813,0, NVIDIA A10, GPU-359b21ab-3dbf-5646-ba1f-a513e3866c50, 8.6, 570.148.08, 75, 90, 90, 23028, 21029, 1571, 1440, 6251, 146.73, 150.00
1762617814,0, NVIDIA A10, GPU-359b21ab-3dbf-5646-ba1f-a513e3866c50, 8.6, 570.148.08, 75, 90, 90, 23028, 21029, 1571, 1455, 6251, 149.70, 150.00
1762617815,0, NVIDIA A10, GPU-359b21ab-3dbf-5646-ba1f-a513e3866c50, 8.6, 570.148.08, 75, 92, 92, 23028, 21029, 1571, 1440, 6251, 152.76, 150.00
1762617816,0, NVIDIA A10, GPU-359b21ab-3dbf-5646-ba1f-a513e3866c50, 8.6, 570.148.08, 75, 91, 89, 23028, 21029, 1571, 1470, 6251, 150.04, 150.00
1762617817,0, NVIDIA A10, GPU-359b21ab-3dbf-5646-ba1f-a513e3866c50, 8.6, 570.148.08, 75, 91, 92, 23028, 21029, 1571, 1440, 6251, 151.20, 150.00
1762617818,0, NVIDIA A10, GPU-359b21ab-3dbf-5646-ba1f-a513e3866c50, 8.6, 570.148.08, 75, 94, 68, 23028, 21029, 1571, 1110, 6251, 148.96, 150.00
1762617819,0, NVIDIA A10, GPU-359b21ab-3dbf-5646-ba1f-a513e3866c50, 8.6, 570.148.08, 75, 90, 87, 23028, 21029, 1571, 1440, 6251, 149.78, 150.00
1762617820,0, NVIDIA A10, GPU-359b21ab-3dbf-5646-ba1f-a513e3866c50, 8.6, 570.148.08, 75, 91, 90, 23028, 21029, 1571, 1395, 6251, 148.79, 150.00
1762617821,0, NVIDIA A10, GPU-359b21ab-3dbf-5646-ba1f-a513e3866c50, 8.6, 570.148.08, 75, 91, 91, 23028, 21029, 1571, 1440, 6251, 152.18, 150.00
1762617822,0, NVIDIA A10, GPU-359b21ab-3dbf-5646-ba1f-a513e3866c50, 8.6, 570.148.08, 75, 92, 90, 23028, 21029, 1571, 1395, 6251, 150.21, 150.00
1762617823,0, NVIDIA A10, GPU-359b21ab-3dbf-5646-ba1f-a513e3866c50, 8.6, 570.148.08, 75, 92, 91, 23028, 21029, 1571, 1395, 6251, 149.35, 150.00
1762617824,0, NVIDIA A10, GPU-359b21ab-3dbf-5646-ba1f-a513e3866c50, 8.6, 570.148.08, 75, 92, 92, 23028, 21029, 1571, 1440, 6251, 149.74, 150.00
1762617825,0, NVIDIA A10, GPU-359b21ab-3dbf-5646-ba1f-a513e3866c50, 8.6, 570.148.08, 75, 89, 90, 23028, 21029, 1571, 1440, 6251, 151.55, 150.00
1762617826,0, NVIDIA A10, GPU-359b21ab-3dbf-5646-ba1f-a513e3866c50, 8.6, 570.148.08, 75, 91, 89, 23028, 21029, 1571, 1410, 6251, 148.06, 150.00
1762617827,0, NVIDIA A10, GPU-359b21ab-3dbf-5646-ba1f-a513e3866c50, 8.6, 570.148.08, 75, 95, 63, 23028, 21029, 1571, 1425, 6251, 146.03, 150.00
1762617828,0, NVIDIA A10, GPU-359b21ab-3dbf-5646-ba1f-a513e3866c50, 8.6, 570.148.08, 75, 92, 91, 23028, 21029, 1571, 1455, 6251, 147.18, 150.00
1762617829,0, NVIDIA A10, GPU-359b21ab-3dbf-5646-ba1f-a513e3866c50, 8.6, 570.148.08, 75, 91, 91, 23028, 21029, 1571, 1440, 6251, 149.88, 150.00
1762617830,0, NVIDIA A10, GPU-359b21ab-3dbf-5646-ba1f-a513e3866c50, 8.6, 570.148.08, 75, 90, 88, 23028, 21029, 1571, 1455, 6251, 148.45, 150.00
1762617831,0, NVIDIA A10, GPU-359b21ab-3dbf-5646-ba1f-a513e3866c50, 8.6, 570.148.08, 75, 92, 92, 23028, 21029, 1571, 1440, 6251, 148.78, 150.00
1762617832,0, NVIDIA A10, GPU-359b21ab-3dbf-5646-ba1f-a513e3866c50, 8.6, 570.148.08, 75, 92, 91, 23028, 21029, 1571, 1440, 6251, 150.94, 150.00
1762617833,0, NVIDIA A10, GPU-359b21ab-3dbf-5646-ba1f-a513e3866c50, 8.6, 570.148.08, 75, 92, 91, 23028, 21029, 1571, 1395, 6251, 148.04, 150.00
1762617834,0, NVIDIA A10, GPU-359b21ab-3dbf-5646-ba1f-a513e3866c50, 8.6, 570.148.08, 75, 93, 91, 23028, 21029, 1571, 1380, 6251, 149.69, 150.00
1762617836,0, NVIDIA A10, GPU-359b21ab-3dbf-5646-ba1f-a513e3866c50, 8.6, 570.148.08, 75, 93, 75, 23028, 21029, 1571, 1455, 6251, 150.89, 150.00
1762617837,0, NVIDIA A10, GPU-359b21ab-3dbf-5646-ba1f-a513e3866c50, 8.6, 570.148.08, 75, 93, 91, 23028, 21029, 1571, 1395, 6251, 148.59, 150.00
1762617838,0, NVIDIA A10, GPU-359b21ab-3dbf-5646-ba1f-a513e3866c50, 8.6, 570.148.08, 75, 91, 91, 23028, 21029, 1571, 1455, 6251, 147.72, 150.00
1762617839,0, NVIDIA A10, GPU-359b21ab-3dbf-5646-ba1f-a513e3866c50, 8.6, 570.148.08, 73, 0, 0, 23028, 21029, 1571, 1680, 6251, 136.48, 150.00
1762617840,0, NVIDIA A10, GPU-359b21ab-3dbf-5646-ba1f-a513e3866c50, 8.6, 570.148.08, 72, 0, 0, 23028, 21029, 1571, 1695, 6251, 84.71, 150.00
1762617841,0, NVIDIA A10, GPU-359b21ab-3dbf-5646-ba1f-a513e3866c50, 8.6, 570.148.08, 72, 100, 10, 23028, 3, 22596, 1695, 6251, 82.90, 150.00
1762617842,0, NVIDIA A10, GPU-359b21ab-3dbf-5646-ba1f-a513e3866c50, 8.6, 570.148.08, 71, 0, 0, 23028, 3, 22596, 1695, 6251, 80.31, 150.00
1762617843,0, NVIDIA A10, GPU-359b21ab-3dbf-5646-ba1f-a513e3866c50, 8.6, 570.148.08, 70, 0, 0, 23028, 0, 22599, 930, 6251, 77.49, 150.00
1762617844,0, NVIDIA A10, GPU-359b21ab-3dbf-5646-ba1f-a513e3866c50, 8.6, 570.148.08, 70, 0, 0, 23028, 0, 22599, 420, 6251, 70.80, 150.00
1762617845,0, NVIDIA A10, GPU-359b21ab-3dbf-5646-ba1f-a513e3866c50, 8.6, 570.148.08, 68, 0, 0, 23028, 0, 22599, 270, 6251, 51.56, 150.00
1762617846,0, NVIDIA A10, GPU-359b21ab-3dbf-5646-ba1f-a513e3866c50, 8.6, 570.148.08, 68, 0, 0, 23028, 0, 22599, 210, 6251, 51.26, 150.00
1762617847,0, NVIDIA A10, GPU-359b21ab-3dbf-5646-ba1f-a513e3866c50, 8.6, 570.148.08, 67, 0, 0, 23028, 0, 22599, 210, 6251, 50.88, 150.00
1762617848,0, NVIDIA A10, GPU-359b21ab-3dbf-5646-ba1f-a513e3866c50, 8.6, 570.148.08, 67, 0, 0, 23028, 0, 22599, 210, 6251, 50.54, 150.00
1762617849,0, NVIDIA A10, GPU-359b21ab-3dbf-5646-ba1f-a513e3866c50, 8.6, 570.148.08, 65, 0, 0, 23028, 0, 22599, 210, 405, 19.21, 150.00
1762617850,0, NVIDIA A10, GPU-359b21ab-3dbf-5646-ba1f-a513e3866c50, 8.6, 570.148.08, 64, 0, 0, 23028, 0, 22599, 210, 405, 18.97, 150.00
1762617851,0, NVIDIA A10, GPU-359b21ab-3dbf-5646-ba1f-a513e3866c50, 8.6, 570.148.08, 64, 0, 0, 23028, 0, 22599, 210, 405, 18.58, 150.00
1762617852,0, NVIDIA A10, GPU-359b21ab-3dbf-5646-ba1f-a513e3866c50, 8.6, 570.148.08, 63, 0, 0, 23028, 0, 22599, 210, 405, 18.69, 150.00
1762617853,0, NVIDIA A10, GPU-359b21ab-3dbf-5646-ba1f-a513e3866c50, 8.6, 570.148.08, 62, 0, 0, 23028, 0, 22599, 210, 405, 18.64, 150.00
1762617854,0, NVIDIA A10, GPU-359b21ab-3dbf-5646-ba1f-a513e3866c50, 8.6, 570.148.08, 62, 0, 0, 23028, 3, 22596, 210, 405, 28.33, 150.00
1762617855,0, NVIDIA A10, GPU-359b21ab-3dbf-5646-ba1f-a513e3866c50, 8.6, 570.148.08, 63, 0, 0, 23028, 861, 21739, 1695, 6251, 54.29, 150.00
1762617856,0, NVIDIA A10, GPU-359b21ab-3dbf-5646-ba1f-a513e3866c50, 8.6, 570.148.08, 63, 9, 1, 23028, 3219, 19381, 1695, 6251, 70.62, 150.00
1762617857,0, NVIDIA A10, GPU-359b21ab-3dbf-5646-ba1f-a513e3866c50, 8.6, 570.148.08, 63, 0, 0, 23028, 2717, 19883, 1695, 6251, 69.72, 150.00
1762617858,0, NVIDIA A10, GPU-359b21ab-3dbf-5646-ba1f-a513e3866c50, 8.6, 570.148.08, 63, 0, 0, 23028, 2717, 19883, 1695, 6251, 69.76, 150.00
1762617859,0, NVIDIA A10, GPU-359b21ab-3dbf-5646-ba1f-a513e3866c50, 8.6, 570.148.08, 63, 0, 0, 23028, 2717, 19883, 1695, 6251, 69.50, 150.00
1762617860,0, NVIDIA A10, GPU-359b21ab-3dbf-5646-ba1f-a513e3866c50, 8.6, 570.148.08, 63, 0, 0, 23028, 2717, 19883, 1695, 6251, 69.22, 150.00
1762617861,0, NVIDIA A10, GPU-359b21ab-3dbf-5646-ba1f-a513e3866c50, 8.6, 570.148.08, 62, 0, 0, 23028, 2717, 19883, 1695, 6251, 69.17, 150.00
1762617862,0, NVIDIA A10, GPU-359b21ab-3dbf-5646-ba1f-a513e3866c50, 8.6, 570.148.08, 63, 0, 0, 23028, 3111, 19489, 1695, 6251, 87.61, 150.00
1762617863,0, NVIDIA A10, GPU-359b21ab-3dbf-5646-ba1f-a513e3866c50, 8.6, 570.148.08, 65, 52, 34, 23028, 19605, 2995, 1665, 6251, 99.51, 150.00
1762617864,0, NVIDIA A10, GPU-359b21ab-3dbf-5646-ba1f-a513e3866c50, 8.6, 570.148.08, 64, 29, 29, 23028, 19771, 2829, 1695, 6251, 121.33, 150.00
1762617865,0, NVIDIA A10, GPU-359b21ab-3dbf-5646-ba1f-a513e3866c50, 8.6, 570.148.08, 63, 33, 36, 23028, 21029, 1571, 1665, 6251, 102.68, 150.00
1762617866,0, NVIDIA A10, GPU-359b21ab-3dbf-5646-ba1f-a513e3866c50, 8.6, 570.148.08, 63, 0, 0, 23028, 21029, 1571, 1695, 6251, 69.49, 150.00
1762617867,0, NVIDIA A10, GPU-359b21ab-3dbf-5646-ba1f-a513e3866c50, 8.6, 570.148.08, 62, 0, 0, 23028, 21029, 1571, 1695, 6251, 68.89, 150.00
1762617868,0, NVIDIA A10, GPU-359b21ab-3dbf-5646-ba1f-a513e3866c50, 8.6, 570.148.08, 62, 0, 0, 23028, 21029, 1571, 1695, 6251, 68.67, 150.00
1762617869,0, NVIDIA A10, GPU-359b21ab-3dbf-5646-ba1f-a513e3866c50, 8.6, 570.148.08, 62, 0, 0, 23028, 21029, 1571, 1695, 6251, 68.51, 150.00
1762617870,0, NVIDIA A10, GPU-359b21ab-3dbf-5646-ba1f-a513e3866c50, 8.6, 570.148.08, 62, 0, 0, 23028, 21029, 1571, 1695, 6251, 68.18, 150.00
1762617872,0, NVIDIA A10, GPU-359b21ab-3dbf-5646-ba1f-a513e3866c50, 8.6, 570.148.08, 61, 0, 0, 23028, 21029, 1571, 1695, 6251, 67.96, 150.00
1762617873,0, NVIDIA A10, GPU-359b21ab-3dbf-5646-ba1f-a513e3866c50, 8.6, 570.148.08, 61, 0, 0, 23028, 21029, 1571, 1695, 6251, 67.78, 150.00
1762617874,0, NVIDIA A10, GPU-359b21ab-3dbf-5646-ba1f-a513e3866c50, 8.6, 570.148.08, 61, 0, 0, 23028, 21029, 1571, 1695, 6251, 67.64, 150.00
1762617875,0, NVIDIA A10, GPU-359b21ab-3dbf-5646-ba1f-a513e3866c50, 8.6, 570.148.08, 61, 0, 0, 23028, 21029, 1571, 1695, 6251, 67.68, 150.00
1762617876,0, NVIDIA A10, GPU-359b21ab-3dbf-5646-ba1f-a513e3866c50, 8.6, 570.148.08, 61, 0, 0, 23028, 21029, 1571, 1695, 6251, 67.57, 150.00
1762617877,0, NVIDIA A10, GPU-359b21ab-3dbf-5646-ba1f-a513e3866c50, 8.6, 570.148.08, 62, 95, 53, 23028, 21029, 1571, 1425, 6251, 84.74, 150.00
1762617878,0, NVIDIA A10, GPU-359b21ab-3dbf-5646-ba1f-a513e3866c50, 8.6, 570.148.08, 63, 90, 91, 23028, 21029, 1571, 1575, 6251, 147.31, 150.00
1762617879,0, NVIDIA A10, GPU-359b21ab-3dbf-5646-ba1f-a513e3866c50, 8.6, 570.148.08, 64, 90, 81, 23028, 21029, 1571, 1575, 6251, 150.33, 150.00
1762617880,0, NVIDIA A10, GPU-359b21ab-3dbf-5646-ba1f-a513e3866c50, 8.6, 570.148.08, 64, 87, 86, 23028, 21029, 1571, 1575, 6251, 148.65, 150.00
1762617881,0, NVIDIA A10, GPU-359b21ab-3dbf-5646-ba1f-a513e3866c50, 8.6, 570.148.08, 65, 88, 88, 23028, 21029, 1571, 1485, 6251, 148.18, 150.00
1762617882,0, NVIDIA A10, GPU-359b21ab-3dbf-5646-ba1f-a513e3866c50, 8.6, 570.148.08, 65, 91, 68, 23028, 21029, 1571, 1200, 6251, 150.08, 150.00
1762617883,0, NVIDIA A10, GPU-359b21ab-3dbf-5646-ba1f-a513e3866c50, 8.6, 570.148.08, 65, 88, 81, 23028, 21029, 1571, 1170, 6251, 149.90, 150.00
1762617884,0, NVIDIA A10, GPU-359b21ab-3dbf-5646-ba1f-a513e3866c50, 8.6, 570.148.08, 66, 86, 87, 23028, 21029, 1571, 1455, 6251, 151.81, 150.00
1762617885,0, NVIDIA A10, GPU-359b21ab-3dbf-5646-ba1f-a513e3866c50, 8.6, 570.148.08, 66, 87, 88, 23028, 21029, 1571, 930, 6251, 148.87, 150.00
1762617886,0, NVIDIA A10, GPU-359b21ab-3dbf-5646-ba1f-a513e3866c50, 8.6, 570.148.08, 66, 87, 87, 23028, 21029, 1571, 1455, 6251, 146.86, 150.00
1762617887,0, NVIDIA A10, GPU-359b21ab-3dbf-5646-ba1f-a513e3866c50, 8.6, 570.148.08, 66, 90, 63, 23028, 21029, 1571, 1530, 6251, 146.44, 150.00
1762617888,0, NVIDIA A10, GPU-359b21ab-3dbf-5646-ba1f-a513e3866c50, 8.6, 570.148.08, 66, 84, 84, 23028, 21029, 1571, 1575, 6251, 150.16, 150.00
1762617889,0, NVIDIA A10, GPU-359b21ab-3dbf-5646-ba1f-a513e3866c50, 8.6, 570.148.08, 67, 88, 88, 23028, 21029, 1571, 1530, 6251, 151.95, 150.00
1762617890,0, NVIDIA A10, GPU-359b21ab-3dbf-5646-ba1f-a513e3866c50, 8.6, 570.148.08, 67, 85, 86, 23028, 21029, 1571, 1560, 6251, 148.65, 150.00
1762617891,0, NVIDIA A10, GPU-359b21ab-3dbf-5646-ba1f-a513e3866c50, 8.6, 570.148.08, 67, 86, 87, 23028, 21029, 1571, 1530, 6251, 153.37, 150.00
1762617892,0, NVIDIA A10, GPU-359b21ab-3dbf-5646-ba1f-a513e3866c50, 8.6, 570.148.08, 67, 85, 80, 23028, 21029, 1571, 1560, 6251, 151.60, 150.00
1762617893,0, NVIDIA A10, GPU-359b21ab-3dbf-5646-ba1f-a513e3866c50, 8.6, 570.148.08, 67, 87, 86, 23028, 21029, 1571, 1545, 6251, 148.57, 150.00
1762617894,0, NVIDIA A10, GPU-359b21ab-3dbf-5646-ba1f-a513e3866c50, 8.6, 570.148.08, 67, 86, 86, 23028, 21029, 1571, 1530, 6251, 148.88, 150.00
1762617895,0, NVIDIA A10, GPU-359b21ab-3dbf-5646-ba1f-a513e3866c50, 8.6, 570.148.08, 68, 85, 86, 23028, 21029, 1571, 1515, 6251, 152.61, 150.00
1762617896,0, NVIDIA A10, GPU-359b21ab-3dbf-5646-ba1f-a513e3866c50, 8.6, 570.148.08, 68, 94, 68, 23028, 21029, 1571, 1485, 6251, 147.35, 150.00
1762617897,0, NVIDIA A10, GPU-359b21ab-3dbf-5646-ba1f-a513e3866c50, 8.6, 570.148.08, 68, 87, 87, 23028, 21029, 1571, 1470, 6251, 149.15, 150.00
1762617898,0, NVIDIA A10, GPU-359b21ab-3dbf-5646-ba1f-a513e3866c50, 8.6, 570.148.08, 68, 90, 90, 23028, 21029, 1571, 1530, 6251, 149.19, 150.00
1762617899,0, NVIDIA A10, GPU-359b21ab-3dbf-5646-ba1f-a513e3866c50, 8.6, 570.148.08, 68, 91, 92, 23028, 21029, 1571, 1485, 6251, 150.77, 150.00
1762617900,0, NVIDIA A10, GPU-359b21ab-3dbf-5646-ba1f-a513e3866c50, 8.6, 570.148.08, 68, 91, 91, 23028, 21029, 1571, 1530, 6251, 153.61, 150.00
1762617901,0, NVIDIA A10, GPU-359b21ab-3dbf-5646-ba1f-a513e3866c50, 8.6, 570.148.08, 69, 89, 89, 23028, 21029, 1571, 1485, 6251, 150.21, 150.00
1762617902,0, NVIDIA A10, GPU-359b21ab-3dbf-5646-ba1f-a513e3866c50, 8.6, 570.148.08, 69, 91, 92, 23028, 21029, 1571, 1530, 6251, 148.50, 150.00
1762617903,0, NVIDIA A10, GPU-359b21ab-3dbf-5646-ba1f-a513e3866c50, 8.6, 570.148.08, 69, 90, 90, 23028, 21029, 1571, 1515, 6251, 146.92, 150.00
1762617905,0, NVIDIA A10, GPU-359b21ab-3dbf-5646-ba1f-a513e3866c50, 8.6, 570.148.08, 69, 90, 92, 23028, 21029, 1571, 1500, 6251, 149.23, 150.00
1762617906,0, NVIDIA A10, GPU-359b21ab-3dbf-5646-ba1f-a513e3866c50, 8.6, 570.148.08, 69, 89, 90, 23028, 21029, 1571, 1500, 6251, 147.68, 150.00
1762617907,0, NVIDIA A10, GPU-359b21ab-3dbf-5646-ba1f-a513e3866c50, 8.6, 570.148.08, 69, 89, 89, 23028, 21029, 1571, 1515, 6251, 152.04, 150.00
1762617908,0, NVIDIA A10, GPU-359b21ab-3dbf-5646-ba1f-a513e3866c50, 8.6, 570.148.08, 69, 89, 89, 23028, 21029, 1571, 1515, 6251, 148.00, 150.00
1762617909,0, NVIDIA A10, GPU-359b21ab-3dbf-5646-ba1f-a513e3866c50, 8.6, 570.148.08, 70, 90, 90, 23028, 21029, 1571, 1515, 6251, 148.69, 150.00
1762617910,0, NVIDIA A10, GPU-359b21ab-3dbf-5646-ba1f-a513e3866c50, 8.6, 570.148.08, 70, 91, 90, 23028, 21029, 1571, 1515, 6251, 148.19, 150.00
1762617911,0, NVIDIA A10, GPU-359b21ab-3dbf-5646-ba1f-a513e3866c50, 8.6, 570.148.08, 70, 91, 90, 23028, 21029, 1571, 1515, 6251, 147.77, 150.00
1762617912,0, NVIDIA A10, GPU-359b21ab-3dbf-5646-ba1f-a513e3866c50, 8.6, 570.148.08, 70, 91, 92, 23028, 21029, 1571, 1500, 6251, 148.55, 150.00
1762617913,0, NVIDIA A10, GPU-359b21ab-3dbf-5646-ba1f-a513e3866c50, 8.6, 570.148.08, 70, 90, 90, 23028, 21029, 1571, 1500, 6251, 148.34, 150.00
1762617914,0, NVIDIA A10, GPU-359b21ab-3dbf-5646-ba1f-a513e3866c50, 8.6, 570.148.08, 70, 90, 91, 23028, 21029, 1571, 1470, 6251, 151.77, 150.00
1762617915,0, NVIDIA A10, GPU-359b21ab-3dbf-5646-ba1f-a513e3866c50, 8.6, 570.148.08, 70, 91, 92, 23028, 21029, 1571, 1485, 6251, 148.38, 150.00
1762617916,0, NVIDIA A10, GPU-359b21ab-3dbf-5646-ba1f-a513e3866c50, 8.6, 570.148.08, 70, 91, 91, 23028, 21029, 1571, 1440, 6251, 150.01, 150.00
1762617917,0, NVIDIA A10, GPU-359b21ab-3dbf-5646-ba1f-a513e3866c50, 8.6, 570.148.08, 70, 91, 91, 23028, 21029, 1571, 1350, 6251, 148.66, 150.00
1762617918,0, NVIDIA A10, GPU-359b21ab-3dbf-5646-ba1f-a513e3866c50, 8.6, 570.148.08, 70, 89, 89, 23028, 21029, 1571, 1485, 6251, 147.64, 150.00
1762617919,0, NVIDIA A10, GPU-359b21ab-3dbf-5646-ba1f-a513e3866c50, 8.6, 570.148.08, 70, 90, 90, 23028, 21029, 1571, 1470, 6251, 153.10, 150.00
1762617920,0, NVIDIA A10, GPU-359b21ab-3dbf-5646-ba1f-a513e3866c50, 8.6, 570.148.08, 70, 89, 89, 23028, 21029, 1571, 1500, 6251, 148.17, 150.00
1762617921,0, NVIDIA A10, GPU-359b21ab-3dbf-5646-ba1f-a513e3866c50, 8.6, 570.148.08, 70, 89, 90, 23028, 21029, 1571, 1470, 6251, 150.61, 150.00
1762617922,0, NVIDIA A10, GPU-359b21ab-3dbf-5646-ba1f-a513e3866c50, 8.6, 570.148.08, 71, 90, 90, 23028, 21029, 1571, 1500, 6251, 147.91, 150.00
1762617923,0, NVIDIA A10, GPU-359b21ab-3dbf-5646-ba1f-a513e3866c50, 8.6, 570.148.08, 71, 90, 90, 23028, 21029, 1571, 1500, 6251, 148.52, 150.00
1762617924,0, NVIDIA A10, GPU-359b21ab-3dbf-5646-ba1f-a513e3866c50, 8.6, 570.148.08, 71, 91, 91, 23028, 21029, 1571, 1470, 6251, 150.05, 150.00
1762617925,0, NVIDIA A10, GPU-359b21ab-3dbf-5646-ba1f-a513e3866c50, 8.6, 570.148.08, 71, 91, 92, 23028, 21029, 1571, 1500, 6251, 148.53, 150.00
1762617926,0, NVIDIA A10, GPU-359b21ab-3dbf-5646-ba1f-a513e3866c50, 8.6, 570.148.08, 71, 92, 91, 23028, 21029, 1571, 1455, 6251, 150.34, 150.00
1762617927,0, NVIDIA A10, GPU-359b21ab-3dbf-5646-ba1f-a513e3866c50, 8.6, 570.148.08, 71, 91, 92, 23028, 21029, 1571, 1455, 6251, 147.89, 150.00
1762617928,0, NVIDIA A10, GPU-359b21ab-3dbf-5646-ba1f-a513e3866c50, 8.6, 570.148.08, 71, 97, 51, 23028, 21029, 1571, 1020, 6251, 148.82, 150.00
1762617929,0, NVIDIA A10, GPU-359b21ab-3dbf-5646-ba1f-a513e3866c50, 8.6, 570.148.08, 71, 92, 92, 23028, 21029, 1571, 1395, 6251, 148.15, 150.00
1762617930,0, NVIDIA A10, GPU-359b21ab-3dbf-5646-ba1f-a513e3866c50, 8.6, 570.148.08, 71, 95, 59, 23028, 21029, 1571, 1470, 6251, 147.11, 150.00
1762617931,0, NVIDIA A10, GPU-359b21ab-3dbf-5646-ba1f-a513e3866c50, 8.6, 570.148.08, 71, 91, 90, 23028, 21029, 1571, 1425, 6251, 150.27, 150.00
1762617932,0, NVIDIA A10, GPU-359b21ab-3dbf-5646-ba1f-a513e3866c50, 8.6, 570.148.08, 72, 92, 92, 23028, 21029, 1571, 1500, 6251, 149.85, 150.00
1762617933,0, NVIDIA A10, GPU-359b21ab-3dbf-5646-ba1f-a513e3866c50, 8.6, 570.148.08, 72, 89, 82, 23028, 21029, 1571, 1005, 6251, 151.16, 150.00
1762617934,0, NVIDIA A10, GPU-359b21ab-3dbf-5646-ba1f-a513e3866c50, 8.6, 570.148.08, 72, 94, 68, 23028, 21029, 1571, 1050, 6251, 151.50, 150.00
1762617935,0, NVIDIA A10, GPU-359b21ab-3dbf-5646-ba1f-a513e3866c50, 8.6, 570.148.08, 72, 91, 90, 23028, 21029, 1571, 1350, 6251, 147.19, 150.00
1762617936,0, NVIDIA A10, GPU-359b21ab-3dbf-5646-ba1f-a513e3866c50, 8.6, 570.148.08, 72, 91, 90, 23028, 21029, 1571, 1455, 6251, 147.04, 150.00
1762617938,0, NVIDIA A10, GPU-359b21ab-3dbf-5646-ba1f-a513e3866c50, 8.6, 570.148.08, 72, 91, 91, 23028, 21029, 1571, 1485, 6251, 147.32, 150.00
1762617939,0, NVIDIA A10, GPU-359b21ab-3dbf-5646-ba1f-a513e3866c50, 8.6, 570.148.08, 71, 91, 89, 23028, 21029, 1571, 1485, 6251, 148.98, 150.00
1762617940,0, NVIDIA A10, GPU-359b21ab-3dbf-5646-ba1f-a513e3866c50, 8.6, 570.148.08, 71, 93, 74, 23028, 21029, 1571, 1500, 6251, 147.76, 150.00
1762617941,0, NVIDIA A10, GPU-359b21ab-3dbf-5646-ba1f-a513e3866c50, 8.6, 570.148.08, 72, 92, 91, 23028, 21029, 1571, 1440, 6251, 148.97, 150.00
1762617942,0, NVIDIA A10, GPU-359b21ab-3dbf-5646-ba1f-a513e3866c50, 8.6, 570.148.08, 72, 89, 89, 23028, 21029, 1571, 1500, 6251, 148.02, 150.00
1762617943,0, NVIDIA A10, GPU-359b21ab-3dbf-5646-ba1f-a513e3866c50, 8.6, 570.148.08, 72, 92, 91, 23028, 21029, 1571, 1455, 6251, 150.46, 150.00
1762617944,0, NVIDIA A10, GPU-359b21ab-3dbf-5646-ba1f-a513e3866c50, 8.6, 570.148.08, 72, 91, 92, 23028, 21029, 1571, 1500, 6251, 153.83, 150.00
1762617945,0, NVIDIA A10, GPU-359b21ab-3dbf-5646-ba1f-a513e3866c50, 8.6, 570.148.08, 72, 98, 45, 23028, 21029, 1571, 1050, 6251, 147.55, 150.00
1762617946,0, NVIDIA A10, GPU-359b21ab-3dbf-5646-ba1f-a513e3866c50, 8.6, 570.148.08, 72, 88, 87, 23028, 21029, 1571, 1455, 6251, 146.05, 150.00
1762617947,0, NVIDIA A10, GPU-359b21ab-3dbf-5646-ba1f-a513e3866c50, 8.6, 570.148.08, 72, 98, 44, 23028, 21029, 1571, 1500, 6251, 150.29, 150.00
1762617948,0, NVIDIA A10, GPU-359b21ab-3dbf-5646-ba1f-a513e3866c50, 8.6, 570.148.08, 72, 88, 87, 23028, 21029, 1571, 1440, 6251, 149.65, 150.00
1762617949,0, NVIDIA A10, GPU-359b21ab-3dbf-5646-ba1f-a513e3866c50, 8.6, 570.148.08, 72, 89, 89, 23028, 21029, 1571, 1530, 6251, 148.32, 150.00
1762617950,0, NVIDIA A10, GPU-359b21ab-3dbf-5646-ba1f-a513e3866c50, 8.6, 570.148.08, 72, 87, 88, 23028, 21029, 1571, 1545, 6251, 146.17, 150.00
1762617951,0, NVIDIA A10, GPU-359b21ab-3dbf-5646-ba1f-a513e3866c50, 8.6, 570.148.08, 72, 88, 87, 23028, 21029, 1571, 1470, 6251, 149.94, 150.00
1762617952,0, NVIDIA A10, GPU-359b21ab-3dbf-5646-ba1f-a513e3866c50, 8.6, 570.148.08, 73, 88, 78, 23028, 21029, 1571, 1035, 6251, 158.17, 150.00
1762617953,0, NVIDIA A10, GPU-359b21ab-3dbf-5646-ba1f-a513e3866c50, 8.6, 570.148.08, 72, 97, 49, 23028, 21029, 1571, 1365, 6251, 152.05, 150.00
1762617954,0, NVIDIA A10, GPU-359b21ab-3dbf-5646-ba1f-a513e3866c50, 8.6, 570.148.08, 72, 90, 79, 23028, 21029, 1571, 1440, 6251, 148.16, 150.00
1762617955,0, NVIDIA A10, GPU-359b21ab-3dbf-5646-ba1f-a513e3866c50, 8.6, 570.148.08, 73, 89, 79, 23028, 21029, 1571, 1005, 6251, 152.32, 150.00
1762617956,0, NVIDIA A10, GPU-359b21ab-3dbf-5646-ba1f-a513e3866c50, 8.6, 570.148.08, 72, 88, 87, 23028, 21029, 1571, 1410, 6251, 152.63, 150.00
1762617957,0, NVIDIA A10, GPU-359b21ab-3dbf-5646-ba1f-a513e3866c50, 8.6, 570.148.08, 73, 93, 62, 23028, 21029, 1571, 1380, 6251, 147.24, 150.00
1762617958,0, NVIDIA A10, GPU-359b21ab-3dbf-5646-ba1f-a513e3866c50, 8.6, 570.148.08, 73, 88, 87, 23028, 21029, 1571, 1470, 6251, 152.35, 150.00
1762617959,0, NVIDIA A10, GPU-359b21ab-3dbf-5646-ba1f-a513e3866c50, 8.6, 570.148.08, 73, 89, 88, 23028, 21029, 1571, 1440, 6251, 149.60, 150.00
1762617960,0, NVIDIA A10, GPU-359b21ab-3dbf-5646-ba1f-a513e3866c50, 8.6, 570.148.08, 73, 88, 88, 23028, 21029, 1571, 1500, 6251, 148.12, 150.00
1762617961,0, NVIDIA A10, GPU-359b21ab-3dbf-5646-ba1f-a513e3866c50, 8.6, 570.148.08, 73, 87, 87, 23028, 21029, 1571, 1470, 6251, 149.68, 150.00
1762617962,0, NVIDIA A10, GPU-359b21ab-3dbf-5646-ba1f-a513e3866c50, 8.6, 570.148.08, 73, 86, 86, 23028, 21029, 1571, 1485, 6251, 148.33, 150.00
1762617963,0, NVIDIA A10, GPU-359b21ab-3dbf-5646-ba1f-a513e3866c50, 8.6, 570.148.08, 73, 90, 89, 23028, 21029, 1571, 1455, 6251, 150.44, 150.00
1762617964,0, NVIDIA A10, GPU-359b21ab-3dbf-5646-ba1f-a513e3866c50, 8.6, 570.148.08, 73, 89, 90, 23028, 21029, 1571, 1485, 6251, 150.54, 150.00
1762617965,0, NVIDIA A10, GPU-359b21ab-3dbf-5646-ba1f-a513e3866c50, 8.6, 570.148.08, 73, 89, 89, 23028, 21029, 1571, 1485, 6251, 150.34, 150.00
1762617966,0, NVIDIA A10, GPU-359b21ab-3dbf-5646-ba1f-a513e3866c50, 8.6, 570.148.08, 73, 90, 90, 23028, 21029, 1571, 1485, 6251, 147.88, 150.00
1762617967,0, NVIDIA A10, GPU-359b21ab-3dbf-5646-ba1f-a513e3866c50, 8.6, 570.148.08, 73, 89, 89, 23028, 21029, 1571, 1470, 6251, 148.90, 150.00
1762617968,0, NVIDIA A10, GPU-359b21ab-3dbf-5646-ba1f-a513e3866c50, 8.6, 570.148.08, 73, 96, 52, 23028, 21029, 1571, 1440, 6251, 149.43, 150.00
1762617970,0, NVIDIA A10, GPU-359b21ab-3dbf-5646-ba1f-a513e3866c50, 8.6, 570.148.08, 73, 89, 88, 23028, 21029, 1571, 1410, 6251, 150.83, 150.00
1762617971,0, NVIDIA A10, GPU-359b21ab-3dbf-5646-ba1f-a513e3866c50, 8.6, 570.148.08, 73, 90, 89, 23028, 21029, 1571, 1470, 6251, 153.18, 150.00
1762617972,0, NVIDIA A10, GPU-359b21ab-3dbf-5646-ba1f-a513e3866c50, 8.6, 570.148.08, 73, 89, 89, 23028, 21029, 1571, 1485, 6251, 149.50, 150.00
1762617973,0, NVIDIA A10, GPU-359b21ab-3dbf-5646-ba1f-a513e3866c50, 8.6, 570.148.08, 73, 88, 88, 23028, 21029, 1571, 1470, 6251, 147.24, 150.00
1762617974,0, NVIDIA A10, GPU-359b21ab-3dbf-5646-ba1f-a513e3866c50, 8.6, 570.148.08, 73, 90, 81, 23028, 21029, 1571, 1470, 6251, 148.30, 150.00
1762617975,0, NVIDIA A10, GPU-359b21ab-3dbf-5646-ba1f-a513e3866c50, 8.6, 570.148.08, 73, 91, 90, 23028, 21029, 1571, 1425, 6251, 148.34, 150.00
1762617976,0, NVIDIA A10, GPU-359b21ab-3dbf-5646-ba1f-a513e3866c50, 8.6, 570.148.08, 73, 90, 89, 23028, 21029, 1571, 1455, 6251, 148.18, 150.00
1762617977,0, NVIDIA A10, GPU-359b21ab-3dbf-5646-ba1f-a513e3866c50, 8.6, 570.148.08, 73, 92, 92, 23028, 21029, 1571, 1470, 6251, 148.99, 150.00
1762617978,0, NVIDIA A10, GPU-359b21ab-3dbf-5646-ba1f-a513e3866c50, 8.6, 570.148.08, 73, 95, 61, 23028, 21029, 1571, 1455, 6251, 144.93, 150.00
1762617979,0, NVIDIA A10, GPU-359b21ab-3dbf-5646-ba1f-a513e3866c50, 8.6, 570.148.08, 74, 90, 90, 23028, 21029, 1571, 1485, 6251, 152.35, 150.00
1762617980,0, NVIDIA A10, GPU-359b21ab-3dbf-5646-ba1f-a513e3866c50, 8.6, 570.148.08, 74, 91, 91, 23028, 21029, 1571, 1470, 6251, 149.27, 150.00
1762617981,0, NVIDIA A10, GPU-359b21ab-3dbf-5646-ba1f-a513e3866c50, 8.6, 570.148.08, 73, 91, 90, 23028, 21029, 1571, 1440, 6251, 149.33, 150.00
1762617982,0, NVIDIA A10, GPU-359b21ab-3dbf-5646-ba1f-a513e3866c50, 8.6, 570.148.08, 74, 96, 48, 23028, 21029, 1571, 1380, 6251, 149.62, 150.00
1762617983,0, NVIDIA A10, GPU-359b21ab-3dbf-5646-ba1f-a513e3866c50, 8.6, 570.148.08, 73, 92, 90, 23028, 21029, 1571, 1410, 6251, 148.05, 150.00
1762617984,0, NVIDIA A10, GPU-359b21ab-3dbf-5646-ba1f-a513e3866c50, 8.6, 570.148.08, 74, 91, 91, 23028, 21029, 1571, 1425, 6251, 148.43, 150.00
1762617985,0, NVIDIA A10, GPU-359b21ab-3dbf-5646-ba1f-a513e3866c50, 8.6, 570.148.08, 74, 91, 91, 23028, 21029, 1571, 1485, 6251, 148.16, 150.00
1762617986,0, NVIDIA A10, GPU-359b21ab-3dbf-5646-ba1f-a513e3866c50, 8.6, 570.148.08, 74, 91, 90, 23028, 21029, 1571, 1440, 6251, 148.35, 150.00
1762617987,0, NVIDIA A10, GPU-359b21ab-3dbf-5646-ba1f-a513e3866c50, 8.6, 570.148.08, 74, 91, 91, 23028, 21029, 1571, 1470, 6251, 147.80, 150.00
1762617988,0, NVIDIA A10, GPU-359b21ab-3dbf-5646-ba1f-a513e3866c50, 8.6, 570.148.08, 74, 91, 91, 23028, 21029, 1571, 1275, 6251, 149.68, 150.00
1762617989,0, NVIDIA A10, GPU-359b21ab-3dbf-5646-ba1f-a513e3866c50, 8.6, 570.148.08, 74, 91, 90, 23028, 21029, 1571, 1350, 6251, 151.37, 150.00
1762617990,0, NVIDIA A10, GPU-359b21ab-3dbf-5646-ba1f-a513e3866c50, 8.6, 570.148.08, 74, 100, 44, 23028, 21029, 1571, 1185, 6251, 148.63, 150.00
1762617991,0, NVIDIA A10, GPU-359b21ab-3dbf-5646-ba1f-a513e3866c50, 8.6, 570.148.08, 74, 91, 89, 23028, 21029, 1571, 1365, 6251, 148.20, 150.00
1762617992,0, NVIDIA A10, GPU-359b21ab-3dbf-5646-ba1f-a513e3866c50, 8.6, 570.148.08, 74, 92, 92, 23028, 21029, 1571, 1440, 6251, 147.48, 150.00
1762617993,0, NVIDIA A10, GPU-359b21ab-3dbf-5646-ba1f-a513e3866c50, 8.6, 570.148.08, 74, 92, 82, 23028, 21029, 1571, 1050, 6251, 154.42, 150.00
1762617994,0, NVIDIA A10, GPU-359b21ab-3dbf-5646-ba1f-a513e3866c50, 8.6, 570.148.08, 74, 100, 45, 23028, 21029, 1571, 1335, 6251, 151.60, 150.00
1762617995,0, NVIDIA A10, GPU-359b21ab-3dbf-5646-ba1f-a513e3866c50, 8.6, 570.148.08, 74, 90, 88, 23028, 21029, 1571, 1455, 6251, 149.44, 150.00
1762617996,0, NVIDIA A10, GPU-359b21ab-3dbf-5646-ba1f-a513e3866c50, 8.6, 570.148.08, 74, 92, 91, 23028, 21029, 1571, 1410, 6251, 149.72, 150.00
1762617997,0, NVIDIA A10, GPU-359b21ab-3dbf-5646-ba1f-a513e3866c50, 8.6, 570.148.08, 74, 89, 89, 23028, 21029, 1571, 1470, 6251, 148.05, 150.00
1762617998,0, NVIDIA A10, GPU-359b21ab-3dbf-5646-ba1f-a513e3866c50, 8.6, 570.148.08, 74, 91, 90, 23028, 21029, 1571, 1455, 6251, 147.90, 150.00
1762617999,0, NVIDIA A10, GPU-359b21ab-3dbf-5646-ba1f-a513e3866c50, 8.6, 570.148.08, 74, 92, 91, 23028, 21029, 1571, 1455, 6251, 153.13, 150.00
1762618000,0, NVIDIA A10, GPU-359b21ab-3dbf-5646-ba1f-a513e3866c50, 8.6, 570.148.08, 74, 90, 90, 23028, 21029, 1571, 1470, 6251, 147.33, 150.00
1762618001,0, NVIDIA A10, GPU-359b21ab-3dbf-5646-ba1f-a513e3866c50, 8.6, 570.148.08, 74, 91, 90, 23028, 21029, 1571, 1470, 6251, 151.84, 150.00
1762618003,0, NVIDIA A10, GPU-359b21ab-3dbf-5646-ba1f-a513e3866c50, 8.6, 570.148.08, 74, 92, 90, 23028, 21029, 1571, 1455, 6251, 147.36, 150.00
1762618004,0, NVIDIA A10, GPU-359b21ab-3dbf-5646-ba1f-a513e3866c50, 8.6, 570.148.08, 74, 92, 89, 23028, 21029, 1571, 1455, 6251, 147.56, 150.00
1762618005,0, NVIDIA A10, GPU-359b21ab-3dbf-5646-ba1f-a513e3866c50, 8.6, 570.148.08, 74, 92, 90, 23028, 21029, 1571, 1410, 6251, 149.62, 150.00
1762618006,0, NVIDIA A10, GPU-359b21ab-3dbf-5646-ba1f-a513e3866c50, 8.6, 570.148.08, 74, 90, 90, 23028, 21029, 1571, 1425, 6251, 151.95, 150.00
1762618007,0, NVIDIA A10, GPU-359b21ab-3dbf-5646-ba1f-a513e3866c50, 8.6, 570.148.08, 74, 92, 91, 23028, 21029, 1571, 1410, 6251, 149.11, 150.00
1762618008,0, NVIDIA A10, GPU-359b21ab-3dbf-5646-ba1f-a513e3866c50, 8.6, 570.148.08, 72, 0, 0, 23028, 21029, 1571, 1695, 6251, 117.71, 150.00
1762618009,0, NVIDIA A10, GPU-359b21ab-3dbf-5646-ba1f-a513e3866c50, 8.6, 570.148.08, 71, 0, 0, 23028, 21029, 1571, 1695, 6251, 90.93, 150.00
1762618010,0, NVIDIA A10, GPU-359b21ab-3dbf-5646-ba1f-a513e3866c50, 8.6, 570.148.08, 70, 0, 0, 23028, 3, 22596, 1695, 6251, 80.43, 150.00
