ts_unix,index,name,uuid,compute_cap,driver_version,temperature.gpu,utilization.gpu,utilization.memory,memory.total,memory.used,memory.free,clocks.sm,clocks.mem,power.draw,power.limit
1762613422,0, NVIDIA A10, GPU-359b21ab-3dbf-5646-ba1f-a513e3866c50, 8.6, 570.148.08, 33, 0, 0, 23028, 0, 22599, 945, 6251, 28.32, 150.00
1762613423,0, NVIDIA A10, GPU-359b21ab-3dbf-5646-ba1f-a513e3866c50, 8.6, 570.148.08, 33, 0, 0, 23028, 0, 22599, 990, 6251, 40.65, 150.00
1762613424,0, NVIDIA A10, GPU-359b21ab-3dbf-5646-ba1f-a513e3866c50, 8.6, 570.148.08, 33, 0, 0, 23028, 0, 22599, 210, 405, 28.13, 150.00
1762613425,0, NVIDIA A10, GPU-359b21ab-3dbf-5646-ba1f-a513e3866c50, 8.6, 570.148.08, 32, 0, 0, 23028, 0, 22599, 210, 405, 15.85, 150.00
1762613426,0, NVIDIA A10, GPU-359b21ab-3dbf-5646-ba1f-a513e3866c50, 8.6, 570.148.08, 32, 0, 0, 23028, 0, 22599, 210, 405, 15.76, 150.00
1762613427,0, NVIDIA A10, GPU-359b21ab-3dbf-5646-ba1f-a513e3866c50, 8.6, 570.148.08, 32, 0, 0, 23028, 0, 22599, 210, 405, 17.34, 150.00
1762613428,0, NVIDIA A10, GPU-359b21ab-3dbf-5646-ba1f-a513e3866c50, 8.6, 570.148.08, 32, 0, 0, 23028, 0, 22599, 210, 405, 17.29, 150.00
1762613429,0, NVIDIA A10, GPU-359b21ab-3dbf-5646-ba1f-a513e3866c50, 8.6, 570.148.08, 32, 0, 0, 23028, 0, 22599, 210, 405, 15.66, 150.00
1762613430,0, NVIDIA A10, GPU-359b21ab-3dbf-5646-ba1f-a513e3866c50, 8.6, 570.148.08, 32, 0, 0, 23028, 0, 22599, 210, 405, 15.66, 150.00
1762613431,0, NVIDIA A10, GPU-359b21ab-3dbf-5646-ba1f-a513e3866c50, 8.6, 570.148.08, 32, 0, 0, 23028, 0, 22599, 210, 405, 15.66, 150.00
1762613432,0, NVIDIA A10, GPU-359b21ab-3dbf-5646-ba1f-a513e3866c50, 8.6, 570.148.08, 32, 0, 0, 23028, 0, 22599, 210, 405, 15.71, 150.00
1762613433,0, NVIDIA A10, GPU-359b21ab-3dbf-5646-ba1f-a513e3866c50, 8.6, 570.148.08, 32, 0, 0, 23028, 0, 22599, 210, 405, 15.71, 150.00
1762613434,0, NVIDIA A10, GPU-359b21ab-3dbf-5646-ba1f-a513e3866c50, 8.6, 570.148.08, 32, 0, 0, 23028, 0, 22599, 210, 405, 15.66, 150.00
1762613435,0, NVIDIA A10, GPU-359b21ab-3dbf-5646-ba1f-a513e3866c50, 8.6, 570.148.08, 32, 0, 0, 23028, 0, 22599, 210, 405, 15.71, 150.00
1762613436,0, NVIDIA A10, GPU-359b21ab-3dbf-5646-ba1f-a513e3866c50, 8.6, 570.148.08, 32, 0, 0, 23028, 0, 22599, 210, 405, 15.71, 150.00
1762613437,0, NVIDIA A10, GPU-359b21ab-3dbf-5646-ba1f-a513e3866c50, 8.6, 570.148.08, 32, 0, 0, 23028, 0, 22599, 210, 405, 15.71, 150.00
1762613438,0, NVIDIA A10, GPU-359b21ab-3dbf-5646-ba1f-a513e3866c50, 8.6, 570.148.08, 32, 0, 0, 23028, 0, 22599, 210, 405, 15.71, 150.00
1762613439,0, NVIDIA A10, GPU-359b21ab-3dbf-5646-ba1f-a513e3866c50, 8.6, 570.148.08, 32, 0, 0, 23028, 0, 22599, 210, 405, 15.71, 150.00
1762613440,0, NVIDIA A10, GPU-359b21ab-3dbf-5646-ba1f-a513e3866c50, 8.6, 570.148.08, 33, 0, 0, 23028, 275, 22325, 1680, 6251, 24.16, 150.00
1762613441,0, NVIDIA A10, GPU-359b21ab-3dbf-5646-ba1f-a513e3866c50, 8.6, 570.148.08, 34, 0, 0, 23028, 3227, 19373, 1695, 6251, 55.22, 150.00
1762613442,0, NVIDIA A10, GPU-359b21ab-3dbf-5646-ba1f-a513e3866c50, 8.6, 570.148.08, 34, 0, 0, 23028, 2725, 19875, 1695, 6251, 55.96, 150.00
1762613443,0, NVIDIA A10, GPU-359b21ab-3dbf-5646-ba1f-a513e3866c50, 8.6, 570.148.08, 35, 0, 0, 23028, 2725, 19875, 1695, 6251, 55.47, 150.00
1762613444,0, NVIDIA A10, GPU-359b21ab-3dbf-5646-ba1f-a513e3866c50, 8.6, 570.148.08, 35, 0, 0, 23028, 2725, 19875, 1695, 6251, 55.18, 150.00
1762613445,0, NVIDIA A10, GPU-359b21ab-3dbf-5646-ba1f-a513e3866c50, 8.6, 570.148.08, 35, 0, 0, 23028, 2725, 19875, 1695, 6251, 55.52, 150.00
1762613446,0, NVIDIA A10, GPU-359b21ab-3dbf-5646-ba1f-a513e3866c50, 8.6, 570.148.08, 35, 0, 0, 23028, 2725, 19875, 1695, 6251, 55.68, 150.00
1762613447,0, NVIDIA A10, GPU-359b21ab-3dbf-5646-ba1f-a513e3866c50, 8.6, 570.148.08, 36, 0, 0, 23028, 4299, 18301, 1695, 6251, 75.24, 150.00
1762613448,0, NVIDIA A10, GPU-359b21ab-3dbf-5646-ba1f-a513e3866c50, 8.6, 570.148.08, 39, 51, 42, 23028, 19621, 2979, 1680, 6251, 108.11, 150.00
1762613449,0, NVIDIA A10, GPU-359b21ab-3dbf-5646-ba1f-a513e3866c50, 8.6, 570.148.08, 40, 54, 38, 23028, 19777, 2823, 1650, 6251, 124.82, 150.00
1762613451,0, NVIDIA A10, GPU-359b21ab-3dbf-5646-ba1f-a513e3866c50, 8.6, 570.148.08, 38, 0, 0, 23028, 21037, 1563, 1695, 6251, 81.09, 150.00
1762613452,0, NVIDIA A10, GPU-359b21ab-3dbf-5646-ba1f-a513e3866c50, 8.6, 570.148.08, 40, 92, 93, 23028, 21037, 1563, 1665, 6251, 91.60, 150.00
1762613453,0, NVIDIA A10, GPU-359b21ab-3dbf-5646-ba1f-a513e3866c50, 8.6, 570.148.08, 42, 91, 92, 23028, 21037, 1563, 1650, 6251, 152.51, 150.00
1762613454,0, NVIDIA A10, GPU-359b21ab-3dbf-5646-ba1f-a513e3866c50, 8.6, 570.148.08, 43, 92, 93, 23028, 21037, 1563, 1650, 6251, 153.18, 150.00
1762613455,0, NVIDIA A10, GPU-359b21ab-3dbf-5646-ba1f-a513e3866c50, 8.6, 570.148.08, 44, 92, 93, 23028, 21037, 1563, 1650, 6251, 154.56, 150.00
1762613456,0, NVIDIA A10, GPU-359b21ab-3dbf-5646-ba1f-a513e3866c50, 8.6, 570.148.08, 45, 92, 93, 23028, 21037, 1563, 1620, 6251, 154.91, 150.00
1762613457,0, NVIDIA A10, GPU-359b21ab-3dbf-5646-ba1f-a513e3866c50, 8.6, 570.148.08, 45, 92, 81, 23028, 21037, 1563, 1485, 6251, 155.89, 150.00
1762613458,0, NVIDIA A10, GPU-359b21ab-3dbf-5646-ba1f-a513e3866c50, 8.6, 570.148.08, 46, 92, 91, 23028, 21037, 1563, 1605, 6251, 152.19, 150.00
1762613459,0, NVIDIA A10, GPU-359b21ab-3dbf-5646-ba1f-a513e3866c50, 8.6, 570.148.08, 46, 92, 93, 23028, 21037, 1563, 1620, 6251, 149.41, 150.00
1762613460,0, NVIDIA A10, GPU-359b21ab-3dbf-5646-ba1f-a513e3866c50, 8.6, 570.148.08, 47, 92, 93, 23028, 21037, 1563, 1605, 6251, 149.24, 150.00
1762613461,0, NVIDIA A10, GPU-359b21ab-3dbf-5646-ba1f-a513e3866c50, 8.6, 570.148.08, 48, 92, 93, 23028, 21037, 1563, 1605, 6251, 148.38, 150.00
1762613462,0, NVIDIA A10, GPU-359b21ab-3dbf-5646-ba1f-a513e3866c50, 8.6, 570.148.08, 48, 92, 92, 23028, 21037, 1563, 1590, 6251, 148.52, 150.00
1762613463,0, NVIDIA A10, GPU-359b21ab-3dbf-5646-ba1f-a513e3866c50, 8.6, 570.148.08, 49, 92, 93, 23028, 21037, 1563, 1620, 6251, 148.32, 150.00
1762613464,0, NVIDIA A10, GPU-359b21ab-3dbf-5646-ba1f-a513e3866c50, 8.6, 570.148.08, 49, 92, 80, 23028, 21037, 1563, 1575, 6251, 145.60, 150.00
1762613465,0, NVIDIA A10, GPU-359b21ab-3dbf-5646-ba1f-a513e3866c50, 8.6, 570.148.08, 50, 92, 93, 23028, 21037, 1563, 1590, 6251, 147.93, 150.00
1762613466,0, NVIDIA A10, GPU-359b21ab-3dbf-5646-ba1f-a513e3866c50, 8.6, 570.148.08, 50, 92, 93, 23028, 21037, 1563, 1605, 6251, 147.90, 150.00
1762613467,0, NVIDIA A10, GPU-359b21ab-3dbf-5646-ba1f-a513e3866c50, 8.6, 570.148.08, 51, 90, 90, 23028, 21037, 1563, 1590, 6251, 148.61, 150.00
1762613468,0, NVIDIA A10, GPU-359b21ab-3dbf-5646-ba1f-a513e3866c50, 8.6, 570.148.08, 51, 92, 93, 23028, 21037, 1563, 1590, 6251, 147.86, 150.00
1762613469,0, NVIDIA A10, GPU-359b21ab-3dbf-5646-ba1f-a513e3866c50, 8.6, 570.148.08, 52, 92, 92, 23028, 21037, 1563, 1605, 6251, 148.53, 150.00
1762613470,0, NVIDIA A10, GPU-359b21ab-3dbf-5646-ba1f-a513e3866c50, 8.6, 570.148.08, 52, 92, 93, 23028, 21037, 1563, 1320, 6251, 147.90, 150.00
1762613471,0, NVIDIA A10, GPU-359b21ab-3dbf-5646-ba1f-a513e3866c50, 8.6, 570.148.08, 52, 92, 80, 23028, 21037, 1563, 1575, 6251, 145.69, 150.00
1762613472,0, NVIDIA A10, GPU-359b21ab-3dbf-5646-ba1f-a513e3866c50, 8.6, 570.148.08, 53, 92, 93, 23028, 21037, 1563, 1605, 6251, 147.70, 150.00
1762613473,0, NVIDIA A10, GPU-359b21ab-3dbf-5646-ba1f-a513e3866c50, 8.6, 570.148.08, 53, 92, 93, 23028, 21037, 1563, 1605, 6251, 148.17, 150.00
1762613474,0, NVIDIA A10, GPU-359b21ab-3dbf-5646-ba1f-a513e3866c50, 8.6, 570.148.08, 54, 92, 93, 23028, 21037, 1563, 1605, 6251, 149.24, 150.00
1762613475,0, NVIDIA A10, GPU-359b21ab-3dbf-5646-ba1f-a513e3866c50, 8.6, 570.148.08, 54, 92, 92, 23028, 21037, 1563, 1605, 6251, 148.74, 150.00
1762613476,0, NVIDIA A10, GPU-359b21ab-3dbf-5646-ba1f-a513e3866c50, 8.6, 570.148.08, 54, 92, 93, 23028, 21037, 1563, 1605, 6251, 152.74, 150.00
1762613477,0, NVIDIA A10, GPU-359b21ab-3dbf-5646-ba1f-a513e3866c50, 8.6, 570.148.08, 55, 92, 83, 23028, 21037, 1563, 1440, 6251, 159.67, 150.00
1762613478,0, NVIDIA A10, GPU-359b21ab-3dbf-5646-ba1f-a513e3866c50, 8.6, 570.148.08, 55, 91, 92, 23028, 21037, 1563, 1605, 6251, 152.47, 150.00
1762613479,0, NVIDIA A10, GPU-359b21ab-3dbf-5646-ba1f-a513e3866c50, 8.6, 570.148.08, 55, 92, 93, 23028, 21037, 1563, 1590, 6251, 153.19, 150.00
1762613480,0, NVIDIA A10, GPU-359b21ab-3dbf-5646-ba1f-a513e3866c50, 8.6, 570.148.08, 56, 91, 92, 23028, 21037, 1563, 1590, 6251, 150.95, 150.00
1762613481,0, NVIDIA A10, GPU-359b21ab-3dbf-5646-ba1f-a513e3866c50, 8.6, 570.148.08, 56, 92, 93, 23028, 21037, 1563, 1590, 6251, 152.81, 150.00
1762613482,0, NVIDIA A10, GPU-359b21ab-3dbf-5646-ba1f-a513e3866c50, 8.6, 570.148.08, 56, 91, 92, 23028, 21037, 1563, 1575, 6251, 151.40, 150.00
1762613483,0, NVIDIA A10, GPU-359b21ab-3dbf-5646-ba1f-a513e3866c50, 8.6, 570.148.08, 57, 92, 92, 23028, 21037, 1563, 1590, 6251, 148.82, 150.00
1762613485,0, NVIDIA A10, GPU-359b21ab-3dbf-5646-ba1f-a513e3866c50, 8.6, 570.148.08, 57, 92, 93, 23028, 21037, 1563, 1350, 6251, 146.49, 150.00
1762613486,0, NVIDIA A10, GPU-359b21ab-3dbf-5646-ba1f-a513e3866c50, 8.6, 570.148.08, 57, 92, 91, 23028, 21037, 1563, 1560, 6251, 145.99, 150.00
1762613487,0, NVIDIA A10, GPU-359b21ab-3dbf-5646-ba1f-a513e3866c50, 8.6, 570.148.08, 57, 92, 92, 23028, 21037, 1563, 1575, 6251, 147.96, 150.00
1762613488,0, NVIDIA A10, GPU-359b21ab-3dbf-5646-ba1f-a513e3866c50, 8.6, 570.148.08, 58, 92, 92, 23028, 21037, 1563, 1575, 6251, 148.69, 150.00
1762613489,0, NVIDIA A10, GPU-359b21ab-3dbf-5646-ba1f-a513e3866c50, 8.6, 570.148.08, 58, 92, 93, 23028, 21037, 1563, 1575, 6251, 149.04, 150.00
1762613490,0, NVIDIA A10, GPU-359b21ab-3dbf-5646-ba1f-a513e3866c50, 8.6, 570.148.08, 58, 92, 92, 23028, 21037, 1563, 1560, 6251, 148.36, 150.00
1762613491,0, NVIDIA A10, GPU-359b21ab-3dbf-5646-ba1f-a513e3866c50, 8.6, 570.148.08, 59, 91, 92, 23028, 21037, 1563, 1575, 6251, 148.55, 150.00
1762613492,0, NVIDIA A10, GPU-359b21ab-3dbf-5646-ba1f-a513e3866c50, 8.6, 570.148.08, 59, 92, 74, 23028, 21037, 1563, 1230, 6251, 145.75, 150.00
1762613493,0, NVIDIA A10, GPU-359b21ab-3dbf-5646-ba1f-a513e3866c50, 8.6, 570.148.08, 59, 92, 89, 23028, 21037, 1563, 1545, 6251, 148.90, 150.00
1762613494,0, NVIDIA A10, GPU-359b21ab-3dbf-5646-ba1f-a513e3866c50, 8.6, 570.148.08, 59, 92, 92, 23028, 21037, 1563, 1575, 6251, 151.93, 150.00
1762613495,0, NVIDIA A10, GPU-359b21ab-3dbf-5646-ba1f-a513e3866c50, 8.6, 570.148.08, 59, 92, 93, 23028, 21037, 1563, 1560, 6251, 151.73, 150.00
1762613496,0, NVIDIA A10, GPU-359b21ab-3dbf-5646-ba1f-a513e3866c50, 8.6, 570.148.08, 60, 92, 92, 23028, 21037, 1563, 1560, 6251, 150.91, 150.00
1762613497,0, NVIDIA A10, GPU-359b21ab-3dbf-5646-ba1f-a513e3866c50, 8.6, 570.148.08, 57, 100, 10, 23028, 0, 22599, 1695, 6251, 99.46, 150.00
1762613498,0, NVIDIA A10, GPU-359b21ab-3dbf-5646-ba1f-a513e3866c50, 8.6, 570.148.08, 56, 0, 0, 23028, 0, 22599, 1695, 6251, 67.28, 150.00
1762613499,0, NVIDIA A10, GPU-359b21ab-3dbf-5646-ba1f-a513e3866c50, 8.6, 570.148.08, 56, 0, 0, 23028, 0, 22599, 1695, 6251, 65.78, 150.00
1762613500,0, NVIDIA A10, GPU-359b21ab-3dbf-5646-ba1f-a513e3866c50, 8.6, 570.148.08, 55, 0, 0, 23028, 0, 22599, 435, 6251, 47.20, 150.00
1762613501,0, NVIDIA A10, GPU-359b21ab-3dbf-5646-ba1f-a513e3866c50, 8.6, 570.148.08, 54, 0, 0, 23028, 0, 22599, 270, 6251, 45.18, 150.00
1762613502,0, NVIDIA A10, GPU-359b21ab-3dbf-5646-ba1f-a513e3866c50, 8.6, 570.148.08, 54, 0, 0, 23028, 0, 22599, 210, 6251, 44.71, 150.00
1762613503,0, NVIDIA A10, GPU-359b21ab-3dbf-5646-ba1f-a513e3866c50, 8.6, 570.148.08, 53, 0, 0, 23028, 0, 22599, 210, 6251, 44.28, 150.00
1762613504,0, NVIDIA A10, GPU-359b21ab-3dbf-5646-ba1f-a513e3866c50, 8.6, 570.148.08, 53, 0, 0, 23028, 0, 22599, 210, 6251, 30.67, 150.00
1762613505,0, NVIDIA A10, GPU-359b21ab-3dbf-5646-ba1f-a513e3866c50, 8.6, 570.148.08, 51, 0, 0, 23028, 0, 22599, 210, 405, 17.10, 150.00
1762613506,0, NVIDIA A10, GPU-359b21ab-3dbf-5646-ba1f-a513e3866c50, 8.6, 570.148.08, 51, 0, 0, 23028, 0, 22599, 210, 405, 17.06, 150.00
1762613507,0, NVIDIA A10, GPU-359b21ab-3dbf-5646-ba1f-a513e3866c50, 8.6, 570.148.08, 50, 0, 0, 23028, 0, 22599, 210, 405, 17.07, 150.00
1762613508,0, NVIDIA A10, GPU-359b21ab-3dbf-5646-ba1f-a513e3866c50, 8.6, 570.148.08, 50, 0, 0, 23028, 0, 22599, 210, 405, 16.97, 150.00
1762613509,0, NVIDIA A10, GPU-359b21ab-3dbf-5646-ba1f-a513e3866c50, 8.6, 570.148.08, 50, 0, 0, 23028, 0, 22599, 210, 405, 16.92, 150.00
1762613510,0, NVIDIA A10, GPU-359b21ab-3dbf-5646-ba1f-a513e3866c50, 8.6, 570.148.08, 49, 0, 0, 23028, 0, 22599, 210, 405, 16.92, 150.00
1762613511,0, NVIDIA A10, GPU-359b21ab-3dbf-5646-ba1f-a513e3866c50, 8.6, 570.148.08, 48, 0, 0, 23028, 0, 22599, 210, 405, 16.92, 150.00
1762613512,0, NVIDIA A10, GPU-359b21ab-3dbf-5646-ba1f-a513e3866c50, 8.6, 570.148.08, 50, 2, 0, 23028, 347, 22253, 1695, 6251, 36.65, 150.00
1762613513,0, NVIDIA A10, GPU-359b21ab-3dbf-5646-ba1f-a513e3866c50, 8.6, 570.148.08, 50, 26, 2, 23028, 3227, 19373, 1695, 6251, 61.98, 150.00
1762613514,0, NVIDIA A10, GPU-359b21ab-3dbf-5646-ba1f-a513e3866c50, 8.6, 570.148.08, 50, 0, 0, 23028, 2725, 19875, 1695, 6251, 61.71, 150.00
1762613515,0, NVIDIA A10, GPU-359b21ab-3dbf-5646-ba1f-a513e3866c50, 8.6, 570.148.08, 50, 0, 0, 23028, 2725, 19875, 1695, 6251, 61.47, 150.00
1762613516,0, NVIDIA A10, GPU-359b21ab-3dbf-5646-ba1f-a513e3866c50, 8.6, 570.148.08, 50, 0, 0, 23028, 2725, 19875, 1695, 6251, 61.13, 150.00
1762613517,0, NVIDIA A10, GPU-359b21ab-3dbf-5646-ba1f-a513e3866c50, 8.6, 570.148.08, 50, 0, 0, 23028, 2725, 19875, 1695, 6251, 61.12, 150.00
1762613518,0, NVIDIA A10, GPU-359b21ab-3dbf-5646-ba1f-a513e3866c50, 8.6, 570.148.08, 50, 0, 0, 23028, 2725, 19875, 1695, 6251, 60.98, 150.00
1762613519,0, NVIDIA A10, GPU-359b21ab-3dbf-5646-ba1f-a513e3866c50, 8.6, 570.148.08, 50, 0, 0, 23028, 2725, 19875, 1695, 6251, 61.21, 150.00
1762613520,0, NVIDIA A10, GPU-359b21ab-3dbf-5646-ba1f-a513e3866c50, 8.6, 570.148.08, 51, 9, 9, 23028, 4299, 18301, 1680, 6251, 87.35, 150.00
1762613522,0, NVIDIA A10, GPU-359b21ab-3dbf-5646-ba1f-a513e3866c50, 8.6, 570.148.08, 51, 35, 42, 23028, 19445, 3155, 1695, 6251, 62.84, 150.00
1762613523,0, NVIDIA A10, GPU-359b21ab-3dbf-5646-ba1f-a513e3866c50, 8.6, 570.148.08, 53, 39, 32, 23028, 19621, 2979, 1605, 6251, 112.94, 150.00
1762613524,0, NVIDIA A10, GPU-359b21ab-3dbf-5646-ba1f-a513e3866c50, 8.6, 570.148.08, 53, 42, 28, 23028, 19767, 2833, 1620, 6251, 109.63, 150.00
1762613525,0, NVIDIA A10, GPU-359b21ab-3dbf-5646-ba1f-a513e3866c50, 8.6, 570.148.08, 51, 0, 0, 23028, 21037, 1563, 1650, 6251, 89.42, 150.00
1762613526,0, NVIDIA A10, GPU-359b21ab-3dbf-5646-ba1f-a513e3866c50, 8.6, 570.148.08, 51, 0, 0, 23028, 21037, 1563, 1695, 6251, 61.78, 150.00
1762613527,0, NVIDIA A10, GPU-359b21ab-3dbf-5646-ba1f-a513e3866c50, 8.6, 570.148.08, 54, 81, 81, 23028, 21037, 1563, 1680, 6251, 121.76, 150.00
1762613528,0, NVIDIA A10, GPU-359b21ab-3dbf-5646-ba1f-a513e3866c50, 8.6, 570.148.08, 55, 84, 85, 23028, 21037, 1563, 1665, 6251, 148.85, 150.00
1762613529,0, NVIDIA A10, GPU-359b21ab-3dbf-5646-ba1f-a513e3866c50, 8.6, 570.148.08, 56, 82, 83, 23028, 21037, 1563, 1665, 6251, 151.98, 150.00
1762613530,0, NVIDIA A10, GPU-359b21ab-3dbf-5646-ba1f-a513e3866c50, 8.6, 570.148.08, 56, 81, 82, 23028, 21037, 1563, 1665, 6251, 146.46, 150.00
1762613531,0, NVIDIA A10, GPU-359b21ab-3dbf-5646-ba1f-a513e3866c50, 8.6, 570.148.08, 57, 83, 84, 23028, 21037, 1563, 1635, 6251, 147.07, 150.00
1762613532,0, NVIDIA A10, GPU-359b21ab-3dbf-5646-ba1f-a513e3866c50, 8.6, 570.148.08, 57, 83, 83, 23028, 21037, 1563, 1650, 6251, 147.26, 150.00
1762613533,0, NVIDIA A10, GPU-359b21ab-3dbf-5646-ba1f-a513e3866c50, 8.6, 570.148.08, 57, 82, 82, 23028, 21037, 1563, 1650, 6251, 146.36, 150.00
1762613534,0, NVIDIA A10, GPU-359b21ab-3dbf-5646-ba1f-a513e3866c50, 8.6, 570.148.08, 58, 81, 82, 23028, 21037, 1563, 1650, 6251, 149.96, 150.00
1762613535,0, NVIDIA A10, GPU-359b21ab-3dbf-5646-ba1f-a513e3866c50, 8.6, 570.148.08, 58, 82, 83, 23028, 21037, 1563, 1635, 6251, 146.71, 150.00
1762613536,0, NVIDIA A10, GPU-359b21ab-3dbf-5646-ba1f-a513e3866c50, 8.6, 570.148.08, 59, 82, 82, 23028, 21037, 1563, 1650, 6251, 149.57, 150.00
1762613537,0, NVIDIA A10, GPU-359b21ab-3dbf-5646-ba1f-a513e3866c50, 8.6, 570.148.08, 59, 84, 84, 23028, 21037, 1563, 1635, 6251, 147.33, 150.00
1762613538,0, NVIDIA A10, GPU-359b21ab-3dbf-5646-ba1f-a513e3866c50, 8.6, 570.148.08, 59, 80, 81, 23028, 21037, 1563, 1650, 6251, 147.25, 150.00
1762613539,0, NVIDIA A10, GPU-359b21ab-3dbf-5646-ba1f-a513e3866c50, 8.6, 570.148.08, 59, 83, 82, 23028, 21037, 1563, 1635, 6251, 146.11, 150.00
1762613540,0, NVIDIA A10, GPU-359b21ab-3dbf-5646-ba1f-a513e3866c50, 8.6, 570.148.08, 59, 84, 84, 23028, 21037, 1563, 1635, 6251, 147.90, 150.00
1762613541,0, NVIDIA A10, GPU-359b21ab-3dbf-5646-ba1f-a513e3866c50, 8.6, 570.148.08, 60, 84, 84, 23028, 21037, 1563, 1620, 6251, 151.67, 150.00
1762613542,0, NVIDIA A10, GPU-359b21ab-3dbf-5646-ba1f-a513e3866c50, 8.6, 570.148.08, 60, 85, 83, 23028, 21037, 1563, 1620, 6251, 147.48, 150.00
1762613543,0, NVIDIA A10, GPU-359b21ab-3dbf-5646-ba1f-a513e3866c50, 8.6, 570.148.08, 60, 82, 82, 23028, 21037, 1563, 1650, 6251, 149.53, 150.00
1762613544,0, NVIDIA A10, GPU-359b21ab-3dbf-5646-ba1f-a513e3866c50, 8.6, 570.148.08, 61, 86, 86, 23028, 21037, 1563, 1605, 6251, 150.41, 150.00
1762613545,0, NVIDIA A10, GPU-359b21ab-3dbf-5646-ba1f-a513e3866c50, 8.6, 570.148.08, 61, 87, 86, 23028, 21037, 1563, 1605, 6251, 150.37, 150.00
1762613546,0, NVIDIA A10, GPU-359b21ab-3dbf-5646-ba1f-a513e3866c50, 8.6, 570.148.08, 61, 87, 87, 23028, 21037, 1563, 1605, 6251, 147.00, 150.00
1762613547,0, NVIDIA A10, GPU-359b21ab-3dbf-5646-ba1f-a513e3866c50, 8.6, 570.148.08, 61, 87, 87, 23028, 21037, 1563, 1605, 6251, 147.25, 150.00
1762613548,0, NVIDIA A10, GPU-359b21ab-3dbf-5646-ba1f-a513e3866c50, 8.6, 570.148.08, 62, 87, 87, 23028, 21037, 1563, 1605, 6251, 147.37, 150.00
1762613549,0, NVIDIA A10, GPU-359b21ab-3dbf-5646-ba1f-a513e3866c50, 8.6, 570.148.08, 62, 84, 85, 23028, 21037, 1563, 1620, 6251, 150.75, 150.00
1762613550,0, NVIDIA A10, GPU-359b21ab-3dbf-5646-ba1f-a513e3866c50, 8.6, 570.148.08, 62, 87, 88, 23028, 21037, 1563, 1590, 6251, 151.68, 150.00
1762613551,0, NVIDIA A10, GPU-359b21ab-3dbf-5646-ba1f-a513e3866c50, 8.6, 570.148.08, 62, 88, 88, 23028, 21037, 1563, 1605, 6251, 147.90, 150.00
1762613553,0, NVIDIA A10, GPU-359b21ab-3dbf-5646-ba1f-a513e3866c50, 8.6, 570.148.08, 62, 88, 88, 23028, 21037, 1563, 1590, 6251, 147.54, 150.00
1762613554,0, NVIDIA A10, GPU-359b21ab-3dbf-5646-ba1f-a513e3866c50, 8.6, 570.148.08, 63, 89, 89, 23028, 21037, 1563, 1575, 6251, 147.86, 150.00
1762613555,0, NVIDIA A10, GPU-359b21ab-3dbf-5646-ba1f-a513e3866c50, 8.6, 570.148.08, 63, 88, 88, 23028, 21037, 1563, 1575, 6251, 147.85, 150.00
1762613556,0, NVIDIA A10, GPU-359b21ab-3dbf-5646-ba1f-a513e3866c50, 8.6, 570.148.08, 63, 88, 88, 23028, 21037, 1563, 1575, 6251, 147.56, 150.00
1762613557,0, NVIDIA A10, GPU-359b21ab-3dbf-5646-ba1f-a513e3866c50, 8.6, 570.148.08, 63, 89, 89, 23028, 21037, 1563, 1575, 6251, 148.79, 150.00
1762613558,0, NVIDIA A10, GPU-359b21ab-3dbf-5646-ba1f-a513e3866c50, 8.6, 570.148.08, 64, 88, 88, 23028, 21037, 1563, 1560, 6251, 148.90, 150.00
1762613559,0, NVIDIA A10, GPU-359b21ab-3dbf-5646-ba1f-a513e3866c50, 8.6, 570.148.08, 64, 87, 87, 23028, 21037, 1563, 1590, 6251, 147.26, 150.00
1762613560,0, NVIDIA A10, GPU-359b21ab-3dbf-5646-ba1f-a513e3866c50, 8.6, 570.148.08, 64, 88, 88, 23028, 21037, 1563, 1575, 6251, 148.71, 150.00
1762613561,0, NVIDIA A10, GPU-359b21ab-3dbf-5646-ba1f-a513e3866c50, 8.6, 570.148.08, 64, 88, 88, 23028, 21037, 1563, 1590, 6251, 148.35, 150.00
1762613562,0, NVIDIA A10, GPU-359b21ab-3dbf-5646-ba1f-a513e3866c50, 8.6, 570.148.08, 64, 89, 88, 23028, 21037, 1563, 1575, 6251, 148.80, 150.00
1762613563,0, NVIDIA A10, GPU-359b21ab-3dbf-5646-ba1f-a513e3866c50, 8.6, 570.148.08, 64, 89, 89, 23028, 21037, 1563, 1560, 6251, 150.24, 150.00
1762613564,0, NVIDIA A10, GPU-359b21ab-3dbf-5646-ba1f-a513e3866c50, 8.6, 570.148.08, 65, 87, 87, 23028, 21037, 1563, 1575, 6251, 151.22, 150.00
1762613565,0, NVIDIA A10, GPU-359b21ab-3dbf-5646-ba1f-a513e3866c50, 8.6, 570.148.08, 65, 91, 91, 23028, 21037, 1563, 1560, 6251, 151.09, 150.00
1762613566,0, NVIDIA A10, GPU-359b21ab-3dbf-5646-ba1f-a513e3866c50, 8.6, 570.148.08, 65, 92, 91, 23028, 21037, 1563, 1560, 6251, 151.33, 150.00
1762613567,0, NVIDIA A10, GPU-359b21ab-3dbf-5646-ba1f-a513e3866c50, 8.6, 570.148.08, 65, 92, 92, 23028, 21037, 1563, 1545, 6251, 151.23, 150.00
1762613568,0, NVIDIA A10, GPU-359b21ab-3dbf-5646-ba1f-a513e3866c50, 8.6, 570.148.08, 65, 91, 91, 23028, 21037, 1563, 1545, 6251, 148.89, 150.00
1762613569,0, NVIDIA A10, GPU-359b21ab-3dbf-5646-ba1f-a513e3866c50, 8.6, 570.148.08, 65, 87, 87, 23028, 21037, 1563, 1560, 6251, 147.90, 150.00
1762613570,0, NVIDIA A10, GPU-359b21ab-3dbf-5646-ba1f-a513e3866c50, 8.6, 570.148.08, 66, 84, 84, 23028, 21037, 1563, 1590, 6251, 149.28, 150.00
1762613571,0, NVIDIA A10, GPU-359b21ab-3dbf-5646-ba1f-a513e3866c50, 8.6, 570.148.08, 66, 85, 85, 23028, 21037, 1563, 1560, 6251, 149.45, 150.00
1762613572,0, NVIDIA A10, GPU-359b21ab-3dbf-5646-ba1f-a513e3866c50, 8.6, 570.148.08, 66, 83, 83, 23028, 21037, 1563, 1500, 6251, 151.49, 150.00
1762613573,0, NVIDIA A10, GPU-359b21ab-3dbf-5646-ba1f-a513e3866c50, 8.6, 570.148.08, 66, 85, 85, 23028, 21037, 1563, 1560, 6251, 148.92, 150.00
1762613574,0, NVIDIA A10, GPU-359b21ab-3dbf-5646-ba1f-a513e3866c50, 8.6, 570.148.08, 66, 84, 84, 23028, 21037, 1563, 1515, 6251, 147.75, 150.00
1762613575,0, NVIDIA A10, GPU-359b21ab-3dbf-5646-ba1f-a513e3866c50, 8.6, 570.148.08, 66, 91, 90, 23028, 21037, 1563, 1470, 6251, 147.48, 150.00
1762613576,0, NVIDIA A10, GPU-359b21ab-3dbf-5646-ba1f-a513e3866c50, 8.6, 570.148.08, 66, 86, 86, 23028, 21037, 1563, 1470, 6251, 149.16, 150.00
1762613577,0, NVIDIA A10, GPU-359b21ab-3dbf-5646-ba1f-a513e3866c50, 8.6, 570.148.08, 67, 86, 86, 23028, 21037, 1563, 1455, 6251, 151.41, 150.00
1762613578,0, NVIDIA A10, GPU-359b21ab-3dbf-5646-ba1f-a513e3866c50, 8.6, 570.148.08, 64, 17, 2, 23028, 0, 22599, 1695, 6251, 80.71, 150.00
1762613579,0, NVIDIA A10, GPU-359b21ab-3dbf-5646-ba1f-a513e3866c50, 8.6, 570.148.08, 63, 0, 0, 23028, 0, 22599, 1695, 6251, 71.04, 150.00
1762613580,0, NVIDIA A10, GPU-359b21ab-3dbf-5646-ba1f-a513e3866c50, 8.6, 570.148.08, 62, 0, 0, 23028, 0, 22599, 390, 6251, 48.01, 150.00
1762613581,0, NVIDIA A10, GPU-359b21ab-3dbf-5646-ba1f-a513e3866c50, 8.6, 570.148.08, 61, 0, 0, 23028, 0, 22599, 225, 6251, 47.72, 150.00
1762613582,0, NVIDIA A10, GPU-359b21ab-3dbf-5646-ba1f-a513e3866c50, 8.6, 570.148.08, 60, 0, 0, 23028, 0, 22599, 210, 6251, 47.37, 150.00
1762613583,0, NVIDIA A10, GPU-359b21ab-3dbf-5646-ba1f-a513e3866c50, 8.6, 570.148.08, 60, 0, 0, 23028, 0, 22599, 210, 6251, 47.18, 150.00
1762613584,0, NVIDIA A10, GPU-359b21ab-3dbf-5646-ba1f-a513e3866c50, 8.6, 570.148.08, 59, 0, 0, 23028, 0, 22599, 210, 6251, 46.99, 150.00
1762613586,0, NVIDIA A10, GPU-359b21ab-3dbf-5646-ba1f-a513e3866c50, 8.6, 570.148.08, 59, 0, 0, 23028, 0, 22599, 210, 6251, 46.81, 150.00
1762613587,0, NVIDIA A10, GPU-359b21ab-3dbf-5646-ba1f-a513e3866c50, 8.6, 570.148.08, 58, 0, 0, 23028, 0, 22599, 210, 405, 32.42, 150.00
1762613588,0, NVIDIA A10, GPU-359b21ab-3dbf-5646-ba1f-a513e3866c50, 8.6, 570.148.08, 58, 0, 0, 23028, 0, 22599, 210, 405, 18.06, 150.00
1762613589,0, NVIDIA A10, GPU-359b21ab-3dbf-5646-ba1f-a513e3866c50, 8.6, 570.148.08, 57, 0, 0, 23028, 0, 22599, 210, 405, 17.73, 150.00
1762613590,0, NVIDIA A10, GPU-359b21ab-3dbf-5646-ba1f-a513e3866c50, 8.6, 570.148.08, 56, 0, 0, 23028, 0, 22599, 210, 405, 17.68, 150.00
1762613591,0, NVIDIA A10, GPU-359b21ab-3dbf-5646-ba1f-a513e3866c50, 8.6, 570.148.08, 56, 0, 0, 23028, 0, 22599, 210, 405, 17.87, 150.00
1762613592,0, NVIDIA A10, GPU-359b21ab-3dbf-5646-ba1f-a513e3866c50, 8.6, 570.148.08, 55, 0, 0, 23028, 0, 22599, 210, 405, 17.64, 150.00
1762613593,0, NVIDIA A10, GPU-359b21ab-3dbf-5646-ba1f-a513e3866c50, 8.6, 570.148.08, 54, 0, 0, 23028, 0, 22599, 210, 405, 17.40, 150.00
1762613594,0, NVIDIA A10, GPU-359b21ab-3dbf-5646-ba1f-a513e3866c50, 8.6, 570.148.08, 54, 0, 0, 23028, 0, 22599, 210, 405, 19.83, 150.00
1762613595,0, NVIDIA A10, GPU-359b21ab-3dbf-5646-ba1f-a513e3866c50, 8.6, 570.148.08, 54, 0, 0, 23028, 0, 22599, 210, 405, 19.83, 150.00
1762613596,0, NVIDIA A10, GPU-359b21ab-3dbf-5646-ba1f-a513e3866c50, 8.6, 570.148.08, 53, 0, 0, 23028, 0, 22599, 210, 405, 17.39, 150.00
1762613597,0, NVIDIA A10, GPU-359b21ab-3dbf-5646-ba1f-a513e3866c50, 8.6, 570.148.08, 54, 4, 0, 23028, 275, 22325, 1680, 6251, 25.05, 150.00
1762613598,0, NVIDIA A10, GPU-359b21ab-3dbf-5646-ba1f-a513e3866c50, 8.6, 570.148.08, 54, 25, 1, 23028, 3227, 19373, 1695, 6251, 63.71, 150.00
1762613599,0, NVIDIA A10, GPU-359b21ab-3dbf-5646-ba1f-a513e3866c50, 8.6, 570.148.08, 55, 0, 0, 23028, 2725, 19875, 1695, 6251, 64.74, 150.00
1762613600,0, NVIDIA A10, GPU-359b21ab-3dbf-5646-ba1f-a513e3866c50, 8.6, 570.148.08, 55, 0, 0, 23028, 2725, 19875, 1695, 6251, 64.13, 150.00
1762613601,0, NVIDIA A10, GPU-359b21ab-3dbf-5646-ba1f-a513e3866c50, 8.6, 570.148.08, 55, 0, 0, 23028, 2725, 19875, 1695, 6251, 63.36, 150.00
1762613602,0, NVIDIA A10, GPU-359b21ab-3dbf-5646-ba1f-a513e3866c50, 8.6, 570.148.08, 54, 0, 0, 23028, 2725, 19875, 1695, 6251, 63.46, 150.00
1762613603,0, NVIDIA A10, GPU-359b21ab-3dbf-5646-ba1f-a513e3866c50, 8.6, 570.148.08, 54, 1, 0, 23028, 3417, 19183, 1530, 6251, 63.66, 150.00
1762613604,0, NVIDIA A10, GPU-359b21ab-3dbf-5646-ba1f-a513e3866c50, 8.6, 570.148.08, 55, 0, 0, 23028, 19445, 3155, 1695, 6251, 86.78, 150.00
1762613605,0, NVIDIA A10, GPU-359b21ab-3dbf-5646-ba1f-a513e3866c50, 8.6, 570.148.08, 58, 44, 39, 23028, 19663, 2937, 1665, 6251, 121.91, 150.00
1762613606,0, NVIDIA A10, GPU-359b21ab-3dbf-5646-ba1f-a513e3866c50, 8.6, 570.148.08, 58, 44, 39, 23028, 19837, 2763, 1680, 6251, 124.67, 150.00
1762613607,0, NVIDIA A10, GPU-359b21ab-3dbf-5646-ba1f-a513e3866c50, 8.6, 570.148.08, 55, 0, 0, 23028, 21037, 1563, 1695, 6251, 76.11, 150.00
1762613608,0, NVIDIA A10, GPU-359b21ab-3dbf-5646-ba1f-a513e3866c50, 8.6, 570.148.08, 58, 91, 91, 23028, 21037, 1563, 1575, 6251, 121.44, 150.00
1762613609,0, NVIDIA A10, GPU-359b21ab-3dbf-5646-ba1f-a513e3866c50, 8.6, 570.148.08, 59, 89, 89, 23028, 21037, 1563, 1560, 6251, 147.29, 150.00
1762613610,0, NVIDIA A10, GPU-359b21ab-3dbf-5646-ba1f-a513e3866c50, 8.6, 570.148.08, 59, 91, 91, 23028, 21037, 1563, 1560, 6251, 146.13, 150.00
1762613611,0, NVIDIA A10, GPU-359b21ab-3dbf-5646-ba1f-a513e3866c50, 8.6, 570.148.08, 60, 91, 91, 23028, 21037, 1563, 1575, 6251, 152.06, 150.00
1762613612,0, NVIDIA A10, GPU-359b21ab-3dbf-5646-ba1f-a513e3866c50, 8.6, 570.148.08, 60, 91, 91, 23028, 21037, 1563, 1560, 6251, 151.89, 150.00
1762613613,0, NVIDIA A10, GPU-359b21ab-3dbf-5646-ba1f-a513e3866c50, 8.6, 570.148.08, 61, 92, 92, 23028, 21037, 1563, 1560, 6251, 148.12, 150.00
1762613614,0, NVIDIA A10, GPU-359b21ab-3dbf-5646-ba1f-a513e3866c50, 8.6, 570.148.08, 61, 91, 91, 23028, 21037, 1563, 1575, 6251, 146.59, 150.00
1762613615,0, NVIDIA A10, GPU-359b21ab-3dbf-5646-ba1f-a513e3866c50, 8.6, 570.148.08, 61, 92, 91, 23028, 21037, 1563, 1560, 6251, 146.80, 150.00
1762613616,0, NVIDIA A10, GPU-359b21ab-3dbf-5646-ba1f-a513e3866c50, 8.6, 570.148.08, 61, 91, 91, 23028, 21037, 1563, 1560, 6251, 153.31, 150.00
1762613617,0, NVIDIA A10, GPU-359b21ab-3dbf-5646-ba1f-a513e3866c50, 8.6, 570.148.08, 61, 92, 88, 23028, 21037, 1563, 1560, 6251, 151.53, 150.00
1762613618,0, NVIDIA A10, GPU-359b21ab-3dbf-5646-ba1f-a513e3866c50, 8.6, 570.148.08, 62, 97, 50, 23028, 21037, 1563, 1545, 6251, 147.17, 150.00
1762613619,0, NVIDIA A10, GPU-359b21ab-3dbf-5646-ba1f-a513e3866c50, 8.6, 570.148.08, 62, 95, 58, 23028, 21037, 1563, 1485, 6251, 145.65, 150.00
1762613620,0, NVIDIA A10, GPU-359b21ab-3dbf-5646-ba1f-a513e3866c50, 8.6, 570.148.08, 62, 95, 45, 23028, 21037, 1563, 1215, 6251, 144.97, 150.00
1762613621,0, NVIDIA A10, GPU-359b21ab-3dbf-5646-ba1f-a513e3866c50, 8.6, 570.148.08, 63, 90, 83, 23028, 21037, 1563, 1155, 6251, 148.05, 150.00
1762613623,0, NVIDIA A10, GPU-359b21ab-3dbf-5646-ba1f-a513e3866c50, 8.6, 570.148.08, 63, 90, 78, 23028, 21037, 1563, 1065, 6251, 152.48, 150.00
1762613624,0, NVIDIA A10, GPU-359b21ab-3dbf-5646-ba1f-a513e3866c50, 8.6, 570.148.08, 63, 91, 91, 23028, 21037, 1563, 1455, 6251, 152.64, 150.00
1762613625,0, NVIDIA A10, GPU-359b21ab-3dbf-5646-ba1f-a513e3866c50, 8.6, 570.148.08, 63, 91, 91, 23028, 21037, 1563, 1500, 6251, 151.57, 150.00
1762613626,0, NVIDIA A10, GPU-359b21ab-3dbf-5646-ba1f-a513e3866c50, 8.6, 570.148.08, 64, 91, 91, 23028, 21037, 1563, 1560, 6251, 147.40, 150.00
1762613627,0, NVIDIA A10, GPU-359b21ab-3dbf-5646-ba1f-a513e3866c50, 8.6, 570.148.08, 64, 92, 92, 23028, 21037, 1563, 1545, 6251, 146.42, 150.00
1762613628,0, NVIDIA A10, GPU-359b21ab-3dbf-5646-ba1f-a513e3866c50, 8.6, 570.148.08, 64, 92, 92, 23028, 21037, 1563, 1545, 6251, 148.24, 150.00
1762613629,0, NVIDIA A10, GPU-359b21ab-3dbf-5646-ba1f-a513e3866c50, 8.6, 570.148.08, 64, 92, 92, 23028, 21037, 1563, 1545, 6251, 150.80, 150.00
1762613630,0, NVIDIA A10, GPU-359b21ab-3dbf-5646-ba1f-a513e3866c50, 8.6, 570.148.08, 64, 77, 78, 23028, 21037, 1563, 1620, 6251, 153.75, 150.00
1762613631,0, NVIDIA A10, GPU-359b21ab-3dbf-5646-ba1f-a513e3866c50, 8.6, 570.148.08, 65, 82, 82, 23028, 21037, 1563, 1590, 6251, 151.04, 150.00
1762613632,0, NVIDIA A10, GPU-359b21ab-3dbf-5646-ba1f-a513e3866c50, 8.6, 570.148.08, 65, 82, 82, 23028, 21037, 1563, 1575, 6251, 151.95, 150.00
1762613633,0, NVIDIA A10, GPU-359b21ab-3dbf-5646-ba1f-a513e3866c50, 8.6, 570.148.08, 65, 80, 78, 23028, 21037, 1563, 1620, 6251, 147.99, 150.00
1762613634,0, NVIDIA A10, GPU-359b21ab-3dbf-5646-ba1f-a513e3866c50, 8.6, 570.148.08, 65, 91, 55, 23028, 21037, 1563, 1170, 6251, 148.21, 150.00
1762613635,0, NVIDIA A10, GPU-359b21ab-3dbf-5646-ba1f-a513e3866c50, 8.6, 570.148.08, 65, 82, 76, 23028, 21037, 1563, 1215, 6251, 148.73, 150.00
1762613636,0, NVIDIA A10, GPU-359b21ab-3dbf-5646-ba1f-a513e3866c50, 8.6, 570.148.08, 65, 81, 81, 23028, 21037, 1563, 1545, 6251, 150.48, 150.00
1762613637,0, NVIDIA A10, GPU-359b21ab-3dbf-5646-ba1f-a513e3866c50, 8.6, 570.148.08, 66, 85, 85, 23028, 21037, 1563, 1605, 6251, 150.99, 150.00
1762613638,0, NVIDIA A10, GPU-359b21ab-3dbf-5646-ba1f-a513e3866c50, 8.6, 570.148.08, 66, 85, 85, 23028, 21037, 1563, 1575, 6251, 145.99, 150.00
1762613639,0, NVIDIA A10, GPU-359b21ab-3dbf-5646-ba1f-a513e3866c50, 8.6, 570.148.08, 66, 85, 85, 23028, 21037, 1563, 1575, 6251, 151.13, 150.00
1762613640,0, NVIDIA A10, GPU-359b21ab-3dbf-5646-ba1f-a513e3866c50, 8.6, 570.148.08, 66, 86, 86, 23028, 21037, 1563, 1575, 6251, 146.64, 150.00
1762613641,0, NVIDIA A10, GPU-359b21ab-3dbf-5646-ba1f-a513e3866c50, 8.6, 570.148.08, 66, 85, 85, 23028, 21037, 1563, 1590, 6251, 151.99, 150.00
1762613642,0, NVIDIA A10, GPU-359b21ab-3dbf-5646-ba1f-a513e3866c50, 8.6, 570.148.08, 66, 86, 85, 23028, 21037, 1563, 1590, 6251, 146.67, 150.00
1762613643,0, NVIDIA A10, GPU-359b21ab-3dbf-5646-ba1f-a513e3866c50, 8.6, 570.148.08, 66, 98, 42, 23028, 21037, 1563, 1470, 6251, 152.40, 150.00
1762613644,0, NVIDIA A10, GPU-359b21ab-3dbf-5646-ba1f-a513e3866c50, 8.6, 570.148.08, 66, 92, 51, 23028, 21037, 1563, 1080, 6251, 148.00, 150.00
1762613645,0, NVIDIA A10, GPU-359b21ab-3dbf-5646-ba1f-a513e3866c50, 8.6, 570.148.08, 67, 84, 84, 23028, 21037, 1563, 1470, 6251, 145.30, 150.00
1762613646,0, NVIDIA A10, GPU-359b21ab-3dbf-5646-ba1f-a513e3866c50, 8.6, 570.148.08, 67, 83, 83, 23028, 21037, 1563, 1575, 6251, 151.60, 150.00
1762613647,0, NVIDIA A10, GPU-359b21ab-3dbf-5646-ba1f-a513e3866c50, 8.6, 570.148.08, 67, 85, 85, 23028, 21037, 1563, 1560, 6251, 146.68, 150.00
1762613648,0, NVIDIA A10, GPU-359b21ab-3dbf-5646-ba1f-a513e3866c50, 8.6, 570.148.08, 67, 83, 83, 23028, 21037, 1563, 1590, 6251, 153.82, 150.00
1762613649,0, NVIDIA A10, GPU-359b21ab-3dbf-5646-ba1f-a513e3866c50, 8.6, 570.148.08, 67, 84, 84, 23028, 21037, 1563, 1560, 6251, 146.16, 150.00
1762613650,0, NVIDIA A10, GPU-359b21ab-3dbf-5646-ba1f-a513e3866c50, 8.6, 570.148.08, 67, 85, 85, 23028, 21037, 1563, 1560, 6251, 149.07, 150.00
1762613651,0, NVIDIA A10, GPU-359b21ab-3dbf-5646-ba1f-a513e3866c50, 8.6, 570.148.08, 67, 84, 84, 23028, 21037, 1563, 1590, 6251, 145.88, 150.00
1762613652,0, NVIDIA A10, GPU-359b21ab-3dbf-5646-ba1f-a513e3866c50, 8.6, 570.148.08, 67, 90, 67, 23028, 21037, 1563, 1575, 6251, 146.07, 150.00
1762613653,0, NVIDIA A10, GPU-359b21ab-3dbf-5646-ba1f-a513e3866c50, 8.6, 570.148.08, 68, 97, 48, 23028, 21037, 1563, 1245, 6251, 147.97, 150.00
1762613655,0, NVIDIA A10, GPU-359b21ab-3dbf-5646-ba1f-a513e3866c50, 8.6, 570.148.08, 68, 83, 81, 23028, 21037, 1563, 1200, 6251, 145.66, 150.00
1762613656,0, NVIDIA A10, GPU-359b21ab-3dbf-5646-ba1f-a513e3866c50, 8.6, 570.148.08, 68, 84, 84, 23028, 21037, 1563, 1455, 6251, 146.65, 150.00
1762613657,0, NVIDIA A10, GPU-359b21ab-3dbf-5646-ba1f-a513e3866c50, 8.6, 570.148.08, 68, 86, 86, 23028, 21037, 1563, 1560, 6251, 150.33, 150.00
1762613658,0, NVIDIA A10, GPU-359b21ab-3dbf-5646-ba1f-a513e3866c50, 8.6, 570.148.08, 68, 85, 85, 23028, 21037, 1563, 1575, 6251, 146.71, 150.00
1762613659,0, NVIDIA A10, GPU-359b21ab-3dbf-5646-ba1f-a513e3866c50, 8.6, 570.148.08, 68, 84, 84, 23028, 21037, 1563, 1560, 6251, 152.32, 150.00
1762613660,0, NVIDIA A10, GPU-359b21ab-3dbf-5646-ba1f-a513e3866c50, 8.6, 570.148.08, 68, 86, 86, 23028, 21037, 1563, 1560, 6251, 148.62, 150.00
1762613661,0, NVIDIA A10, GPU-359b21ab-3dbf-5646-ba1f-a513e3866c50, 8.6, 570.148.08, 68, 81, 80, 23028, 21037, 1563, 1605, 6251, 151.76, 150.00
1762613662,0, NVIDIA A10, GPU-359b21ab-3dbf-5646-ba1f-a513e3866c50, 8.6, 570.148.08, 68, 85, 84, 23028, 21037, 1563, 1560, 6251, 146.03, 150.00
1762613663,0, NVIDIA A10, GPU-359b21ab-3dbf-5646-ba1f-a513e3866c50, 8.6, 570.148.08, 68, 88, 76, 23028, 21037, 1563, 1485, 6251, 154.02, 150.00
1762613664,0, NVIDIA A10, GPU-359b21ab-3dbf-5646-ba1f-a513e3866c50, 8.6, 570.148.08, 67, 24, 24, 23028, 21037, 1563, 1680, 6251, 143.05, 150.00
1762613665,0, NVIDIA A10, GPU-359b21ab-3dbf-5646-ba1f-a513e3866c50, 8.6, 570.148.08, 66, 39, 4, 23028, 0, 22599, 1695, 6251, 77.05, 150.00
1762613666,0, NVIDIA A10, GPU-359b21ab-3dbf-5646-ba1f-a513e3866c50, 8.6, 570.148.08, 65, 0, 0, 23028, 0, 22599, 1695, 6251, 73.01, 150.00
1762613667,0, NVIDIA A10, GPU-359b21ab-3dbf-5646-ba1f-a513e3866c50, 8.6, 570.148.08, 64, 0, 0, 23028, 0, 22599, 345, 6251, 51.29, 150.00
1762613668,0, NVIDIA A10, GPU-359b21ab-3dbf-5646-ba1f-a513e3866c50, 8.6, 570.148.08, 63, 0, 0, 23028, 0, 22599, 225, 6251, 48.75, 150.00
1762613669,0, NVIDIA A10, GPU-359b21ab-3dbf-5646-ba1f-a513e3866c50, 8.6, 570.148.08, 62, 0, 0, 23028, 0, 22599, 210, 6251, 48.07, 150.00
1762613670,0, NVIDIA A10, GPU-359b21ab-3dbf-5646-ba1f-a513e3866c50, 8.6, 570.148.08, 62, 0, 0, 23028, 0, 22599, 210, 6251, 47.79, 150.00
1762613671,0, NVIDIA A10, GPU-359b21ab-3dbf-5646-ba1f-a513e3866c50, 8.6, 570.148.08, 61, 0, 0, 23028, 0, 22599, 210, 6251, 47.61, 150.00
1762613672,0, NVIDIA A10, GPU-359b21ab-3dbf-5646-ba1f-a513e3866c50, 8.6, 570.148.08, 61, 0, 0, 23028, 0, 22599, 210, 6251, 47.51, 150.00
1762613673,0, NVIDIA A10, GPU-359b21ab-3dbf-5646-ba1f-a513e3866c50, 8.6, 570.148.08, 61, 0, 0, 23028, 0, 22599, 210, 405, 32.79, 150.00
1762613674,0, NVIDIA A10, GPU-359b21ab-3dbf-5646-ba1f-a513e3866c50, 8.6, 570.148.08, 60, 0, 0, 23028, 0, 22599, 210, 405, 18.02, 150.00
1762613675,0, NVIDIA A10, GPU-359b21ab-3dbf-5646-ba1f-a513e3866c50, 8.6, 570.148.08, 59, 0, 0, 23028, 0, 22599, 210, 405, 17.92, 150.00
1762613676,0, NVIDIA A10, GPU-359b21ab-3dbf-5646-ba1f-a513e3866c50, 8.6, 570.148.08, 58, 0, 0, 23028, 0, 22599, 210, 405, 17.82, 150.00
1762613677,0, NVIDIA A10, GPU-359b21ab-3dbf-5646-ba1f-a513e3866c50, 8.6, 570.148.08, 58, 0, 0, 23028, 0, 22599, 210, 405, 17.77, 150.00
1762613678,0, NVIDIA A10, GPU-359b21ab-3dbf-5646-ba1f-a513e3866c50, 8.6, 570.148.08, 57, 0, 0, 23028, 0, 22599, 210, 405, 17.73, 150.00
1762613679,0, NVIDIA A10, GPU-359b21ab-3dbf-5646-ba1f-a513e3866c50, 8.6, 570.148.08, 56, 0, 0, 23028, 0, 22599, 210, 405, 17.63, 150.00
1762613680,0, NVIDIA A10, GPU-359b21ab-3dbf-5646-ba1f-a513e3866c50, 8.6, 570.148.08, 56, 0, 0, 23028, 0, 22599, 210, 405, 17.58, 150.00
1762613681,0, NVIDIA A10, GPU-359b21ab-3dbf-5646-ba1f-a513e3866c50, 8.6, 570.148.08, 56, 7, 1, 23028, 275, 22325, 1680, 6251, 31.30, 150.00
1762613682,0, NVIDIA A10, GPU-359b21ab-3dbf-5646-ba1f-a513e3866c50, 8.6, 570.148.08, 57, 0, 0, 23028, 3219, 19381, 1695, 6251, 65.34, 150.00
1762613683,0, NVIDIA A10, GPU-359b21ab-3dbf-5646-ba1f-a513e3866c50, 8.6, 570.148.08, 57, 0, 0, 23028, 2717, 19883, 1695, 6251, 66.41, 150.00
1762613684,0, NVIDIA A10, GPU-359b21ab-3dbf-5646-ba1f-a513e3866c50, 8.6, 570.148.08, 57, 0, 0, 23028, 2717, 19883, 1695, 6251, 65.67, 150.00
1762613685,0, NVIDIA A10, GPU-359b21ab-3dbf-5646-ba1f-a513e3866c50, 8.6, 570.148.08, 57, 0, 0, 23028, 2717, 19883, 1695, 6251, 65.21, 150.00
1762613686,0, NVIDIA A10, GPU-359b21ab-3dbf-5646-ba1f-a513e3866c50, 8.6, 570.148.08, 57, 0, 0, 23028, 2717, 19883, 1695, 6251, 64.96, 150.00
1762613687,0, NVIDIA A10, GPU-359b21ab-3dbf-5646-ba1f-a513e3866c50, 8.6, 570.148.08, 57, 0, 0, 23028, 2717, 19883, 1695, 6251, 64.84, 150.00
1762613688,0, NVIDIA A10, GPU-359b21ab-3dbf-5646-ba1f-a513e3866c50, 8.6, 570.148.08, 57, 0, 0, 23028, 2717, 19883, 1695, 6251, 64.90, 150.00
1762613689,0, NVIDIA A10, GPU-359b21ab-3dbf-5646-ba1f-a513e3866c50, 8.6, 570.148.08, 58, 100, 48, 23028, 3409, 19191, 1200, 6251, 82.55, 150.00
1762613691,0, NVIDIA A10, GPU-359b21ab-3dbf-5646-ba1f-a513e3866c50, 8.6, 570.148.08, 57, 0, 0, 23028, 2733, 19867, 1695, 6251, 76.37, 150.00
1762613692,0, NVIDIA A10, GPU-359b21ab-3dbf-5646-ba1f-a513e3866c50, 8.6, 570.148.08, 59, 42, 33, 23028, 19587, 3013, 1425, 6251, 93.53, 150.00
1762613693,0, NVIDIA A10, GPU-359b21ab-3dbf-5646-ba1f-a513e3866c50, 8.6, 570.148.08, 58, 26, 26, 23028, 19769, 2831, 1695, 6251, 109.37, 150.00
1762613694,0, NVIDIA A10, GPU-359b21ab-3dbf-5646-ba1f-a513e3866c50, 8.6, 570.148.08, 58, 0, 0, 23028, 19831, 2769, 1695, 6251, 108.83, 150.00
1762613695,0, NVIDIA A10, GPU-359b21ab-3dbf-5646-ba1f-a513e3866c50, 8.6, 570.148.08, 57, 0, 0, 23028, 21029, 1571, 1695, 6251, 73.09, 150.00
1762613696,0, NVIDIA A10, GPU-359b21ab-3dbf-5646-ba1f-a513e3866c50, 8.6, 570.148.08, 57, 0, 0, 23028, 21029, 1571, 1695, 6251, 73.05, 150.00
1762613697,0, NVIDIA A10, GPU-359b21ab-3dbf-5646-ba1f-a513e3866c50, 8.6, 570.148.08, 57, 0, 0, 23028, 21029, 1571, 1695, 6251, 65.20, 150.00
1762613698,0, NVIDIA A10, GPU-359b21ab-3dbf-5646-ba1f-a513e3866c50, 8.6, 570.148.08, 56, 0, 0, 23028, 21029, 1571, 1695, 6251, 64.75, 150.00
1762613699,0, NVIDIA A10, GPU-359b21ab-3dbf-5646-ba1f-a513e3866c50, 8.6, 570.148.08, 56, 0, 0, 23028, 21029, 1571, 1695, 6251, 64.71, 150.00
1762613700,0, NVIDIA A10, GPU-359b21ab-3dbf-5646-ba1f-a513e3866c50, 8.6, 570.148.08, 56, 0, 0, 23028, 21029, 1571, 1695, 6251, 64.53, 150.00
1762613701,0, NVIDIA A10, GPU-359b21ab-3dbf-5646-ba1f-a513e3866c50, 8.6, 570.148.08, 56, 0, 0, 23028, 21029, 1571, 1695, 6251, 64.34, 150.00
1762613702,0, NVIDIA A10, GPU-359b21ab-3dbf-5646-ba1f-a513e3866c50, 8.6, 570.148.08, 56, 0, 0, 23028, 21029, 1571, 1695, 6251, 64.41, 150.00
1762613703,0, NVIDIA A10, GPU-359b21ab-3dbf-5646-ba1f-a513e3866c50, 8.6, 570.148.08, 56, 0, 0, 23028, 21029, 1571, 1695, 6251, 64.32, 150.00
1762613704,0, NVIDIA A10, GPU-359b21ab-3dbf-5646-ba1f-a513e3866c50, 8.6, 570.148.08, 56, 0, 0, 23028, 21029, 1571, 1695, 6251, 64.10, 150.00
1762613705,0, NVIDIA A10, GPU-359b21ab-3dbf-5646-ba1f-a513e3866c50, 8.6, 570.148.08, 56, 0, 0, 23028, 21029, 1571, 1695, 6251, 64.06, 150.00
1762613706,0, NVIDIA A10, GPU-359b21ab-3dbf-5646-ba1f-a513e3866c50, 8.6, 570.148.08, 58, 90, 90, 23028, 21029, 1571, 1545, 6251, 127.94, 150.00
1762613707,0, NVIDIA A10, GPU-359b21ab-3dbf-5646-ba1f-a513e3866c50, 8.6, 570.148.08, 59, 89, 89, 23028, 21029, 1571, 1605, 6251, 146.12, 150.00
1762613708,0, NVIDIA A10, GPU-359b21ab-3dbf-5646-ba1f-a513e3866c50, 8.6, 570.148.08, 60, 89, 89, 23028, 21029, 1571, 1605, 6251, 147.29, 150.00
1762613709,0, NVIDIA A10, GPU-359b21ab-3dbf-5646-ba1f-a513e3866c50, 8.6, 570.148.08, 60, 89, 89, 23028, 21029, 1571, 1530, 6251, 150.08, 150.00
1762613710,0, NVIDIA A10, GPU-359b21ab-3dbf-5646-ba1f-a513e3866c50, 8.6, 570.148.08, 61, 90, 91, 23028, 21029, 1571, 1560, 6251, 148.09, 150.00
1762613711,0, NVIDIA A10, GPU-359b21ab-3dbf-5646-ba1f-a513e3866c50, 8.6, 570.148.08, 61, 90, 80, 23028, 21029, 1571, 1590, 6251, 146.88, 150.00
1762613712,0, NVIDIA A10, GPU-359b21ab-3dbf-5646-ba1f-a513e3866c50, 8.6, 570.148.08, 61, 91, 81, 23028, 21029, 1571, 1380, 6251, 148.68, 150.00
1762613713,0, NVIDIA A10, GPU-359b21ab-3dbf-5646-ba1f-a513e3866c50, 8.6, 570.148.08, 61, 91, 79, 23028, 21029, 1571, 1515, 6251, 146.35, 150.00
1762613714,0, NVIDIA A10, GPU-359b21ab-3dbf-5646-ba1f-a513e3866c50, 8.6, 570.148.08, 62, 91, 90, 23028, 21029, 1571, 1515, 6251, 146.20, 150.00
1762613715,0, NVIDIA A10, GPU-359b21ab-3dbf-5646-ba1f-a513e3866c50, 8.6, 570.148.08, 62, 89, 90, 23028, 21029, 1571, 1545, 6251, 147.71, 150.00
1762613716,0, NVIDIA A10, GPU-359b21ab-3dbf-5646-ba1f-a513e3866c50, 8.6, 570.148.08, 63, 89, 89, 23028, 21029, 1571, 1530, 6251, 145.52, 150.00
1762613717,0, NVIDIA A10, GPU-359b21ab-3dbf-5646-ba1f-a513e3866c50, 8.6, 570.148.08, 63, 89, 89, 23028, 21029, 1571, 1545, 6251, 154.35, 150.00
1762613718,0, NVIDIA A10, GPU-359b21ab-3dbf-5646-ba1f-a513e3866c50, 8.6, 570.148.08, 63, 89, 90, 23028, 21029, 1571, 1500, 6251, 148.66, 150.00
1762613719,0, NVIDIA A10, GPU-359b21ab-3dbf-5646-ba1f-a513e3866c50, 8.6, 570.148.08, 63, 90, 90, 23028, 21029, 1571, 1500, 6251, 154.21, 150.00
1762613720,0, NVIDIA A10, GPU-359b21ab-3dbf-5646-ba1f-a513e3866c50, 8.6, 570.148.08, 64, 90, 91, 23028, 21029, 1571, 1470, 6251, 152.85, 150.00
1762613721,0, NVIDIA A10, GPU-359b21ab-3dbf-5646-ba1f-a513e3866c50, 8.6, 570.148.08, 64, 89, 89, 23028, 21029, 1571, 1470, 6251, 147.03, 150.00
1762613722,0, NVIDIA A10, GPU-359b21ab-3dbf-5646-ba1f-a513e3866c50, 8.6, 570.148.08, 64, 90, 91, 23028, 21029, 1571, 1560, 6251, 147.20, 150.00
1762613723,0, NVIDIA A10, GPU-359b21ab-3dbf-5646-ba1f-a513e3866c50, 8.6, 570.148.08, 64, 91, 92, 23028, 21029, 1571, 1560, 6251, 151.27, 150.00
1762613724,0, NVIDIA A10, GPU-359b21ab-3dbf-5646-ba1f-a513e3866c50, 8.6, 570.148.08, 64, 93, 84, 23028, 21029, 1571, 1065, 6251, 152.99, 150.00
1762613725,0, NVIDIA A10, GPU-359b21ab-3dbf-5646-ba1f-a513e3866c50, 8.6, 570.148.08, 65, 92, 86, 23028, 21029, 1571, 1155, 6251, 159.24, 150.00
1762613727,0, NVIDIA A10, GPU-359b21ab-3dbf-5646-ba1f-a513e3866c50, 8.6, 570.148.08, 65, 91, 91, 23028, 21029, 1571, 1215, 6251, 151.71, 150.00
1762613728,0, NVIDIA A10, GPU-359b21ab-3dbf-5646-ba1f-a513e3866c50, 8.6, 570.148.08, 65, 92, 82, 23028, 21029, 1571, 1050, 6251, 149.92, 150.00
1762613729,0, NVIDIA A10, GPU-359b21ab-3dbf-5646-ba1f-a513e3866c50, 8.6, 570.148.08, 65, 91, 92, 23028, 21029, 1571, 1500, 6251, 151.55, 150.00
1762613730,0, NVIDIA A10, GPU-359b21ab-3dbf-5646-ba1f-a513e3866c50, 8.6, 570.148.08, 65, 91, 92, 23028, 21029, 1571, 1455, 6251, 155.33, 150.00
1762613731,0, NVIDIA A10, GPU-359b21ab-3dbf-5646-ba1f-a513e3866c50, 8.6, 570.148.08, 65, 91, 91, 23028, 21029, 1571, 1470, 6251, 146.26, 150.00
1762613732,0, NVIDIA A10, GPU-359b21ab-3dbf-5646-ba1f-a513e3866c50, 8.6, 570.148.08, 65, 91, 91, 23028, 21029, 1571, 1500, 6251, 149.30, 150.00
1762613733,0, NVIDIA A10, GPU-359b21ab-3dbf-5646-ba1f-a513e3866c50, 8.6, 570.148.08, 66, 92, 91, 23028, 21029, 1571, 1500, 6251, 150.07, 150.00
1762613734,0, NVIDIA A10, GPU-359b21ab-3dbf-5646-ba1f-a513e3866c50, 8.6, 570.148.08, 66, 90, 91, 23028, 21029, 1571, 1545, 6251, 151.76, 150.00
1762613735,0, NVIDIA A10, GPU-359b21ab-3dbf-5646-ba1f-a513e3866c50, 8.6, 570.148.08, 66, 88, 90, 23028, 21029, 1571, 1545, 6251, 148.77, 150.00
1762613736,0, NVIDIA A10, GPU-359b21ab-3dbf-5646-ba1f-a513e3866c50, 8.6, 570.148.08, 66, 88, 88, 23028, 21029, 1571, 1470, 6251, 151.81, 150.00
1762613737,0, NVIDIA A10, GPU-359b21ab-3dbf-5646-ba1f-a513e3866c50, 8.6, 570.148.08, 66, 89, 90, 23028, 21029, 1571, 1560, 6251, 150.32, 150.00
1762613738,0, NVIDIA A10, GPU-359b21ab-3dbf-5646-ba1f-a513e3866c50, 8.6, 570.148.08, 66, 87, 89, 23028, 21029, 1571, 1545, 6251, 149.12, 150.00
1762613739,0, NVIDIA A10, GPU-359b21ab-3dbf-5646-ba1f-a513e3866c50, 8.6, 570.148.08, 67, 85, 85, 23028, 21029, 1571, 1515, 6251, 148.19, 150.00
1762613740,0, NVIDIA A10, GPU-359b21ab-3dbf-5646-ba1f-a513e3866c50, 8.6, 570.148.08, 66, 90, 82, 23028, 21029, 1571, 1560, 6251, 150.74, 150.00
1762613741,0, NVIDIA A10, GPU-359b21ab-3dbf-5646-ba1f-a513e3866c50, 8.6, 570.148.08, 67, 88, 77, 23028, 21029, 1571, 1530, 6251, 147.40, 150.00
1762613742,0, NVIDIA A10, GPU-359b21ab-3dbf-5646-ba1f-a513e3866c50, 8.6, 570.148.08, 67, 90, 78, 23028, 21029, 1571, 1515, 6251, 145.85, 150.00
1762613743,0, NVIDIA A10, GPU-359b21ab-3dbf-5646-ba1f-a513e3866c50, 8.6, 570.148.08, 67, 88, 89, 23028, 21029, 1571, 1485, 6251, 148.21, 150.00
1762613744,0, NVIDIA A10, GPU-359b21ab-3dbf-5646-ba1f-a513e3866c50, 8.6, 570.148.08, 67, 86, 88, 23028, 21029, 1571, 1560, 6251, 152.51, 150.00
1762613745,0, NVIDIA A10, GPU-359b21ab-3dbf-5646-ba1f-a513e3866c50, 8.6, 570.148.08, 67, 88, 90, 23028, 21029, 1571, 1545, 6251, 150.29, 150.00
1762613746,0, NVIDIA A10, GPU-359b21ab-3dbf-5646-ba1f-a513e3866c50, 8.6, 570.148.08, 67, 88, 86, 23028, 21029, 1571, 1575, 6251, 155.44, 150.00
1762613747,0, NVIDIA A10, GPU-359b21ab-3dbf-5646-ba1f-a513e3866c50, 8.6, 570.148.08, 68, 89, 88, 23028, 21029, 1571, 1500, 6251, 151.91, 150.00
1762613748,0, NVIDIA A10, GPU-359b21ab-3dbf-5646-ba1f-a513e3866c50, 8.6, 570.148.08, 68, 91, 81, 23028, 21029, 1571, 1380, 6251, 150.69, 150.00
1762613749,0, NVIDIA A10, GPU-359b21ab-3dbf-5646-ba1f-a513e3866c50, 8.6, 570.148.08, 68, 92, 92, 23028, 21029, 1571, 1440, 6251, 151.98, 150.00
1762613750,0, NVIDIA A10, GPU-359b21ab-3dbf-5646-ba1f-a513e3866c50, 8.6, 570.148.08, 68, 93, 93, 23028, 21029, 1571, 1485, 6251, 147.55, 150.00
1762613751,0, NVIDIA A10, GPU-359b21ab-3dbf-5646-ba1f-a513e3866c50, 8.6, 570.148.08, 68, 92, 93, 23028, 21029, 1571, 1515, 6251, 147.27, 150.00
1762613752,0, NVIDIA A10, GPU-359b21ab-3dbf-5646-ba1f-a513e3866c50, 8.6, 570.148.08, 68, 92, 93, 23028, 21029, 1571, 1530, 6251, 153.97, 150.00
1762613753,0, NVIDIA A10, GPU-359b21ab-3dbf-5646-ba1f-a513e3866c50, 8.6, 570.148.08, 68, 92, 93, 23028, 21029, 1571, 1515, 6251, 149.08, 150.00
1762613754,0, NVIDIA A10, GPU-359b21ab-3dbf-5646-ba1f-a513e3866c50, 8.6, 570.148.08, 68, 92, 93, 23028, 21029, 1571, 1515, 6251, 148.83, 150.00
1762613755,0, NVIDIA A10, GPU-359b21ab-3dbf-5646-ba1f-a513e3866c50, 8.6, 570.148.08, 68, 92, 92, 23028, 21029, 1571, 1470, 6251, 150.40, 150.00
1762613756,0, NVIDIA A10, GPU-359b21ab-3dbf-5646-ba1f-a513e3866c50, 8.6, 570.148.08, 68, 92, 93, 23028, 21029, 1571, 1485, 6251, 148.43, 150.00
1762613757,0, NVIDIA A10, GPU-359b21ab-3dbf-5646-ba1f-a513e3866c50, 8.6, 570.148.08, 69, 92, 93, 23028, 21029, 1571, 1470, 6251, 151.04, 150.00
1762613759,0, NVIDIA A10, GPU-359b21ab-3dbf-5646-ba1f-a513e3866c50, 8.6, 570.148.08, 69, 92, 93, 23028, 21029, 1571, 1470, 6251, 146.37, 150.00
1762613760,0, NVIDIA A10, GPU-359b21ab-3dbf-5646-ba1f-a513e3866c50, 8.6, 570.148.08, 69, 94, 82, 23028, 21029, 1571, 1515, 6251, 145.82, 150.00
1762613761,0, NVIDIA A10, GPU-359b21ab-3dbf-5646-ba1f-a513e3866c50, 8.6, 570.148.08, 69, 93, 92, 23028, 21029, 1571, 1470, 6251, 152.64, 150.00
1762613762,0, NVIDIA A10, GPU-359b21ab-3dbf-5646-ba1f-a513e3866c50, 8.6, 570.148.08, 69, 92, 88, 23028, 21029, 1571, 1110, 6251, 149.34, 150.00
1762613763,0, NVIDIA A10, GPU-359b21ab-3dbf-5646-ba1f-a513e3866c50, 8.6, 570.148.08, 69, 89, 90, 23028, 21029, 1571, 1485, 6251, 145.61, 150.00
1762613764,0, NVIDIA A10, GPU-359b21ab-3dbf-5646-ba1f-a513e3866c50, 8.6, 570.148.08, 69, 92, 92, 23028, 21029, 1571, 1470, 6251, 147.93, 150.00
1762613765,0, NVIDIA A10, GPU-359b21ab-3dbf-5646-ba1f-a513e3866c50, 8.6, 570.148.08, 69, 93, 92, 23028, 21029, 1571, 1425, 6251, 148.95, 150.00
1762613766,0, NVIDIA A10, GPU-359b21ab-3dbf-5646-ba1f-a513e3866c50, 8.6, 570.148.08, 69, 92, 93, 23028, 21029, 1571, 1515, 6251, 151.66, 150.00
1762613767,0, NVIDIA A10, GPU-359b21ab-3dbf-5646-ba1f-a513e3866c50, 8.6, 570.148.08, 69, 92, 90, 23028, 21029, 1571, 1470, 6251, 149.56, 150.00
1762613768,0, NVIDIA A10, GPU-359b21ab-3dbf-5646-ba1f-a513e3866c50, 8.6, 570.148.08, 70, 91, 92, 23028, 21029, 1571, 1515, 6251, 147.92, 150.00
1762613769,0, NVIDIA A10, GPU-359b21ab-3dbf-5646-ba1f-a513e3866c50, 8.6, 570.148.08, 70, 92, 92, 23028, 21029, 1571, 1515, 6251, 151.87, 150.00
1762613770,0, NVIDIA A10, GPU-359b21ab-3dbf-5646-ba1f-a513e3866c50, 8.6, 570.148.08, 70, 92, 91, 23028, 21029, 1571, 1455, 6251, 154.48, 150.00
1762613771,0, NVIDIA A10, GPU-359b21ab-3dbf-5646-ba1f-a513e3866c50, 8.6, 570.148.08, 70, 92, 92, 23028, 21029, 1571, 1485, 6251, 148.24, 150.00
1762613772,0, NVIDIA A10, GPU-359b21ab-3dbf-5646-ba1f-a513e3866c50, 8.6, 570.148.08, 70, 92, 91, 23028, 21029, 1571, 1440, 6251, 150.72, 150.00
1762613773,0, NVIDIA A10, GPU-359b21ab-3dbf-5646-ba1f-a513e3866c50, 8.6, 570.148.08, 70, 91, 92, 23028, 21029, 1571, 1050, 6251, 149.12, 150.00
1762613774,0, NVIDIA A10, GPU-359b21ab-3dbf-5646-ba1f-a513e3866c50, 8.6, 570.148.08, 70, 92, 93, 23028, 21029, 1571, 1485, 6251, 153.47, 150.00
1762613775,0, NVIDIA A10, GPU-359b21ab-3dbf-5646-ba1f-a513e3866c50, 8.6, 570.148.08, 70, 92, 91, 23028, 21029, 1571, 1260, 6251, 149.02, 150.00
1762613776,0, NVIDIA A10, GPU-359b21ab-3dbf-5646-ba1f-a513e3866c50, 8.6, 570.148.08, 70, 92, 92, 23028, 21029, 1571, 1455, 6251, 152.54, 150.00
1762613777,0, NVIDIA A10, GPU-359b21ab-3dbf-5646-ba1f-a513e3866c50, 8.6, 570.148.08, 70, 93, 93, 23028, 21029, 1571, 1470, 6251, 147.90, 150.00
1762613778,0, NVIDIA A10, GPU-359b21ab-3dbf-5646-ba1f-a513e3866c50, 8.6, 570.148.08, 70, 92, 92, 23028, 21029, 1571, 1500, 6251, 151.92, 150.00
1762613779,0, NVIDIA A10, GPU-359b21ab-3dbf-5646-ba1f-a513e3866c50, 8.6, 570.148.08, 70, 93, 82, 23028, 21029, 1571, 1380, 6251, 158.17, 150.00
1762613780,0, NVIDIA A10, GPU-359b21ab-3dbf-5646-ba1f-a513e3866c50, 8.6, 570.148.08, 70, 91, 92, 23028, 21029, 1571, 1500, 6251, 149.81, 150.00
1762613781,0, NVIDIA A10, GPU-359b21ab-3dbf-5646-ba1f-a513e3866c50, 8.6, 570.148.08, 70, 91, 90, 23028, 21029, 1571, 1200, 6251, 151.32, 150.00
1762613782,0, NVIDIA A10, GPU-359b21ab-3dbf-5646-ba1f-a513e3866c50, 8.6, 570.148.08, 70, 92, 91, 23028, 21029, 1571, 1425, 6251, 145.82, 150.00
1762613783,0, NVIDIA A10, GPU-359b21ab-3dbf-5646-ba1f-a513e3866c50, 8.6, 570.148.08, 70, 91, 92, 23028, 21029, 1571, 1470, 6251, 149.38, 150.00
1762613784,0, NVIDIA A10, GPU-359b21ab-3dbf-5646-ba1f-a513e3866c50, 8.6, 570.148.08, 70, 92, 92, 23028, 21029, 1571, 1470, 6251, 146.82, 150.00
1762613785,0, NVIDIA A10, GPU-359b21ab-3dbf-5646-ba1f-a513e3866c50, 8.6, 570.148.08, 70, 93, 80, 23028, 21029, 1571, 1455, 6251, 147.98, 150.00
1762613786,0, NVIDIA A10, GPU-359b21ab-3dbf-5646-ba1f-a513e3866c50, 8.6, 570.148.08, 70, 93, 79, 23028, 21029, 1571, 1455, 6251, 143.87, 150.00
1762613787,0, NVIDIA A10, GPU-359b21ab-3dbf-5646-ba1f-a513e3866c50, 8.6, 570.148.08, 71, 92, 92, 23028, 21029, 1571, 1470, 6251, 147.83, 150.00
1762613788,0, NVIDIA A10, GPU-359b21ab-3dbf-5646-ba1f-a513e3866c50, 8.6, 570.148.08, 71, 92, 91, 23028, 21029, 1571, 1440, 6251, 148.66, 150.00
1762613789,0, NVIDIA A10, GPU-359b21ab-3dbf-5646-ba1f-a513e3866c50, 8.6, 570.148.08, 71, 92, 92, 23028, 21029, 1571, 1440, 6251, 146.49, 150.00
1762613790,0, NVIDIA A10, GPU-359b21ab-3dbf-5646-ba1f-a513e3866c50, 8.6, 570.148.08, 71, 93, 91, 23028, 21029, 1571, 1410, 6251, 153.25, 150.00
1762613791,0, NVIDIA A10, GPU-359b21ab-3dbf-5646-ba1f-a513e3866c50, 8.6, 570.148.08, 71, 92, 91, 23028, 21029, 1571, 1485, 6251, 148.16, 150.00
1762613793,0, NVIDIA A10, GPU-359b21ab-3dbf-5646-ba1f-a513e3866c50, 8.6, 570.148.08, 71, 92, 90, 23028, 21029, 1571, 1485, 6251, 149.13, 150.00
1762613794,0, NVIDIA A10, GPU-359b21ab-3dbf-5646-ba1f-a513e3866c50, 8.6, 570.148.08, 71, 92, 91, 23028, 21029, 1571, 1425, 6251, 150.29, 150.00
1762613795,0, NVIDIA A10, GPU-359b21ab-3dbf-5646-ba1f-a513e3866c50, 8.6, 570.148.08, 71, 92, 91, 23028, 21029, 1571, 1440, 6251, 147.79, 150.00
1762613796,0, NVIDIA A10, GPU-359b21ab-3dbf-5646-ba1f-a513e3866c50, 8.6, 570.148.08, 71, 92, 92, 23028, 21029, 1571, 1485, 6251, 148.82, 150.00
1762613797,0, NVIDIA A10, GPU-359b21ab-3dbf-5646-ba1f-a513e3866c50, 8.6, 570.148.08, 71, 93, 93, 23028, 21029, 1571, 1485, 6251, 154.26, 150.00
1762613798,0, NVIDIA A10, GPU-359b21ab-3dbf-5646-ba1f-a513e3866c50, 8.6, 570.148.08, 71, 92, 91, 23028, 21029, 1571, 1440, 6251, 149.76, 150.00
1762613799,0, NVIDIA A10, GPU-359b21ab-3dbf-5646-ba1f-a513e3866c50, 8.6, 570.148.08, 71, 93, 92, 23028, 21029, 1571, 1455, 6251, 148.93, 150.00
1762613800,0, NVIDIA A10, GPU-359b21ab-3dbf-5646-ba1f-a513e3866c50, 8.6, 570.148.08, 71, 93, 90, 23028, 21029, 1571, 1485, 6251, 150.90, 150.00
1762613801,0, NVIDIA A10, GPU-359b21ab-3dbf-5646-ba1f-a513e3866c50, 8.6, 570.148.08, 71, 93, 91, 23028, 21029, 1571, 1440, 6251, 148.45, 150.00
1762613802,0, NVIDIA A10, GPU-359b21ab-3dbf-5646-ba1f-a513e3866c50, 8.6, 570.148.08, 71, 92, 92, 23028, 21029, 1571, 1455, 6251, 152.88, 150.00
1762613803,0, NVIDIA A10, GPU-359b21ab-3dbf-5646-ba1f-a513e3866c50, 8.6, 570.148.08, 72, 92, 93, 23028, 21029, 1571, 1440, 6251, 149.00, 150.00
1762613804,0, NVIDIA A10, GPU-359b21ab-3dbf-5646-ba1f-a513e3866c50, 8.6, 570.148.08, 72, 93, 86, 23028, 21029, 1571, 1110, 6251, 151.75, 150.00
1762613805,0, NVIDIA A10, GPU-359b21ab-3dbf-5646-ba1f-a513e3866c50, 8.6, 570.148.08, 72, 92, 93, 23028, 21029, 1571, 1455, 6251, 151.68, 150.00
1762613806,0, NVIDIA A10, GPU-359b21ab-3dbf-5646-ba1f-a513e3866c50, 8.6, 570.148.08, 72, 91, 92, 23028, 21029, 1571, 1470, 6251, 150.81, 150.00
1762613807,0, NVIDIA A10, GPU-359b21ab-3dbf-5646-ba1f-a513e3866c50, 8.6, 570.148.08, 72, 92, 91, 23028, 21029, 1571, 1440, 6251, 149.30, 150.00
1762613808,0, NVIDIA A10, GPU-359b21ab-3dbf-5646-ba1f-a513e3866c50, 8.6, 570.148.08, 72, 89, 88, 23028, 21029, 1571, 1530, 6251, 150.60, 150.00
1762613809,0, NVIDIA A10, GPU-359b21ab-3dbf-5646-ba1f-a513e3866c50, 8.6, 570.148.08, 71, 90, 88, 23028, 21029, 1571, 1500, 6251, 147.93, 150.00
1762613810,0, NVIDIA A10, GPU-359b21ab-3dbf-5646-ba1f-a513e3866c50, 8.6, 570.148.08, 72, 88, 88, 23028, 21029, 1571, 1470, 6251, 151.83, 150.00
1762613811,0, NVIDIA A10, GPU-359b21ab-3dbf-5646-ba1f-a513e3866c50, 8.6, 570.148.08, 72, 90, 91, 23028, 21029, 1571, 1500, 6251, 149.53, 150.00
1762613812,0, NVIDIA A10, GPU-359b21ab-3dbf-5646-ba1f-a513e3866c50, 8.6, 570.148.08, 72, 88, 88, 23028, 21029, 1571, 1455, 6251, 151.30, 150.00
1762613813,0, NVIDIA A10, GPU-359b21ab-3dbf-5646-ba1f-a513e3866c50, 8.6, 570.148.08, 72, 90, 89, 23028, 21029, 1571, 1455, 6251, 149.57, 150.00
1762613814,0, NVIDIA A10, GPU-359b21ab-3dbf-5646-ba1f-a513e3866c50, 8.6, 570.148.08, 72, 87, 86, 23028, 21029, 1571, 1500, 6251, 154.14, 150.00
1762613815,0, NVIDIA A10, GPU-359b21ab-3dbf-5646-ba1f-a513e3866c50, 8.6, 570.148.08, 72, 91, 90, 23028, 21029, 1571, 1440, 6251, 149.25, 150.00
1762613816,0, NVIDIA A10, GPU-359b21ab-3dbf-5646-ba1f-a513e3866c50, 8.6, 570.148.08, 72, 94, 82, 23028, 21029, 1571, 1365, 6251, 149.91, 150.00
1762613817,0, NVIDIA A10, GPU-359b21ab-3dbf-5646-ba1f-a513e3866c50, 8.6, 570.148.08, 72, 93, 88, 23028, 21029, 1571, 1455, 6251, 149.60, 150.00
1762613818,0, NVIDIA A10, GPU-359b21ab-3dbf-5646-ba1f-a513e3866c50, 8.6, 570.148.08, 72, 92, 90, 23028, 21029, 1571, 1425, 6251, 150.12, 150.00
1762613819,0, NVIDIA A10, GPU-359b21ab-3dbf-5646-ba1f-a513e3866c50, 8.6, 570.148.08, 72, 92, 90, 23028, 21029, 1571, 1425, 6251, 152.38, 150.00
1762613820,0, NVIDIA A10, GPU-359b21ab-3dbf-5646-ba1f-a513e3866c50, 8.6, 570.148.08, 72, 92, 91, 23028, 21029, 1571, 1410, 6251, 149.57, 150.00
1762613821,0, NVIDIA A10, GPU-359b21ab-3dbf-5646-ba1f-a513e3866c50, 8.6, 570.148.08, 73, 92, 93, 23028, 21029, 1571, 1380, 6251, 147.35, 150.00
1762613822,0, NVIDIA A10, GPU-359b21ab-3dbf-5646-ba1f-a513e3866c50, 8.6, 570.148.08, 72, 89, 88, 23028, 21029, 1571, 1425, 6251, 146.41, 150.00
1762613823,0, NVIDIA A10, GPU-359b21ab-3dbf-5646-ba1f-a513e3866c50, 8.6, 570.148.08, 72, 90, 88, 23028, 21029, 1571, 1485, 6251, 147.42, 150.00
1762613824,0, NVIDIA A10, GPU-359b21ab-3dbf-5646-ba1f-a513e3866c50, 8.6, 570.148.08, 72, 92, 92, 23028, 21029, 1571, 1455, 6251, 150.30, 150.00
1762613826,0, NVIDIA A10, GPU-359b21ab-3dbf-5646-ba1f-a513e3866c50, 8.6, 570.148.08, 72, 94, 80, 23028, 21029, 1571, 1485, 6251, 151.49, 150.00
1762613827,0, NVIDIA A10, GPU-359b21ab-3dbf-5646-ba1f-a513e3866c50, 8.6, 570.148.08, 73, 92, 90, 23028, 21029, 1571, 1425, 6251, 150.11, 150.00
1762613828,0, NVIDIA A10, GPU-359b21ab-3dbf-5646-ba1f-a513e3866c50, 8.6, 570.148.08, 73, 92, 91, 23028, 21029, 1571, 1380, 6251, 150.45, 150.00
1762613829,0, NVIDIA A10, GPU-359b21ab-3dbf-5646-ba1f-a513e3866c50, 8.6, 570.148.08, 72, 92, 91, 23028, 21029, 1571, 1485, 6251, 148.08, 150.00
1762613830,0, NVIDIA A10, GPU-359b21ab-3dbf-5646-ba1f-a513e3866c50, 8.6, 570.148.08, 72, 93, 91, 23028, 21029, 1571, 1485, 6251, 151.49, 150.00
1762613831,0, NVIDIA A10, GPU-359b21ab-3dbf-5646-ba1f-a513e3866c50, 8.6, 570.148.08, 72, 93, 91, 23028, 21029, 1571, 1470, 6251, 147.71, 150.00
1762613832,0, NVIDIA A10, GPU-359b21ab-3dbf-5646-ba1f-a513e3866c50, 8.6, 570.148.08, 73, 93, 91, 23028, 21029, 1571, 1425, 6251, 151.22, 150.00
1762613833,0, NVIDIA A10, GPU-359b21ab-3dbf-5646-ba1f-a513e3866c50, 8.6, 570.148.08, 73, 92, 91, 23028, 21029, 1571, 1395, 6251, 147.88, 150.00
1762613834,0, NVIDIA A10, GPU-359b21ab-3dbf-5646-ba1f-a513e3866c50, 8.6, 570.148.08, 73, 93, 93, 23028, 21029, 1571, 1440, 6251, 151.52, 150.00
1762613835,0, NVIDIA A10, GPU-359b21ab-3dbf-5646-ba1f-a513e3866c50, 8.6, 570.148.08, 73, 93, 92, 23028, 21029, 1571, 1395, 6251, 150.93, 150.00
1762613836,0, NVIDIA A10, GPU-359b21ab-3dbf-5646-ba1f-a513e3866c50, 8.6, 570.148.08, 73, 92, 91, 23028, 21029, 1571, 1425, 6251, 148.92, 150.00
1762613837,0, NVIDIA A10, GPU-359b21ab-3dbf-5646-ba1f-a513e3866c50, 8.6, 570.148.08, 73, 92, 91, 23028, 21029, 1571, 1410, 6251, 149.87, 150.00
1762613838,0, NVIDIA A10, GPU-359b21ab-3dbf-5646-ba1f-a513e3866c50, 8.6, 570.148.08, 73, 94, 83, 23028, 21029, 1571, 1455, 6251, 151.86, 150.00
1762613839,0, NVIDIA A10, GPU-359b21ab-3dbf-5646-ba1f-a513e3866c50, 8.6, 570.148.08, 73, 92, 93, 23028, 21029, 1571, 1440, 6251, 146.35, 150.00
1762613840,0, NVIDIA A10, GPU-359b21ab-3dbf-5646-ba1f-a513e3866c50, 8.6, 570.148.08, 73, 91, 91, 23028, 21029, 1571, 1470, 6251, 148.21, 150.00
1762613841,0, NVIDIA A10, GPU-359b21ab-3dbf-5646-ba1f-a513e3866c50, 8.6, 570.148.08, 73, 91, 92, 23028, 21029, 1571, 1470, 6251, 146.69, 150.00
1762613842,0, NVIDIA A10, GPU-359b21ab-3dbf-5646-ba1f-a513e3866c50, 8.6, 570.148.08, 73, 91, 90, 23028, 21029, 1571, 1425, 6251, 149.28, 150.00
1762613843,0, NVIDIA A10, GPU-359b21ab-3dbf-5646-ba1f-a513e3866c50, 8.6, 570.148.08, 73, 92, 79, 23028, 21029, 1571, 1380, 6251, 145.84, 150.00
1762613844,0, NVIDIA A10, GPU-359b21ab-3dbf-5646-ba1f-a513e3866c50, 8.6, 570.148.08, 73, 89, 89, 23028, 21029, 1571, 1455, 6251, 145.13, 150.00
1762613845,0, NVIDIA A10, GPU-359b21ab-3dbf-5646-ba1f-a513e3866c50, 8.6, 570.148.08, 73, 94, 82, 23028, 21029, 1571, 1005, 6251, 148.35, 150.00
1762613846,0, NVIDIA A10, GPU-359b21ab-3dbf-5646-ba1f-a513e3866c50, 8.6, 570.148.08, 73, 92, 93, 23028, 21029, 1571, 1470, 6251, 146.46, 150.00
1762613847,0, NVIDIA A10, GPU-359b21ab-3dbf-5646-ba1f-a513e3866c50, 8.6, 570.148.08, 73, 92, 91, 23028, 21029, 1571, 1440, 6251, 148.21, 150.00
1762613848,0, NVIDIA A10, GPU-359b21ab-3dbf-5646-ba1f-a513e3866c50, 8.6, 570.148.08, 73, 92, 93, 23028, 21029, 1571, 1470, 6251, 151.08, 150.00
1762613849,0, NVIDIA A10, GPU-359b21ab-3dbf-5646-ba1f-a513e3866c50, 8.6, 570.148.08, 73, 92, 91, 23028, 21029, 1571, 1440, 6251, 148.22, 150.00
1762613850,0, NVIDIA A10, GPU-359b21ab-3dbf-5646-ba1f-a513e3866c50, 8.6, 570.148.08, 73, 92, 93, 23028, 21029, 1571, 1410, 6251, 152.36, 150.00
1762613851,0, NVIDIA A10, GPU-359b21ab-3dbf-5646-ba1f-a513e3866c50, 8.6, 570.148.08, 73, 92, 90, 23028, 21029, 1571, 1380, 6251, 148.15, 150.00
1762613852,0, NVIDIA A10, GPU-359b21ab-3dbf-5646-ba1f-a513e3866c50, 8.6, 570.148.08, 73, 94, 83, 23028, 21029, 1571, 1440, 6251, 147.34, 150.00
1762613853,0, NVIDIA A10, GPU-359b21ab-3dbf-5646-ba1f-a513e3866c50, 8.6, 570.148.08, 73, 92, 91, 23028, 21029, 1571, 1425, 6251, 148.13, 150.00
1762613854,0, NVIDIA A10, GPU-359b21ab-3dbf-5646-ba1f-a513e3866c50, 8.6, 570.148.08, 73, 92, 92, 23028, 21029, 1571, 1455, 6251, 151.85, 150.00
1762613855,0, NVIDIA A10, GPU-359b21ab-3dbf-5646-ba1f-a513e3866c50, 8.6, 570.148.08, 73, 93, 91, 23028, 21029, 1571, 1425, 6251, 149.77, 150.00
1762613856,0, NVIDIA A10, GPU-359b21ab-3dbf-5646-ba1f-a513e3866c50, 8.6, 570.148.08, 73, 92, 92, 23028, 21029, 1571, 1470, 6251, 145.69, 150.00
1762613857,0, NVIDIA A10, GPU-359b21ab-3dbf-5646-ba1f-a513e3866c50, 8.6, 570.148.08, 73, 93, 91, 23028, 21029, 1571, 1410, 6251, 150.12, 150.00
1762613859,0, NVIDIA A10, GPU-359b21ab-3dbf-5646-ba1f-a513e3866c50, 8.6, 570.148.08, 74, 94, 83, 23028, 21029, 1571, 855, 6251, 154.07, 150.00
1762613860,0, NVIDIA A10, GPU-359b21ab-3dbf-5646-ba1f-a513e3866c50, 8.6, 570.148.08, 73, 93, 91, 23028, 21029, 1571, 1380, 6251, 150.48, 150.00
1762613861,0, NVIDIA A10, GPU-359b21ab-3dbf-5646-ba1f-a513e3866c50, 8.6, 570.148.08, 73, 92, 93, 23028, 21029, 1571, 1440, 6251, 149.16, 150.00
1762613862,0, NVIDIA A10, GPU-359b21ab-3dbf-5646-ba1f-a513e3866c50, 8.6, 570.148.08, 73, 92, 91, 23028, 21029, 1571, 1425, 6251, 148.79, 150.00
1762613863,0, NVIDIA A10, GPU-359b21ab-3dbf-5646-ba1f-a513e3866c50, 8.6, 570.148.08, 74, 93, 91, 23028, 21029, 1571, 1440, 6251, 148.93, 150.00
1762613864,0, NVIDIA A10, GPU-359b21ab-3dbf-5646-ba1f-a513e3866c50, 8.6, 570.148.08, 73, 92, 89, 23028, 21029, 1571, 1470, 6251, 150.37, 150.00
1762613865,0, NVIDIA A10, GPU-359b21ab-3dbf-5646-ba1f-a513e3866c50, 8.6, 570.148.08, 74, 92, 92, 23028, 21029, 1571, 1170, 6251, 145.97, 150.00
1762613866,0, NVIDIA A10, GPU-359b21ab-3dbf-5646-ba1f-a513e3866c50, 8.6, 570.148.08, 74, 92, 89, 23028, 21029, 1571, 1050, 6251, 146.87, 150.00
1762613867,0, NVIDIA A10, GPU-359b21ab-3dbf-5646-ba1f-a513e3866c50, 8.6, 570.148.08, 74, 93, 93, 23028, 21029, 1571, 1410, 6251, 148.09, 150.00
1762613868,0, NVIDIA A10, GPU-359b21ab-3dbf-5646-ba1f-a513e3866c50, 8.6, 570.148.08, 74, 92, 91, 23028, 21029, 1571, 1425, 6251, 149.71, 150.00
1762613869,0, NVIDIA A10, GPU-359b21ab-3dbf-5646-ba1f-a513e3866c50, 8.6, 570.148.08, 74, 93, 91, 23028, 21029, 1571, 1425, 6251, 152.52, 150.00
1762613870,0, NVIDIA A10, GPU-359b21ab-3dbf-5646-ba1f-a513e3866c50, 8.6, 570.148.08, 74, 92, 91, 23028, 21029, 1571, 1425, 6251, 148.58, 150.00
1762613871,0, NVIDIA A10, GPU-359b21ab-3dbf-5646-ba1f-a513e3866c50, 8.6, 570.148.08, 74, 93, 93, 23028, 21029, 1571, 1470, 6251, 153.48, 150.00
1762613872,0, NVIDIA A10, GPU-359b21ab-3dbf-5646-ba1f-a513e3866c50, 8.6, 570.148.08, 74, 92, 81, 23028, 21029, 1571, 1095, 6251, 147.94, 150.00
1762613873,0, NVIDIA A10, GPU-359b21ab-3dbf-5646-ba1f-a513e3866c50, 8.6, 570.148.08, 74, 93, 84, 23028, 21029, 1571, 1215, 6251, 149.42, 150.00
1762613874,0, NVIDIA A10, GPU-359b21ab-3dbf-5646-ba1f-a513e3866c50, 8.6, 570.148.08, 74, 93, 93, 23028, 21029, 1571, 1425, 6251, 151.02, 150.00
1762613875,0, NVIDIA A10, GPU-359b21ab-3dbf-5646-ba1f-a513e3866c50, 8.6, 570.148.08, 74, 93, 80, 23028, 21029, 1571, 1320, 6251, 149.78, 150.00
1762613876,0, NVIDIA A10, GPU-359b21ab-3dbf-5646-ba1f-a513e3866c50, 8.6, 570.148.08, 74, 93, 93, 23028, 21029, 1571, 1455, 6251, 148.91, 150.00
1762613877,0, NVIDIA A10, GPU-359b21ab-3dbf-5646-ba1f-a513e3866c50, 8.6, 570.148.08, 74, 93, 91, 23028, 21029, 1571, 1425, 6251, 149.33, 150.00
1762613878,0, NVIDIA A10, GPU-359b21ab-3dbf-5646-ba1f-a513e3866c50, 8.6, 570.148.08, 74, 92, 92, 23028, 21029, 1571, 1395, 6251, 147.01, 150.00
1762613879,0, NVIDIA A10, GPU-359b21ab-3dbf-5646-ba1f-a513e3866c50, 8.6, 570.148.08, 74, 93, 91, 23028, 21029, 1571, 1380, 6251, 150.03, 150.00
1762613880,0, NVIDIA A10, GPU-359b21ab-3dbf-5646-ba1f-a513e3866c50, 8.6, 570.148.08, 74, 93, 92, 23028, 21029, 1571, 1170, 6251, 149.90, 150.00
1762613881,0, NVIDIA A10, GPU-359b21ab-3dbf-5646-ba1f-a513e3866c50, 8.6, 570.148.08, 74, 94, 78, 23028, 21029, 1571, 1395, 6251, 143.89, 150.00
1762613882,0, NVIDIA A10, GPU-359b21ab-3dbf-5646-ba1f-a513e3866c50, 8.6, 570.148.08, 74, 93, 93, 23028, 21029, 1571, 1455, 6251, 145.03, 150.00
1762613883,0, NVIDIA A10, GPU-359b21ab-3dbf-5646-ba1f-a513e3866c50, 8.6, 570.148.08, 74, 94, 79, 23028, 21029, 1571, 1455, 6251, 145.63, 150.00
1762613884,0, NVIDIA A10, GPU-359b21ab-3dbf-5646-ba1f-a513e3866c50, 8.6, 570.148.08, 74, 92, 92, 23028, 21029, 1571, 1425, 6251, 152.65, 150.00
1762613885,0, NVIDIA A10, GPU-359b21ab-3dbf-5646-ba1f-a513e3866c50, 8.6, 570.148.08, 74, 93, 86, 23028, 21029, 1571, 1440, 6251, 151.36, 150.00
1762613886,0, NVIDIA A10, GPU-359b21ab-3dbf-5646-ba1f-a513e3866c50, 8.6, 570.148.08, 74, 93, 91, 23028, 21029, 1571, 1410, 6251, 148.30, 150.00
1762613887,0, NVIDIA A10, GPU-359b21ab-3dbf-5646-ba1f-a513e3866c50, 8.6, 570.148.08, 74, 93, 93, 23028, 21029, 1571, 1455, 6251, 148.67, 150.00
1762613888,0, NVIDIA A10, GPU-359b21ab-3dbf-5646-ba1f-a513e3866c50, 8.6, 570.148.08, 74, 92, 92, 23028, 21029, 1571, 1470, 6251, 145.87, 150.00
1762613890,0, NVIDIA A10, GPU-359b21ab-3dbf-5646-ba1f-a513e3866c50, 8.6, 570.148.08, 74, 93, 93, 23028, 21029, 1571, 1440, 6251, 148.52, 150.00
1762613891,0, NVIDIA A10, GPU-359b21ab-3dbf-5646-ba1f-a513e3866c50, 8.6, 570.148.08, 74, 93, 92, 23028, 21029, 1571, 1410, 6251, 149.94, 150.00
1762613892,0, NVIDIA A10, GPU-359b21ab-3dbf-5646-ba1f-a513e3866c50, 8.6, 570.148.08, 75, 93, 84, 23028, 21029, 1571, 1215, 6251, 154.73, 150.00
1762613893,0, NVIDIA A10, GPU-359b21ab-3dbf-5646-ba1f-a513e3866c50, 8.6, 570.148.08, 74, 93, 91, 23028, 21029, 1571, 1395, 6251, 153.43, 150.00
1762613894,0, NVIDIA A10, GPU-359b21ab-3dbf-5646-ba1f-a513e3866c50, 8.6, 570.148.08, 74, 93, 93, 23028, 21029, 1571, 1440, 6251, 147.66, 150.00
1762613895,0, NVIDIA A10, GPU-359b21ab-3dbf-5646-ba1f-a513e3866c50, 8.6, 570.148.08, 74, 91, 91, 23028, 21029, 1571, 1440, 6251, 149.51, 150.00
1762613896,0, NVIDIA A10, GPU-359b21ab-3dbf-5646-ba1f-a513e3866c50, 8.6, 570.148.08, 74, 93, 91, 23028, 21029, 1571, 1410, 6251, 148.60, 150.00
1762613897,0, NVIDIA A10, GPU-359b21ab-3dbf-5646-ba1f-a513e3866c50, 8.6, 570.148.08, 74, 92, 93, 23028, 21029, 1571, 1440, 6251, 156.22, 150.00
1762613898,0, NVIDIA A10, GPU-359b21ab-3dbf-5646-ba1f-a513e3866c50, 8.6, 570.148.08, 74, 92, 90, 23028, 21029, 1571, 1455, 6251, 151.05, 150.00
1762613899,0, NVIDIA A10, GPU-359b21ab-3dbf-5646-ba1f-a513e3866c50, 8.6, 570.148.08, 74, 93, 91, 23028, 21029, 1571, 1425, 6251, 149.33, 150.00
1762613900,0, NVIDIA A10, GPU-359b21ab-3dbf-5646-ba1f-a513e3866c50, 8.6, 570.148.08, 74, 93, 91, 23028, 21029, 1571, 1410, 6251, 147.99, 150.00
1762613901,0, NVIDIA A10, GPU-359b21ab-3dbf-5646-ba1f-a513e3866c50, 8.6, 570.148.08, 75, 88, 87, 23028, 21029, 1571, 1035, 6251, 147.39, 150.00
1762613902,0, NVIDIA A10, GPU-359b21ab-3dbf-5646-ba1f-a513e3866c50, 8.6, 570.148.08, 74, 88, 88, 23028, 21029, 1571, 1455, 6251, 150.64, 150.00
1762613903,0, NVIDIA A10, GPU-359b21ab-3dbf-5646-ba1f-a513e3866c50, 8.6, 570.148.08, 74, 92, 91, 23028, 21029, 1571, 1440, 6251, 152.41, 150.00
1762613904,0, NVIDIA A10, GPU-359b21ab-3dbf-5646-ba1f-a513e3866c50, 8.6, 570.148.08, 74, 93, 91, 23028, 21029, 1571, 1425, 6251, 147.64, 150.00
1762613905,0, NVIDIA A10, GPU-359b21ab-3dbf-5646-ba1f-a513e3866c50, 8.6, 570.148.08, 74, 93, 83, 23028, 21029, 1571, 1440, 6251, 147.93, 150.00
1762613906,0, NVIDIA A10, GPU-359b21ab-3dbf-5646-ba1f-a513e3866c50, 8.6, 570.148.08, 74, 93, 91, 23028, 21029, 1571, 1440, 6251, 145.70, 150.00
1762613907,0, NVIDIA A10, GPU-359b21ab-3dbf-5646-ba1f-a513e3866c50, 8.6, 570.148.08, 74, 91, 90, 23028, 21029, 1571, 1425, 6251, 150.64, 150.00
1762613908,0, NVIDIA A10, GPU-359b21ab-3dbf-5646-ba1f-a513e3866c50, 8.6, 570.148.08, 75, 92, 92, 23028, 21029, 1571, 1455, 6251, 148.35, 150.00
1762613909,0, NVIDIA A10, GPU-359b21ab-3dbf-5646-ba1f-a513e3866c50, 8.6, 570.148.08, 74, 93, 91, 23028, 21029, 1571, 1425, 6251, 147.79, 150.00
1762613910,0, NVIDIA A10, GPU-359b21ab-3dbf-5646-ba1f-a513e3866c50, 8.6, 570.148.08, 74, 92, 76, 23028, 21029, 1571, 1410, 6251, 147.68, 150.00
1762613911,0, NVIDIA A10, GPU-359b21ab-3dbf-5646-ba1f-a513e3866c50, 8.6, 570.148.08, 74, 92, 90, 23028, 21029, 1571, 1470, 6251, 144.97, 150.00
1762613912,0, NVIDIA A10, GPU-359b21ab-3dbf-5646-ba1f-a513e3866c50, 8.6, 570.148.08, 74, 84, 83, 23028, 21029, 1571, 1500, 6251, 149.31, 150.00
1762613913,0, NVIDIA A10, GPU-359b21ab-3dbf-5646-ba1f-a513e3866c50, 8.6, 570.148.08, 75, 91, 91, 23028, 21029, 1571, 1470, 6251, 151.49, 150.00
1762613914,0, NVIDIA A10, GPU-359b21ab-3dbf-5646-ba1f-a513e3866c50, 8.6, 570.148.08, 75, 92, 91, 23028, 21029, 1571, 1425, 6251, 149.31, 150.00
1762613915,0, NVIDIA A10, GPU-359b21ab-3dbf-5646-ba1f-a513e3866c50, 8.6, 570.148.08, 74, 91, 91, 23028, 21029, 1571, 1470, 6251, 150.12, 150.00
1762613916,0, NVIDIA A10, GPU-359b21ab-3dbf-5646-ba1f-a513e3866c50, 8.6, 570.148.08, 75, 93, 91, 23028, 21029, 1571, 1380, 6251, 148.82, 150.00
1762613917,0, NVIDIA A10, GPU-359b21ab-3dbf-5646-ba1f-a513e3866c50, 8.6, 570.148.08, 74, 92, 90, 23028, 21029, 1571, 1470, 6251, 147.69, 150.00
1762613918,0, NVIDIA A10, GPU-359b21ab-3dbf-5646-ba1f-a513e3866c50, 8.6, 570.148.08, 74, 94, 83, 23028, 21029, 1571, 1425, 6251, 150.16, 150.00
1762613919,0, NVIDIA A10, GPU-359b21ab-3dbf-5646-ba1f-a513e3866c50, 8.6, 570.148.08, 75, 92, 92, 23028, 21029, 1571, 1410, 6251, 148.34, 150.00
1762613920,0, NVIDIA A10, GPU-359b21ab-3dbf-5646-ba1f-a513e3866c50, 8.6, 570.148.08, 75, 89, 90, 23028, 21029, 1571, 1455, 6251, 150.53, 150.00
1762613921,0, NVIDIA A10, GPU-359b21ab-3dbf-5646-ba1f-a513e3866c50, 8.6, 570.148.08, 74, 92, 92, 23028, 21029, 1571, 1455, 6251, 146.20, 150.00
1762613923,0, NVIDIA A10, GPU-359b21ab-3dbf-5646-ba1f-a513e3866c50, 8.6, 570.148.08, 74, 93, 91, 23028, 21029, 1571, 1410, 6251, 148.35, 150.00
1762613924,0, NVIDIA A10, GPU-359b21ab-3dbf-5646-ba1f-a513e3866c50, 8.6, 570.148.08, 75, 91, 88, 23028, 21029, 1571, 1065, 6251, 149.55, 150.00
1762613925,0, NVIDIA A10, GPU-359b21ab-3dbf-5646-ba1f-a513e3866c50, 8.6, 570.148.08, 74, 93, 87, 23028, 21029, 1571, 1440, 6251, 149.34, 150.00
1762613926,0, NVIDIA A10, GPU-359b21ab-3dbf-5646-ba1f-a513e3866c50, 8.6, 570.148.08, 74, 93, 91, 23028, 21029, 1571, 1395, 6251, 149.40, 150.00
1762613927,0, NVIDIA A10, GPU-359b21ab-3dbf-5646-ba1f-a513e3866c50, 8.6, 570.148.08, 74, 92, 92, 23028, 21029, 1571, 1425, 6251, 149.08, 150.00
1762613928,0, NVIDIA A10, GPU-359b21ab-3dbf-5646-ba1f-a513e3866c50, 8.6, 570.148.08, 75, 92, 92, 23028, 21029, 1571, 1470, 6251, 150.11, 150.00
1762613929,0, NVIDIA A10, GPU-359b21ab-3dbf-5646-ba1f-a513e3866c50, 8.6, 570.148.08, 74, 92, 90, 23028, 21029, 1571, 1470, 6251, 149.08, 150.00
1762613930,0, NVIDIA A10, GPU-359b21ab-3dbf-5646-ba1f-a513e3866c50, 8.6, 570.148.08, 75, 92, 92, 23028, 21029, 1571, 1470, 6251, 149.62, 150.00
1762613931,0, NVIDIA A10, GPU-359b21ab-3dbf-5646-ba1f-a513e3866c50, 8.6, 570.148.08, 74, 94, 83, 23028, 21029, 1571, 1440, 6251, 149.81, 150.00
1762613932,0, NVIDIA A10, GPU-359b21ab-3dbf-5646-ba1f-a513e3866c50, 8.6, 570.148.08, 74, 92, 92, 23028, 21029, 1571, 1425, 6251, 147.37, 150.00
1762613933,0, NVIDIA A10, GPU-359b21ab-3dbf-5646-ba1f-a513e3866c50, 8.6, 570.148.08, 75, 92, 91, 23028, 21029, 1571, 1410, 6251, 147.59, 150.00
1762613934,0, NVIDIA A10, GPU-359b21ab-3dbf-5646-ba1f-a513e3866c50, 8.6, 570.148.08, 75, 92, 91, 23028, 21029, 1571, 1470, 6251, 149.76, 150.00
1762613935,0, NVIDIA A10, GPU-359b21ab-3dbf-5646-ba1f-a513e3866c50, 8.6, 570.148.08, 75, 92, 90, 23028, 21029, 1571, 1410, 6251, 151.65, 150.00
1762613936,0, NVIDIA A10, GPU-359b21ab-3dbf-5646-ba1f-a513e3866c50, 8.6, 570.148.08, 75, 92, 80, 23028, 21029, 1571, 1095, 6251, 148.08, 150.00
1762613937,0, NVIDIA A10, GPU-359b21ab-3dbf-5646-ba1f-a513e3866c50, 8.6, 570.148.08, 74, 89, 87, 23028, 21029, 1571, 1425, 6251, 148.07, 150.00
1762613938,0, NVIDIA A10, GPU-359b21ab-3dbf-5646-ba1f-a513e3866c50, 8.6, 570.148.08, 75, 92, 92, 23028, 21029, 1571, 1410, 6251, 147.88, 150.00
1762613939,0, NVIDIA A10, GPU-359b21ab-3dbf-5646-ba1f-a513e3866c50, 8.6, 570.148.08, 75, 93, 80, 23028, 21029, 1571, 1245, 6251, 145.87, 150.00
1762613940,0, NVIDIA A10, GPU-359b21ab-3dbf-5646-ba1f-a513e3866c50, 8.6, 570.148.08, 75, 92, 90, 23028, 21029, 1571, 1395, 6251, 145.29, 150.00
1762613941,0, NVIDIA A10, GPU-359b21ab-3dbf-5646-ba1f-a513e3866c50, 8.6, 570.148.08, 74, 92, 89, 23028, 21029, 1571, 1470, 6251, 147.97, 150.00
1762613942,0, NVIDIA A10, GPU-359b21ab-3dbf-5646-ba1f-a513e3866c50, 8.6, 570.148.08, 74, 90, 83, 23028, 21029, 1571, 1095, 6251, 153.62, 150.00
1762613943,0, NVIDIA A10, GPU-359b21ab-3dbf-5646-ba1f-a513e3866c50, 8.6, 570.148.08, 75, 92, 91, 23028, 21029, 1571, 1425, 6251, 150.93, 150.00
1762613944,0, NVIDIA A10, GPU-359b21ab-3dbf-5646-ba1f-a513e3866c50, 8.6, 570.148.08, 75, 92, 92, 23028, 21029, 1571, 1425, 6251, 146.14, 150.00
1762613945,0, NVIDIA A10, GPU-359b21ab-3dbf-5646-ba1f-a513e3866c50, 8.6, 570.148.08, 75, 92, 93, 23028, 21029, 1571, 1425, 6251, 146.79, 150.00
1762613946,0, NVIDIA A10, GPU-359b21ab-3dbf-5646-ba1f-a513e3866c50, 8.6, 570.148.08, 75, 91, 92, 23028, 21029, 1571, 1455, 6251, 149.67, 150.00
1762613947,0, NVIDIA A10, GPU-359b21ab-3dbf-5646-ba1f-a513e3866c50, 8.6, 570.148.08, 75, 92, 92, 23028, 21029, 1571, 1440, 6251, 151.20, 150.00
1762613948,0, NVIDIA A10, GPU-359b21ab-3dbf-5646-ba1f-a513e3866c50, 8.6, 570.148.08, 75, 94, 81, 23028, 21029, 1571, 1440, 6251, 146.47, 150.00
1762613949,0, NVIDIA A10, GPU-359b21ab-3dbf-5646-ba1f-a513e3866c50, 8.6, 570.148.08, 75, 92, 92, 23028, 21029, 1571, 1410, 6251, 152.91, 150.00
1762613950,0, NVIDIA A10, GPU-359b21ab-3dbf-5646-ba1f-a513e3866c50, 8.6, 570.148.08, 75, 92, 92, 23028, 21029, 1571, 1455, 6251, 152.18, 150.00
1762613951,0, NVIDIA A10, GPU-359b21ab-3dbf-5646-ba1f-a513e3866c50, 8.6, 570.148.08, 75, 93, 92, 23028, 21029, 1571, 1410, 6251, 151.51, 150.00
1762613952,0, NVIDIA A10, GPU-359b21ab-3dbf-5646-ba1f-a513e3866c50, 8.6, 570.148.08, 75, 93, 91, 23028, 21029, 1571, 1350, 6251, 150.43, 150.00
1762613953,0, NVIDIA A10, GPU-359b21ab-3dbf-5646-ba1f-a513e3866c50, 8.6, 570.148.08, 75, 92, 92, 23028, 21029, 1571, 1380, 6251, 150.76, 150.00
1762613954,0, NVIDIA A10, GPU-359b21ab-3dbf-5646-ba1f-a513e3866c50, 8.6, 570.148.08, 75, 93, 93, 23028, 21029, 1571, 1455, 6251, 146.42, 150.00
1762613955,0, NVIDIA A10, GPU-359b21ab-3dbf-5646-ba1f-a513e3866c50, 8.6, 570.148.08, 75, 93, 92, 23028, 21029, 1571, 1410, 6251, 148.28, 150.00
1762613957,0, NVIDIA A10, GPU-359b21ab-3dbf-5646-ba1f-a513e3866c50, 8.6, 570.148.08, 75, 92, 92, 23028, 21029, 1571, 1440, 6251, 149.36, 150.00
1762613958,0, NVIDIA A10, GPU-359b21ab-3dbf-5646-ba1f-a513e3866c50, 8.6, 570.148.08, 75, 92, 92, 23028, 21029, 1571, 1440, 6251, 150.05, 150.00
1762613959,0, NVIDIA A10, GPU-359b21ab-3dbf-5646-ba1f-a513e3866c50, 8.6, 570.148.08, 75, 92, 91, 23028, 21029, 1571, 1440, 6251, 147.85, 150.00
1762613960,0, NVIDIA A10, GPU-359b21ab-3dbf-5646-ba1f-a513e3866c50, 8.6, 570.148.08, 75, 92, 92, 23028, 21029, 1571, 1470, 6251, 149.18, 150.00
1762613961,0, NVIDIA A10, GPU-359b21ab-3dbf-5646-ba1f-a513e3866c50, 8.6, 570.148.08, 75, 92, 93, 23028, 21029, 1571, 1455, 6251, 148.82, 150.00
1762613962,0, NVIDIA A10, GPU-359b21ab-3dbf-5646-ba1f-a513e3866c50, 8.6, 570.148.08, 75, 92, 91, 23028, 21029, 1571, 1410, 6251, 149.36, 150.00
1762613963,0, NVIDIA A10, GPU-359b21ab-3dbf-5646-ba1f-a513e3866c50, 8.6, 570.148.08, 75, 92, 93, 23028, 21029, 1571, 1455, 6251, 148.99, 150.00
1762613964,0, NVIDIA A10, GPU-359b21ab-3dbf-5646-ba1f-a513e3866c50, 8.6, 570.148.08, 75, 93, 93, 23028, 21029, 1571, 1455, 6251, 150.31, 150.00
1762613965,0, NVIDIA A10, GPU-359b21ab-3dbf-5646-ba1f-a513e3866c50, 8.6, 570.148.08, 75, 92, 92, 23028, 21029, 1571, 1425, 6251, 151.32, 150.00
1762613966,0, NVIDIA A10, GPU-359b21ab-3dbf-5646-ba1f-a513e3866c50, 8.6, 570.148.08, 75, 93, 82, 23028, 21029, 1571, 1155, 6251, 149.25, 150.00
1762613967,0, NVIDIA A10, GPU-359b21ab-3dbf-5646-ba1f-a513e3866c50, 8.6, 570.148.08, 75, 92, 93, 23028, 21029, 1571, 1455, 6251, 150.13, 150.00
1762613968,0, NVIDIA A10, GPU-359b21ab-3dbf-5646-ba1f-a513e3866c50, 8.6, 570.148.08, 75, 92, 91, 23028, 21029, 1571, 1425, 6251, 149.27, 150.00
1762613969,0, NVIDIA A10, GPU-359b21ab-3dbf-5646-ba1f-a513e3866c50, 8.6, 570.148.08, 75, 89, 89, 23028, 21029, 1571, 1485, 6251, 146.78, 150.00
1762613970,0, NVIDIA A10, GPU-359b21ab-3dbf-5646-ba1f-a513e3866c50, 8.6, 570.148.08, 75, 93, 92, 23028, 21029, 1571, 1365, 6251, 151.97, 150.00
1762613971,0, NVIDIA A10, GPU-359b21ab-3dbf-5646-ba1f-a513e3866c50, 8.6, 570.148.08, 75, 92, 90, 23028, 21029, 1571, 1440, 6251, 150.13, 150.00
1762613972,0, NVIDIA A10, GPU-359b21ab-3dbf-5646-ba1f-a513e3866c50, 8.6, 570.148.08, 75, 92, 91, 23028, 21029, 1571, 1410, 6251, 152.32, 150.00
1762613973,0, NVIDIA A10, GPU-359b21ab-3dbf-5646-ba1f-a513e3866c50, 8.6, 570.148.08, 75, 93, 92, 23028, 21029, 1571, 1395, 6251, 152.05, 150.00
1762613974,0, NVIDIA A10, GPU-359b21ab-3dbf-5646-ba1f-a513e3866c50, 8.6, 570.148.08, 75, 92, 91, 23028, 21029, 1571, 1380, 6251, 148.43, 150.00
1762613975,0, NVIDIA A10, GPU-359b21ab-3dbf-5646-ba1f-a513e3866c50, 8.6, 570.148.08, 75, 92, 92, 23028, 21029, 1571, 1440, 6251, 147.82, 150.00
1762613976,0, NVIDIA A10, GPU-359b21ab-3dbf-5646-ba1f-a513e3866c50, 8.6, 570.148.08, 75, 90, 91, 23028, 21029, 1571, 1470, 6251, 148.50, 150.00
1762613977,0, NVIDIA A10, GPU-359b21ab-3dbf-5646-ba1f-a513e3866c50, 8.6, 570.148.08, 75, 88, 89, 23028, 21029, 1571, 1500, 6251, 148.29, 150.00
1762613978,0, NVIDIA A10, GPU-359b21ab-3dbf-5646-ba1f-a513e3866c50, 8.6, 570.148.08, 75, 93, 92, 23028, 21029, 1571, 1455, 6251, 150.71, 150.00
1762613979,0, NVIDIA A10, GPU-359b21ab-3dbf-5646-ba1f-a513e3866c50, 8.6, 570.148.08, 75, 92, 93, 23028, 21029, 1571, 1455, 6251, 152.77, 150.00
1762613980,0, NVIDIA A10, GPU-359b21ab-3dbf-5646-ba1f-a513e3866c50, 8.6, 570.148.08, 76, 91, 89, 23028, 21029, 1571, 1230, 6251, 153.43, 150.00
1762613981,0, NVIDIA A10, GPU-359b21ab-3dbf-5646-ba1f-a513e3866c50, 8.6, 570.148.08, 75, 92, 92, 23028, 21029, 1571, 1440, 6251, 151.91, 150.00
1762613982,0, NVIDIA A10, GPU-359b21ab-3dbf-5646-ba1f-a513e3866c50, 8.6, 570.148.08, 75, 91, 91, 23028, 21029, 1571, 1470, 6251, 153.99, 150.00
1762613983,0, NVIDIA A10, GPU-359b21ab-3dbf-5646-ba1f-a513e3866c50, 8.6, 570.148.08, 75, 92, 92, 23028, 21029, 1571, 1455, 6251, 148.42, 150.00
1762613984,0, NVIDIA A10, GPU-359b21ab-3dbf-5646-ba1f-a513e3866c50, 8.6, 570.148.08, 75, 90, 89, 23028, 21029, 1571, 1320, 6251, 149.09, 150.00
1762613985,0, NVIDIA A10, GPU-359b21ab-3dbf-5646-ba1f-a513e3866c50, 8.6, 570.148.08, 75, 94, 79, 23028, 21029, 1571, 1410, 6251, 145.35, 150.00
1762613986,0, NVIDIA A10, GPU-359b21ab-3dbf-5646-ba1f-a513e3866c50, 8.6, 570.148.08, 75, 88, 86, 23028, 21029, 1571, 1425, 6251, 147.49, 150.00
1762613987,0, NVIDIA A10, GPU-359b21ab-3dbf-5646-ba1f-a513e3866c50, 8.6, 570.148.08, 75, 91, 90, 23028, 21029, 1571, 1380, 6251, 149.37, 150.00
1762613988,0, NVIDIA A10, GPU-359b21ab-3dbf-5646-ba1f-a513e3866c50, 8.6, 570.148.08, 75, 93, 79, 23028, 21029, 1571, 1125, 6251, 146.09, 150.00
1762613990,0, NVIDIA A10, GPU-359b21ab-3dbf-5646-ba1f-a513e3866c50, 8.6, 570.148.08, 75, 91, 89, 23028, 21029, 1571, 1425, 6251, 147.73, 150.00
1762613991,0, NVIDIA A10, GPU-359b21ab-3dbf-5646-ba1f-a513e3866c50, 8.6, 570.148.08, 75, 89, 81, 23028, 21029, 1571, 1230, 6251, 152.16, 150.00
1762613992,0, NVIDIA A10, GPU-359b21ab-3dbf-5646-ba1f-a513e3866c50, 8.6, 570.148.08, 75, 92, 89, 23028, 21029, 1571, 1395, 6251, 152.35, 150.00
1762613993,0, NVIDIA A10, GPU-359b21ab-3dbf-5646-ba1f-a513e3866c50, 8.6, 570.148.08, 75, 91, 89, 23028, 21029, 1571, 1440, 6251, 146.43, 150.00
1762613994,0, NVIDIA A10, GPU-359b21ab-3dbf-5646-ba1f-a513e3866c50, 8.6, 570.148.08, 75, 92, 89, 23028, 21029, 1571, 1500, 6251, 146.14, 150.00
1762613995,0, NVIDIA A10, GPU-359b21ab-3dbf-5646-ba1f-a513e3866c50, 8.6, 570.148.08, 75, 86, 85, 23028, 21029, 1571, 1470, 6251, 150.73, 150.00
1762613996,0, NVIDIA A10, GPU-359b21ab-3dbf-5646-ba1f-a513e3866c50, 8.6, 570.148.08, 75, 92, 88, 23028, 21029, 1571, 1455, 6251, 150.30, 150.00
1762613997,0, NVIDIA A10, GPU-359b21ab-3dbf-5646-ba1f-a513e3866c50, 8.6, 570.148.08, 75, 93, 80, 23028, 21029, 1571, 1440, 6251, 145.90, 150.00
1762613998,0, NVIDIA A10, GPU-359b21ab-3dbf-5646-ba1f-a513e3866c50, 8.6, 570.148.08, 75, 92, 92, 23028, 21029, 1571, 1440, 6251, 153.79, 150.00
1762613999,0, NVIDIA A10, GPU-359b21ab-3dbf-5646-ba1f-a513e3866c50, 8.6, 570.148.08, 75, 92, 92, 23028, 21029, 1571, 1455, 6251, 154.86, 150.00
1762614000,0, NVIDIA A10, GPU-359b21ab-3dbf-5646-ba1f-a513e3866c50, 8.6, 570.148.08, 75, 93, 92, 23028, 21029, 1571, 1395, 6251, 152.36, 150.00
1762614001,0, NVIDIA A10, GPU-359b21ab-3dbf-5646-ba1f-a513e3866c50, 8.6, 570.148.08, 75, 92, 91, 23028, 21029, 1571, 1380, 6251, 146.75, 150.00
1762614002,0, NVIDIA A10, GPU-359b21ab-3dbf-5646-ba1f-a513e3866c50, 8.6, 570.148.08, 75, 91, 90, 23028, 21029, 1571, 1260, 6251, 147.44, 150.00
1762614003,0, NVIDIA A10, GPU-359b21ab-3dbf-5646-ba1f-a513e3866c50, 8.6, 570.148.08, 75, 86, 87, 23028, 21029, 1571, 1395, 6251, 148.08, 150.00
1762614004,0, NVIDIA A10, GPU-359b21ab-3dbf-5646-ba1f-a513e3866c50, 8.6, 570.148.08, 75, 92, 90, 23028, 21029, 1571, 1395, 6251, 148.83, 150.00
1762614005,0, NVIDIA A10, GPU-359b21ab-3dbf-5646-ba1f-a513e3866c50, 8.6, 570.148.08, 75, 92, 92, 23028, 21029, 1571, 1455, 6251, 146.28, 150.00
1762614006,0, NVIDIA A10, GPU-359b21ab-3dbf-5646-ba1f-a513e3866c50, 8.6, 570.148.08, 75, 93, 91, 23028, 21029, 1571, 1410, 6251, 149.36, 150.00
1762614007,0, NVIDIA A10, GPU-359b21ab-3dbf-5646-ba1f-a513e3866c50, 8.6, 570.148.08, 75, 92, 91, 23028, 21029, 1571, 1455, 6251, 145.52, 150.00
1762614008,0, NVIDIA A10, GPU-359b21ab-3dbf-5646-ba1f-a513e3866c50, 8.6, 570.148.08, 75, 91, 92, 23028, 21029, 1571, 1470, 6251, 151.07, 150.00
1762614009,0, NVIDIA A10, GPU-359b21ab-3dbf-5646-ba1f-a513e3866c50, 8.6, 570.148.08, 75, 89, 87, 23028, 21029, 1571, 1425, 6251, 147.18, 150.00
1762614010,0, NVIDIA A10, GPU-359b21ab-3dbf-5646-ba1f-a513e3866c50, 8.6, 570.148.08, 75, 92, 91, 23028, 21029, 1571, 1005, 6251, 150.13, 150.00
1762614011,0, NVIDIA A10, GPU-359b21ab-3dbf-5646-ba1f-a513e3866c50, 8.6, 570.148.08, 75, 92, 91, 23028, 21029, 1571, 1395, 6251, 146.00, 150.00
1762614012,0, NVIDIA A10, GPU-359b21ab-3dbf-5646-ba1f-a513e3866c50, 8.6, 570.148.08, 72, 0, 0, 23028, 21029, 1571, 1695, 6251, 91.06, 150.00
1762614013,0, NVIDIA A10, GPU-359b21ab-3dbf-5646-ba1f-a513e3866c50, 8.6, 570.148.08, 72, 0, 0, 23028, 3, 22596, 1695, 6251, 80.76, 150.00
1762614014,0, NVIDIA A10, GPU-359b21ab-3dbf-5646-ba1f-a513e3866c50, 8.6, 570.148.08, 71, 0, 0, 23028, 3, 22596, 1695, 6251, 82.54, 150.00
1762614015,0, NVIDIA A10, GPU-359b21ab-3dbf-5646-ba1f-a513e3866c50, 8.6, 570.148.08, 71, 0, 0, 23028, 0, 22599, 1695, 6251, 77.65, 150.00
1762614016,0, NVIDIA A10, GPU-359b21ab-3dbf-5646-ba1f-a513e3866c50, 8.6, 570.148.08, 71, 0, 0, 23028, 0, 22599, 1695, 6251, 77.58, 150.00
1762614017,0, NVIDIA A10, GPU-359b21ab-3dbf-5646-ba1f-a513e3866c50, 8.6, 570.148.08, 69, 0, 0, 23028, 0, 22599, 240, 6251, 53.86, 150.00
1762614018,0, NVIDIA A10, GPU-359b21ab-3dbf-5646-ba1f-a513e3866c50, 8.6, 570.148.08, 68, 0, 0, 23028, 0, 22599, 210, 6251, 51.28, 150.00
1762614019,0, NVIDIA A10, GPU-359b21ab-3dbf-5646-ba1f-a513e3866c50, 8.6, 570.148.08, 67, 0, 0, 23028, 0, 22599, 210, 6251, 50.85, 150.00
1762614020,0, NVIDIA A10, GPU-359b21ab-3dbf-5646-ba1f-a513e3866c50, 8.6, 570.148.08, 67, 0, 0, 23028, 0, 22599, 210, 405, 34.85, 150.00
1762614021,0, NVIDIA A10, GPU-359b21ab-3dbf-5646-ba1f-a513e3866c50, 8.6, 570.148.08, 66, 0, 0, 23028, 0, 22599, 210, 405, 18.93, 150.00
1762614022,0, NVIDIA A10, GPU-359b21ab-3dbf-5646-ba1f-a513e3866c50, 8.6, 570.148.08, 65, 0, 0, 23028, 0, 22599, 210, 405, 18.78, 150.00
1762614023,0, NVIDIA A10, GPU-359b21ab-3dbf-5646-ba1f-a513e3866c50, 8.6, 570.148.08, 64, 0, 0, 23028, 0, 22599, 210, 405, 18.64, 150.00
1762614025,0, NVIDIA A10, GPU-359b21ab-3dbf-5646-ba1f-a513e3866c50, 8.6, 570.148.08, 63, 0, 0, 23028, 0, 22599, 210, 405, 18.50, 150.00
1762614026,0, NVIDIA A10, GPU-359b21ab-3dbf-5646-ba1f-a513e3866c50, 8.6, 570.148.08, 63, 0, 0, 23028, 1, 22599, 210, 405, 18.45, 150.00
1762614027,0, NVIDIA A10, GPU-359b21ab-3dbf-5646-ba1f-a513e3866c50, 8.6, 570.148.08, 63, 0, 0, 23028, 327, 22273, 1695, 6251, 55.74, 150.00
1762614028,0, NVIDIA A10, GPU-359b21ab-3dbf-5646-ba1f-a513e3866c50, 8.6, 570.148.08, 64, 16, 1, 23028, 3219, 19381, 1695, 6251, 71.66, 150.00
1762614029,0, NVIDIA A10, GPU-359b21ab-3dbf-5646-ba1f-a513e3866c50, 8.6, 570.148.08, 64, 0, 0, 23028, 2717, 19883, 1695, 6251, 70.84, 150.00
1762614030,0, NVIDIA A10, GPU-359b21ab-3dbf-5646-ba1f-a513e3866c50, 8.6, 570.148.08, 64, 0, 0, 23028, 2717, 19883, 1695, 6251, 70.82, 150.00
1762614031,0, NVIDIA A10, GPU-359b21ab-3dbf-5646-ba1f-a513e3866c50, 8.6, 570.148.08, 63, 0, 0, 23028, 2717, 19883, 1695, 6251, 70.55, 150.00
1762614032,0, NVIDIA A10, GPU-359b21ab-3dbf-5646-ba1f-a513e3866c50, 8.6, 570.148.08, 63, 0, 0, 23028, 2717, 19883, 1695, 6251, 70.43, 150.00
1762614033,0, NVIDIA A10, GPU-359b21ab-3dbf-5646-ba1f-a513e3866c50, 8.6, 570.148.08, 63, 1, 0, 23028, 2845, 19755, 1695, 6251, 70.31, 150.00
1762614034,0, NVIDIA A10, GPU-359b21ab-3dbf-5646-ba1f-a513e3866c50, 8.6, 570.148.08, 63, 14, 1, 23028, 2733, 19867, 1695, 6251, 90.43, 150.00
1762614035,0, NVIDIA A10, GPU-359b21ab-3dbf-5646-ba1f-a513e3866c50, 8.6, 570.148.08, 65, 45, 36, 23028, 19593, 3007, 1575, 6251, 115.59, 150.00
1762614036,0, NVIDIA A10, GPU-359b21ab-3dbf-5646-ba1f-a513e3866c50, 8.6, 570.148.08, 65, 53, 36, 23028, 19759, 2841, 1695, 6251, 120.81, 150.00
1762614037,0, NVIDIA A10, GPU-359b21ab-3dbf-5646-ba1f-a513e3866c50, 8.6, 570.148.08, 64, 0, 0, 23028, 21029, 1571, 1680, 6251, 95.19, 150.00
1762614038,0, NVIDIA A10, GPU-359b21ab-3dbf-5646-ba1f-a513e3866c50, 8.6, 570.148.08, 63, 0, 0, 23028, 21029, 1571, 1695, 6251, 70.31, 150.00
1762614039,0, NVIDIA A10, GPU-359b21ab-3dbf-5646-ba1f-a513e3866c50, 8.6, 570.148.08, 63, 0, 0, 23028, 21029, 1571, 1695, 6251, 70.00, 150.00
1762614040,0, NVIDIA A10, GPU-359b21ab-3dbf-5646-ba1f-a513e3866c50, 8.6, 570.148.08, 63, 0, 0, 23028, 21029, 1571, 1695, 6251, 69.81, 150.00
1762614041,0, NVIDIA A10, GPU-359b21ab-3dbf-5646-ba1f-a513e3866c50, 8.6, 570.148.08, 62, 0, 0, 23028, 21029, 1571, 1695, 6251, 69.47, 150.00
1762614042,0, NVIDIA A10, GPU-359b21ab-3dbf-5646-ba1f-a513e3866c50, 8.6, 570.148.08, 62, 0, 0, 23028, 21029, 1571, 1695, 6251, 69.29, 150.00
1762614043,0, NVIDIA A10, GPU-359b21ab-3dbf-5646-ba1f-a513e3866c50, 8.6, 570.148.08, 62, 0, 0, 23028, 21029, 1571, 1695, 6251, 69.10, 150.00
1762614044,0, NVIDIA A10, GPU-359b21ab-3dbf-5646-ba1f-a513e3866c50, 8.6, 570.148.08, 62, 0, 0, 23028, 21029, 1571, 1695, 6251, 69.01, 150.00
1762614045,0, NVIDIA A10, GPU-359b21ab-3dbf-5646-ba1f-a513e3866c50, 8.6, 570.148.08, 62, 0, 0, 23028, 21029, 1571, 1695, 6251, 68.86, 150.00
1762614046,0, NVIDIA A10, GPU-359b21ab-3dbf-5646-ba1f-a513e3866c50, 8.6, 570.148.08, 61, 0, 0, 23028, 21029, 1571, 1695, 6251, 68.71, 150.00
1762614047,0, NVIDIA A10, GPU-359b21ab-3dbf-5646-ba1f-a513e3866c50, 8.6, 570.148.08, 61, 0, 0, 23028, 21029, 1571, 1125, 6251, 87.98, 150.00
1762614048,0, NVIDIA A10, GPU-359b21ab-3dbf-5646-ba1f-a513e3866c50, 8.6, 570.148.08, 64, 92, 91, 23028, 21029, 1571, 1440, 6251, 148.16, 150.00
1762614049,0, NVIDIA A10, GPU-359b21ab-3dbf-5646-ba1f-a513e3866c50, 8.6, 570.148.08, 65, 92, 92, 23028, 21029, 1571, 1515, 6251, 148.70, 150.00
1762614050,0, NVIDIA A10, GPU-359b21ab-3dbf-5646-ba1f-a513e3866c50, 8.6, 570.148.08, 65, 93, 92, 23028, 21029, 1571, 1485, 6251, 150.51, 150.00
1762614051,0, NVIDIA A10, GPU-359b21ab-3dbf-5646-ba1f-a513e3866c50, 8.6, 570.148.08, 65, 93, 65, 23028, 21029, 1571, 1500, 6251, 148.36, 150.00
1762614052,0, NVIDIA A10, GPU-359b21ab-3dbf-5646-ba1f-a513e3866c50, 8.6, 570.148.08, 66, 92, 91, 23028, 21029, 1571, 1425, 6251, 149.92, 150.00
1762614053,0, NVIDIA A10, GPU-359b21ab-3dbf-5646-ba1f-a513e3866c50, 8.6, 570.148.08, 66, 89, 88, 23028, 21029, 1571, 1440, 6251, 146.52, 150.00
1762614054,0, NVIDIA A10, GPU-359b21ab-3dbf-5646-ba1f-a513e3866c50, 8.6, 570.148.08, 66, 89, 87, 23028, 21029, 1571, 1530, 6251, 146.83, 150.00
1762614055,0, NVIDIA A10, GPU-359b21ab-3dbf-5646-ba1f-a513e3866c50, 8.6, 570.148.08, 66, 91, 91, 23028, 21029, 1571, 1515, 6251, 147.99, 150.00
1762614056,0, NVIDIA A10, GPU-359b21ab-3dbf-5646-ba1f-a513e3866c50, 8.6, 570.148.08, 66, 91, 93, 23028, 21029, 1571, 1500, 6251, 148.39, 150.00
1762614057,0, NVIDIA A10, GPU-359b21ab-3dbf-5646-ba1f-a513e3866c50, 8.6, 570.148.08, 67, 92, 93, 23028, 21029, 1571, 1515, 6251, 147.81, 150.00
1762614058,0, NVIDIA A10, GPU-359b21ab-3dbf-5646-ba1f-a513e3866c50, 8.6, 570.148.08, 67, 92, 93, 23028, 21029, 1571, 1530, 6251, 152.33, 150.00
1762614059,0, NVIDIA A10, GPU-359b21ab-3dbf-5646-ba1f-a513e3866c50, 8.6, 570.148.08, 67, 92, 93, 23028, 21029, 1571, 1515, 6251, 147.24, 150.00
1762614061,0, NVIDIA A10, GPU-359b21ab-3dbf-5646-ba1f-a513e3866c50, 8.6, 570.148.08, 67, 95, 66, 23028, 21029, 1571, 1515, 6251, 145.29, 150.00
1762614062,0, NVIDIA A10, GPU-359b21ab-3dbf-5646-ba1f-a513e3866c50, 8.6, 570.148.08, 67, 88, 87, 23028, 21029, 1571, 1515, 6251, 149.58, 150.00
1762614063,0, NVIDIA A10, GPU-359b21ab-3dbf-5646-ba1f-a513e3866c50, 8.6, 570.148.08, 68, 89, 89, 23028, 21029, 1571, 1560, 6251, 150.16, 150.00
1762614064,0, NVIDIA A10, GPU-359b21ab-3dbf-5646-ba1f-a513e3866c50, 8.6, 570.148.08, 68, 88, 88, 23028, 21029, 1571, 1560, 6251, 151.10, 150.00
1762614065,0, NVIDIA A10, GPU-359b21ab-3dbf-5646-ba1f-a513e3866c50, 8.6, 570.148.08, 68, 90, 86, 23028, 21029, 1571, 1515, 6251, 152.56, 150.00
1762614066,0, NVIDIA A10, GPU-359b21ab-3dbf-5646-ba1f-a513e3866c50, 8.6, 570.148.08, 68, 91, 90, 23028, 21029, 1571, 1410, 6251, 148.73, 150.00
1762614067,0, NVIDIA A10, GPU-359b21ab-3dbf-5646-ba1f-a513e3866c50, 8.6, 570.148.08, 68, 89, 88, 23028, 21029, 1571, 1515, 6251, 146.56, 150.00
1762614068,0, NVIDIA A10, GPU-359b21ab-3dbf-5646-ba1f-a513e3866c50, 8.6, 570.148.08, 68, 91, 92, 23028, 21029, 1571, 1515, 6251, 150.04, 150.00
1762614069,0, NVIDIA A10, GPU-359b21ab-3dbf-5646-ba1f-a513e3866c50, 8.6, 570.148.08, 68, 92, 90, 23028, 21029, 1571, 1545, 6251, 146.35, 150.00
1762614070,0, NVIDIA A10, GPU-359b21ab-3dbf-5646-ba1f-a513e3866c50, 8.6, 570.148.08, 69, 92, 92, 23028, 21029, 1571, 1500, 6251, 148.73, 150.00
1762614071,0, NVIDIA A10, GPU-359b21ab-3dbf-5646-ba1f-a513e3866c50, 8.6, 570.148.08, 69, 92, 91, 23028, 21029, 1571, 1455, 6251, 151.65, 150.00
1762614072,0, NVIDIA A10, GPU-359b21ab-3dbf-5646-ba1f-a513e3866c50, 8.6, 570.148.08, 69, 90, 85, 23028, 21029, 1571, 1095, 6251, 148.09, 150.00
1762614073,0, NVIDIA A10, GPU-359b21ab-3dbf-5646-ba1f-a513e3866c50, 8.6, 570.148.08, 69, 90, 91, 23028, 21029, 1571, 1440, 6251, 149.60, 150.00
1762614074,0, NVIDIA A10, GPU-359b21ab-3dbf-5646-ba1f-a513e3866c50, 8.6, 570.148.08, 69, 93, 74, 23028, 21029, 1571, 1380, 6251, 147.77, 150.00
1762614075,0, NVIDIA A10, GPU-359b21ab-3dbf-5646-ba1f-a513e3866c50, 8.6, 570.148.08, 69, 91, 91, 23028, 21029, 1571, 1485, 6251, 146.99, 150.00
1762614076,0, NVIDIA A10, GPU-359b21ab-3dbf-5646-ba1f-a513e3866c50, 8.6, 570.148.08, 69, 92, 91, 23028, 21029, 1571, 1440, 6251, 149.19, 150.00
1762614077,0, NVIDIA A10, GPU-359b21ab-3dbf-5646-ba1f-a513e3866c50, 8.6, 570.148.08, 69, 94, 65, 23028, 21029, 1571, 1470, 6251, 149.94, 150.00
1762614078,0, NVIDIA A10, GPU-359b21ab-3dbf-5646-ba1f-a513e3866c50, 8.6, 570.148.08, 69, 93, 81, 23028, 21029, 1571, 1485, 6251, 151.05, 150.00
1762614079,0, NVIDIA A10, GPU-359b21ab-3dbf-5646-ba1f-a513e3866c50, 8.6, 570.148.08, 69, 92, 91, 23028, 21029, 1571, 1470, 6251, 149.14, 150.00
1762614080,0, NVIDIA A10, GPU-359b21ab-3dbf-5646-ba1f-a513e3866c50, 8.6, 570.148.08, 70, 90, 91, 23028, 21029, 1571, 1470, 6251, 150.70, 150.00
1762614081,0, NVIDIA A10, GPU-359b21ab-3dbf-5646-ba1f-a513e3866c50, 8.6, 570.148.08, 70, 89, 88, 23028, 21029, 1571, 1500, 6251, 150.08, 150.00
1762614082,0, NVIDIA A10, GPU-359b21ab-3dbf-5646-ba1f-a513e3866c50, 8.6, 570.148.08, 70, 90, 91, 23028, 21029, 1571, 1500, 6251, 149.65, 150.00
1762614083,0, NVIDIA A10, GPU-359b21ab-3dbf-5646-ba1f-a513e3866c50, 8.6, 570.148.08, 70, 92, 93, 23028, 21029, 1571, 1470, 6251, 148.90, 150.00
1762614084,0, NVIDIA A10, GPU-359b21ab-3dbf-5646-ba1f-a513e3866c50, 8.6, 570.148.08, 70, 92, 91, 23028, 21029, 1571, 1470, 6251, 150.03, 150.00
1762614085,0, NVIDIA A10, GPU-359b21ab-3dbf-5646-ba1f-a513e3866c50, 8.6, 570.148.08, 70, 92, 91, 23028, 21029, 1571, 1485, 6251, 150.07, 150.00
1762614086,0, NVIDIA A10, GPU-359b21ab-3dbf-5646-ba1f-a513e3866c50, 8.6, 570.148.08, 71, 88, 89, 23028, 21029, 1571, 1500, 6251, 149.01, 150.00
1762614087,0, NVIDIA A10, GPU-359b21ab-3dbf-5646-ba1f-a513e3866c50, 8.6, 570.148.08, 71, 92, 91, 23028, 21029, 1571, 1425, 6251, 149.36, 150.00
1762614088,0, NVIDIA A10, GPU-359b21ab-3dbf-5646-ba1f-a513e3866c50, 8.6, 570.148.08, 71, 92, 92, 23028, 21029, 1571, 1440, 6251, 146.96, 150.00
1762614089,0, NVIDIA A10, GPU-359b21ab-3dbf-5646-ba1f-a513e3866c50, 8.6, 570.148.08, 71, 89, 89, 23028, 21029, 1571, 1500, 6251, 149.49, 150.00
1762614090,0, NVIDIA A10, GPU-359b21ab-3dbf-5646-ba1f-a513e3866c50, 8.6, 570.148.08, 71, 95, 71, 23028, 21029, 1571, 1080, 6251, 153.55, 150.00
1762614091,0, NVIDIA A10, GPU-359b21ab-3dbf-5646-ba1f-a513e3866c50, 8.6, 570.148.08, 71, 92, 93, 23028, 21029, 1571, 1455, 6251, 150.51, 150.00
1762614093,0, NVIDIA A10, GPU-359b21ab-3dbf-5646-ba1f-a513e3866c50, 8.6, 570.148.08, 71, 92, 92, 23028, 21029, 1571, 1470, 6251, 150.28, 150.00
1762614094,0, NVIDIA A10, GPU-359b21ab-3dbf-5646-ba1f-a513e3866c50, 8.6, 570.148.08, 71, 96, 63, 23028, 21029, 1571, 1200, 6251, 146.86, 150.00
1762614095,0, NVIDIA A10, GPU-359b21ab-3dbf-5646-ba1f-a513e3866c50, 8.6, 570.148.08, 71, 92, 92, 23028, 21029, 1571, 1470, 6251, 148.52, 150.00
1762614096,0, NVIDIA A10, GPU-359b21ab-3dbf-5646-ba1f-a513e3866c50, 8.6, 570.148.08, 71, 92, 93, 23028, 21029, 1571, 1455, 6251, 147.69, 150.00
1762614097,0, NVIDIA A10, GPU-359b21ab-3dbf-5646-ba1f-a513e3866c50, 8.6, 570.148.08, 71, 92, 93, 23028, 21029, 1571, 1470, 6251, 147.62, 150.00
1762614098,0, NVIDIA A10, GPU-359b21ab-3dbf-5646-ba1f-a513e3866c50, 8.6, 570.148.08, 71, 93, 82, 23028, 21029, 1571, 1125, 6251, 152.23, 150.00
1762614099,0, NVIDIA A10, GPU-359b21ab-3dbf-5646-ba1f-a513e3866c50, 8.6, 570.148.08, 71, 92, 92, 23028, 21029, 1571, 1485, 6251, 154.86, 150.00
1762614100,0, NVIDIA A10, GPU-359b21ab-3dbf-5646-ba1f-a513e3866c50, 8.6, 570.148.08, 72, 92, 92, 23028, 21029, 1571, 1440, 6251, 148.93, 150.00
1762614101,0, NVIDIA A10, GPU-359b21ab-3dbf-5646-ba1f-a513e3866c50, 8.6, 570.148.08, 71, 93, 92, 23028, 21029, 1571, 1395, 6251, 147.81, 150.00
1762614102,0, NVIDIA A10, GPU-359b21ab-3dbf-5646-ba1f-a513e3866c50, 8.6, 570.148.08, 72, 92, 91, 23028, 21029, 1571, 1485, 6251, 150.07, 150.00
1762614103,0, NVIDIA A10, GPU-359b21ab-3dbf-5646-ba1f-a513e3866c50, 8.6, 570.148.08, 71, 91, 91, 23028, 21029, 1571, 1470, 6251, 148.45, 150.00
1762614104,0, NVIDIA A10, GPU-359b21ab-3dbf-5646-ba1f-a513e3866c50, 8.6, 570.148.08, 72, 92, 92, 23028, 21029, 1571, 1485, 6251, 149.60, 150.00
1762614105,0, NVIDIA A10, GPU-359b21ab-3dbf-5646-ba1f-a513e3866c50, 8.6, 570.148.08, 72, 92, 91, 23028, 21029, 1571, 1470, 6251, 148.78, 150.00
1762614106,0, NVIDIA A10, GPU-359b21ab-3dbf-5646-ba1f-a513e3866c50, 8.6, 570.148.08, 72, 92, 92, 23028, 21029, 1571, 1515, 6251, 150.43, 150.00
1762614107,0, NVIDIA A10, GPU-359b21ab-3dbf-5646-ba1f-a513e3866c50, 8.6, 570.148.08, 72, 87, 88, 23028, 21029, 1571, 1500, 6251, 149.85, 150.00
1762614108,0, NVIDIA A10, GPU-359b21ab-3dbf-5646-ba1f-a513e3866c50, 8.6, 570.148.08, 72, 90, 91, 23028, 21029, 1571, 1515, 6251, 149.14, 150.00
1762614109,0, NVIDIA A10, GPU-359b21ab-3dbf-5646-ba1f-a513e3866c50, 8.6, 570.148.08, 72, 92, 91, 23028, 21029, 1571, 1440, 6251, 149.65, 150.00
1762614110,0, NVIDIA A10, GPU-359b21ab-3dbf-5646-ba1f-a513e3866c50, 8.6, 570.148.08, 72, 92, 92, 23028, 21029, 1571, 1485, 6251, 145.44, 150.00
1762614111,0, NVIDIA A10, GPU-359b21ab-3dbf-5646-ba1f-a513e3866c50, 8.6, 570.148.08, 72, 91, 92, 23028, 21029, 1571, 1470, 6251, 149.59, 150.00
1762614112,0, NVIDIA A10, GPU-359b21ab-3dbf-5646-ba1f-a513e3866c50, 8.6, 570.148.08, 72, 92, 92, 23028, 21029, 1571, 1455, 6251, 151.31, 150.00
1762614113,0, NVIDIA A10, GPU-359b21ab-3dbf-5646-ba1f-a513e3866c50, 8.6, 570.148.08, 72, 92, 93, 23028, 21029, 1571, 1485, 6251, 148.54, 150.00
1762614114,0, NVIDIA A10, GPU-359b21ab-3dbf-5646-ba1f-a513e3866c50, 8.6, 570.148.08, 72, 92, 92, 23028, 21029, 1571, 1455, 6251, 151.23, 150.00
1762614115,0, NVIDIA A10, GPU-359b21ab-3dbf-5646-ba1f-a513e3866c50, 8.6, 570.148.08, 72, 91, 90, 23028, 21029, 1571, 1440, 6251, 150.34, 150.00
1762614116,0, NVIDIA A10, GPU-359b21ab-3dbf-5646-ba1f-a513e3866c50, 8.6, 570.148.08, 72, 85, 84, 23028, 21029, 1571, 1455, 6251, 151.89, 150.00
1762614117,0, NVIDIA A10, GPU-359b21ab-3dbf-5646-ba1f-a513e3866c50, 8.6, 570.148.08, 72, 91, 89, 23028, 21029, 1571, 1485, 6251, 150.50, 150.00
1762614118,0, NVIDIA A10, GPU-359b21ab-3dbf-5646-ba1f-a513e3866c50, 8.6, 570.148.08, 72, 91, 90, 23028, 21029, 1571, 1470, 6251, 147.17, 150.00
1762614119,0, NVIDIA A10, GPU-359b21ab-3dbf-5646-ba1f-a513e3866c50, 8.6, 570.148.08, 72, 93, 91, 23028, 21029, 1571, 1425, 6251, 150.18, 150.00
1762614120,0, NVIDIA A10, GPU-359b21ab-3dbf-5646-ba1f-a513e3866c50, 8.6, 570.148.08, 73, 91, 92, 23028, 21029, 1571, 1470, 6251, 151.48, 150.00
1762614121,0, NVIDIA A10, GPU-359b21ab-3dbf-5646-ba1f-a513e3866c50, 8.6, 570.148.08, 73, 92, 92, 23028, 21029, 1571, 1425, 6251, 150.79, 150.00
1762614122,0, NVIDIA A10, GPU-359b21ab-3dbf-5646-ba1f-a513e3866c50, 8.6, 570.148.08, 73, 93, 92, 23028, 21029, 1571, 1455, 6251, 149.53, 150.00
1762614123,0, NVIDIA A10, GPU-359b21ab-3dbf-5646-ba1f-a513e3866c50, 8.6, 570.148.08, 73, 89, 89, 23028, 21029, 1571, 1500, 6251, 147.70, 150.00
1762614124,0, NVIDIA A10, GPU-359b21ab-3dbf-5646-ba1f-a513e3866c50, 8.6, 570.148.08, 73, 94, 64, 23028, 21029, 1571, 1305, 6251, 149.13, 150.00
1762614126,0, NVIDIA A10, GPU-359b21ab-3dbf-5646-ba1f-a513e3866c50, 8.6, 570.148.08, 73, 91, 90, 23028, 21029, 1571, 1455, 6251, 146.10, 150.00
1762614127,0, NVIDIA A10, GPU-359b21ab-3dbf-5646-ba1f-a513e3866c50, 8.6, 570.148.08, 73, 91, 91, 23028, 21029, 1571, 1485, 6251, 150.09, 150.00
1762614128,0, NVIDIA A10, GPU-359b21ab-3dbf-5646-ba1f-a513e3866c50, 8.6, 570.148.08, 73, 89, 88, 23028, 21029, 1571, 1425, 6251, 149.60, 150.00
1762614129,0, NVIDIA A10, GPU-359b21ab-3dbf-5646-ba1f-a513e3866c50, 8.6, 570.148.08, 73, 92, 93, 23028, 21029, 1571, 1440, 6251, 149.55, 150.00
1762614130,0, NVIDIA A10, GPU-359b21ab-3dbf-5646-ba1f-a513e3866c50, 8.6, 570.148.08, 73, 91, 90, 23028, 21029, 1571, 1440, 6251, 148.02, 150.00
1762614131,0, NVIDIA A10, GPU-359b21ab-3dbf-5646-ba1f-a513e3866c50, 8.6, 570.148.08, 73, 92, 92, 23028, 21029, 1571, 1470, 6251, 149.29, 150.00
1762614132,0, NVIDIA A10, GPU-359b21ab-3dbf-5646-ba1f-a513e3866c50, 8.6, 570.148.08, 73, 90, 89, 23028, 21029, 1571, 1455, 6251, 149.44, 150.00
1762614133,0, NVIDIA A10, GPU-359b21ab-3dbf-5646-ba1f-a513e3866c50, 8.6, 570.148.08, 73, 89, 90, 23028, 21029, 1571, 1485, 6251, 150.44, 150.00
1762614134,0, NVIDIA A10, GPU-359b21ab-3dbf-5646-ba1f-a513e3866c50, 8.6, 570.148.08, 73, 92, 91, 23028, 21029, 1571, 1440, 6251, 149.24, 150.00
1762614135,0, NVIDIA A10, GPU-359b21ab-3dbf-5646-ba1f-a513e3866c50, 8.6, 570.148.08, 73, 92, 87, 23028, 21029, 1571, 1200, 6251, 151.32, 150.00
1762614136,0, NVIDIA A10, GPU-359b21ab-3dbf-5646-ba1f-a513e3866c50, 8.6, 570.148.08, 73, 92, 92, 23028, 21029, 1571, 1440, 6251, 149.15, 150.00
1762614137,0, NVIDIA A10, GPU-359b21ab-3dbf-5646-ba1f-a513e3866c50, 8.6, 570.148.08, 73, 93, 93, 23028, 21029, 1571, 1440, 6251, 148.74, 150.00
1762614138,0, NVIDIA A10, GPU-359b21ab-3dbf-5646-ba1f-a513e3866c50, 8.6, 570.148.08, 73, 92, 90, 23028, 21029, 1571, 1485, 6251, 147.24, 150.00
1762614139,0, NVIDIA A10, GPU-359b21ab-3dbf-5646-ba1f-a513e3866c50, 8.6, 570.148.08, 73, 96, 67, 23028, 21029, 1571, 1470, 6251, 147.58, 150.00
1762614140,0, NVIDIA A10, GPU-359b21ab-3dbf-5646-ba1f-a513e3866c50, 8.6, 570.148.08, 73, 94, 78, 23028, 21029, 1571, 1110, 6251, 150.47, 150.00
1762614141,0, NVIDIA A10, GPU-359b21ab-3dbf-5646-ba1f-a513e3866c50, 8.6, 570.148.08, 73, 92, 90, 23028, 21029, 1571, 1380, 6251, 151.85, 150.00
1762614142,0, NVIDIA A10, GPU-359b21ab-3dbf-5646-ba1f-a513e3866c50, 8.6, 570.148.08, 73, 93, 91, 23028, 21029, 1571, 1065, 6251, 147.44, 150.00
1762614143,0, NVIDIA A10, GPU-359b21ab-3dbf-5646-ba1f-a513e3866c50, 8.6, 570.148.08, 73, 92, 92, 23028, 21029, 1571, 1425, 6251, 149.91, 150.00
1762614144,0, NVIDIA A10, GPU-359b21ab-3dbf-5646-ba1f-a513e3866c50, 8.6, 570.148.08, 73, 93, 91, 23028, 21029, 1571, 1395, 6251, 149.98, 150.00
1762614145,0, NVIDIA A10, GPU-359b21ab-3dbf-5646-ba1f-a513e3866c50, 8.6, 570.148.08, 73, 92, 92, 23028, 21029, 1571, 1425, 6251, 146.52, 150.00
1762614146,0, NVIDIA A10, GPU-359b21ab-3dbf-5646-ba1f-a513e3866c50, 8.6, 570.148.08, 73, 93, 91, 23028, 21029, 1571, 1395, 6251, 149.42, 150.00
1762614147,0, NVIDIA A10, GPU-359b21ab-3dbf-5646-ba1f-a513e3866c50, 8.6, 570.148.08, 73, 92, 91, 23028, 21029, 1571, 1410, 6251, 147.80, 150.00
1762614148,0, NVIDIA A10, GPU-359b21ab-3dbf-5646-ba1f-a513e3866c50, 8.6, 570.148.08, 74, 93, 83, 23028, 21029, 1571, 1200, 6251, 150.90, 150.00
1762614149,0, NVIDIA A10, GPU-359b21ab-3dbf-5646-ba1f-a513e3866c50, 8.6, 570.148.08, 73, 96, 68, 23028, 21029, 1571, 1440, 6251, 146.09, 150.00
1762614150,0, NVIDIA A10, GPU-359b21ab-3dbf-5646-ba1f-a513e3866c50, 8.6, 570.148.08, 73, 88, 87, 23028, 21029, 1571, 1440, 6251, 149.12, 150.00
1762614151,0, NVIDIA A10, GPU-359b21ab-3dbf-5646-ba1f-a513e3866c50, 8.6, 570.148.08, 74, 92, 92, 23028, 21029, 1571, 1470, 6251, 147.54, 150.00
1762614152,0, NVIDIA A10, GPU-359b21ab-3dbf-5646-ba1f-a513e3866c50, 8.6, 570.148.08, 74, 92, 91, 23028, 21029, 1571, 1125, 6251, 150.38, 150.00
1762614153,0, NVIDIA A10, GPU-359b21ab-3dbf-5646-ba1f-a513e3866c50, 8.6, 570.148.08, 74, 96, 69, 23028, 21029, 1571, 1320, 6251, 150.90, 150.00
1762614154,0, NVIDIA A10, GPU-359b21ab-3dbf-5646-ba1f-a513e3866c50, 8.6, 570.148.08, 74, 92, 91, 23028, 21029, 1571, 1440, 6251, 149.44, 150.00
1762614155,0, NVIDIA A10, GPU-359b21ab-3dbf-5646-ba1f-a513e3866c50, 8.6, 570.148.08, 74, 91, 91, 23028, 21029, 1571, 1455, 6251, 151.35, 150.00
1762614156,0, NVIDIA A10, GPU-359b21ab-3dbf-5646-ba1f-a513e3866c50, 8.6, 570.148.08, 74, 93, 91, 23028, 21029, 1571, 1410, 6251, 149.77, 150.00
1762614157,0, NVIDIA A10, GPU-359b21ab-3dbf-5646-ba1f-a513e3866c50, 8.6, 570.148.08, 74, 92, 92, 23028, 21029, 1571, 1395, 6251, 147.37, 150.00
1762614158,0, NVIDIA A10, GPU-359b21ab-3dbf-5646-ba1f-a513e3866c50, 8.6, 570.148.08, 74, 92, 92, 23028, 21029, 1571, 1260, 6251, 152.02, 150.00
1762614160,0, NVIDIA A10, GPU-359b21ab-3dbf-5646-ba1f-a513e3866c50, 8.6, 570.148.08, 74, 92, 92, 23028, 21029, 1571, 1365, 6251, 150.02, 150.00
1762614161,0, NVIDIA A10, GPU-359b21ab-3dbf-5646-ba1f-a513e3866c50, 8.6, 570.148.08, 74, 91, 92, 23028, 21029, 1571, 1440, 6251, 150.47, 150.00
1762614162,0, NVIDIA A10, GPU-359b21ab-3dbf-5646-ba1f-a513e3866c50, 8.6, 570.148.08, 74, 92, 90, 23028, 21029, 1571, 1410, 6251, 149.67, 150.00
1762614163,0, NVIDIA A10, GPU-359b21ab-3dbf-5646-ba1f-a513e3866c50, 8.6, 570.148.08, 74, 92, 92, 23028, 21029, 1571, 1455, 6251, 151.95, 150.00
1762614164,0, NVIDIA A10, GPU-359b21ab-3dbf-5646-ba1f-a513e3866c50, 8.6, 570.148.08, 74, 92, 90, 23028, 21029, 1571, 1425, 6251, 151.66, 150.00
1762614165,0, NVIDIA A10, GPU-359b21ab-3dbf-5646-ba1f-a513e3866c50, 8.6, 570.148.08, 74, 95, 67, 23028, 21029, 1571, 1365, 6251, 147.13, 150.00
1762614166,0, NVIDIA A10, GPU-359b21ab-3dbf-5646-ba1f-a513e3866c50, 8.6, 570.148.08, 74, 92, 92, 23028, 21029, 1571, 1440, 6251, 148.02, 150.00
1762614167,0, NVIDIA A10, GPU-359b21ab-3dbf-5646-ba1f-a513e3866c50, 8.6, 570.148.08, 74, 92, 92, 23028, 21029, 1571, 1440, 6251, 147.67, 150.00
1762614168,0, NVIDIA A10, GPU-359b21ab-3dbf-5646-ba1f-a513e3866c50, 8.6, 570.148.08, 74, 94, 76, 23028, 21029, 1571, 1455, 6251, 151.51, 150.00
1762614169,0, NVIDIA A10, GPU-359b21ab-3dbf-5646-ba1f-a513e3866c50, 8.6, 570.148.08, 74, 92, 92, 23028, 21029, 1571, 1455, 6251, 149.35, 150.00
1762614170,0, NVIDIA A10, GPU-359b21ab-3dbf-5646-ba1f-a513e3866c50, 8.6, 570.148.08, 74, 93, 91, 23028, 21029, 1571, 1425, 6251, 150.38, 150.00
1762614171,0, NVIDIA A10, GPU-359b21ab-3dbf-5646-ba1f-a513e3866c50, 8.6, 570.148.08, 74, 92, 92, 23028, 21029, 1571, 1440, 6251, 151.55, 150.00
1762614172,0, NVIDIA A10, GPU-359b21ab-3dbf-5646-ba1f-a513e3866c50, 8.6, 570.148.08, 74, 92, 91, 23028, 21029, 1571, 1410, 6251, 149.73, 150.00
1762614173,0, NVIDIA A10, GPU-359b21ab-3dbf-5646-ba1f-a513e3866c50, 8.6, 570.148.08, 74, 91, 92, 23028, 21029, 1571, 1440, 6251, 147.71, 150.00
1762614174,0, NVIDIA A10, GPU-359b21ab-3dbf-5646-ba1f-a513e3866c50, 8.6, 570.148.08, 74, 92, 92, 23028, 21029, 1571, 1410, 6251, 149.34, 150.00
1762614175,0, NVIDIA A10, GPU-359b21ab-3dbf-5646-ba1f-a513e3866c50, 8.6, 570.148.08, 74, 92, 91, 23028, 21029, 1571, 1455, 6251, 149.89, 150.00
1762614176,0, NVIDIA A10, GPU-359b21ab-3dbf-5646-ba1f-a513e3866c50, 8.6, 570.148.08, 75, 94, 75, 23028, 21029, 1571, 1320, 6251, 152.40, 150.00
1762614177,0, NVIDIA A10, GPU-359b21ab-3dbf-5646-ba1f-a513e3866c50, 8.6, 570.148.08, 74, 89, 88, 23028, 21029, 1571, 1425, 6251, 148.71, 150.00
1762614178,0, NVIDIA A10, GPU-359b21ab-3dbf-5646-ba1f-a513e3866c50, 8.6, 570.148.08, 74, 93, 91, 23028, 21029, 1571, 1425, 6251, 147.96, 150.00
1762614179,0, NVIDIA A10, GPU-359b21ab-3dbf-5646-ba1f-a513e3866c50, 8.6, 570.148.08, 74, 92, 90, 23028, 21029, 1571, 1080, 6251, 149.81, 150.00
1762614180,0, NVIDIA A10, GPU-359b21ab-3dbf-5646-ba1f-a513e3866c50, 8.6, 570.148.08, 74, 92, 91, 23028, 21029, 1571, 1410, 6251, 147.72, 150.00
1762614181,0, NVIDIA A10, GPU-359b21ab-3dbf-5646-ba1f-a513e3866c50, 8.6, 570.148.08, 74, 92, 90, 23028, 21029, 1571, 1380, 6251, 150.12, 150.00
1762614182,0, NVIDIA A10, GPU-359b21ab-3dbf-5646-ba1f-a513e3866c50, 8.6, 570.148.08, 74, 91, 90, 23028, 21029, 1571, 1425, 6251, 151.90, 150.00
1762614183,0, NVIDIA A10, GPU-359b21ab-3dbf-5646-ba1f-a513e3866c50, 8.6, 570.148.08, 74, 90, 88, 23028, 21029, 1571, 1425, 6251, 148.73, 150.00
1762614184,0, NVIDIA A10, GPU-359b21ab-3dbf-5646-ba1f-a513e3866c50, 8.6, 570.148.08, 75, 91, 89, 23028, 21029, 1571, 1440, 6251, 148.29, 150.00
1762614185,0, NVIDIA A10, GPU-359b21ab-3dbf-5646-ba1f-a513e3866c50, 8.6, 570.148.08, 75, 93, 71, 23028, 21029, 1571, 1350, 6251, 148.70, 150.00
1762614186,0, NVIDIA A10, GPU-359b21ab-3dbf-5646-ba1f-a513e3866c50, 8.6, 570.148.08, 74, 96, 59, 23028, 21029, 1571, 1350, 6251, 146.75, 150.00
1762614187,0, NVIDIA A10, GPU-359b21ab-3dbf-5646-ba1f-a513e3866c50, 8.6, 570.148.08, 74, 92, 91, 23028, 21029, 1571, 1425, 6251, 150.62, 150.00
1762614188,0, NVIDIA A10, GPU-359b21ab-3dbf-5646-ba1f-a513e3866c50, 8.6, 570.148.08, 74, 92, 92, 23028, 21029, 1571, 1410, 6251, 151.02, 150.00
1762614189,0, NVIDIA A10, GPU-359b21ab-3dbf-5646-ba1f-a513e3866c50, 8.6, 570.148.08, 75, 92, 91, 23028, 21029, 1571, 1440, 6251, 148.21, 150.00
1762614190,0, NVIDIA A10, GPU-359b21ab-3dbf-5646-ba1f-a513e3866c50, 8.6, 570.148.08, 75, 93, 91, 23028, 21029, 1571, 1395, 6251, 150.03, 150.00
1762614191,0, NVIDIA A10, GPU-359b21ab-3dbf-5646-ba1f-a513e3866c50, 8.6, 570.148.08, 75, 85, 86, 23028, 21029, 1571, 1515, 6251, 147.64, 150.00
1762614193,0, NVIDIA A10, GPU-359b21ab-3dbf-5646-ba1f-a513e3866c50, 8.6, 570.148.08, 75, 92, 92, 23028, 21029, 1571, 1470, 6251, 150.63, 150.00
1762614194,0, NVIDIA A10, GPU-359b21ab-3dbf-5646-ba1f-a513e3866c50, 8.6, 570.148.08, 75, 91, 90, 23028, 21029, 1571, 1425, 6251, 150.09, 150.00
1762614195,0, NVIDIA A10, GPU-359b21ab-3dbf-5646-ba1f-a513e3866c50, 8.6, 570.148.08, 75, 95, 69, 23028, 21029, 1571, 1365, 6251, 152.75, 150.00
1762614196,0, NVIDIA A10, GPU-359b21ab-3dbf-5646-ba1f-a513e3866c50, 8.6, 570.148.08, 75, 89, 88, 23028, 21029, 1571, 1425, 6251, 149.92, 150.00
1762614197,0, NVIDIA A10, GPU-359b21ab-3dbf-5646-ba1f-a513e3866c50, 8.6, 570.148.08, 74, 93, 68, 23028, 21029, 1571, 1380, 6251, 146.19, 150.00
1762614198,0, NVIDIA A10, GPU-359b21ab-3dbf-5646-ba1f-a513e3866c50, 8.6, 570.148.08, 75, 92, 91, 23028, 21029, 1571, 1440, 6251, 147.67, 150.00
1762614199,0, NVIDIA A10, GPU-359b21ab-3dbf-5646-ba1f-a513e3866c50, 8.6, 570.148.08, 75, 92, 92, 23028, 21029, 1571, 1440, 6251, 147.94, 150.00
1762614200,0, NVIDIA A10, GPU-359b21ab-3dbf-5646-ba1f-a513e3866c50, 8.6, 570.148.08, 75, 92, 92, 23028, 21029, 1571, 1470, 6251, 147.88, 150.00
1762614201,0, NVIDIA A10, GPU-359b21ab-3dbf-5646-ba1f-a513e3866c50, 8.6, 570.148.08, 75, 91, 70, 23028, 21029, 1571, 1320, 6251, 151.99, 150.00
1762614202,0, NVIDIA A10, GPU-359b21ab-3dbf-5646-ba1f-a513e3866c50, 8.6, 570.148.08, 75, 90, 90, 23028, 21029, 1571, 1050, 6251, 145.84, 150.00
1762614203,0, NVIDIA A10, GPU-359b21ab-3dbf-5646-ba1f-a513e3866c50, 8.6, 570.148.08, 75, 90, 90, 23028, 21029, 1571, 1440, 6251, 146.50, 150.00
1762614204,0, NVIDIA A10, GPU-359b21ab-3dbf-5646-ba1f-a513e3866c50, 8.6, 570.148.08, 75, 93, 92, 23028, 21029, 1571, 1440, 6251, 151.96, 150.00
1762614205,0, NVIDIA A10, GPU-359b21ab-3dbf-5646-ba1f-a513e3866c50, 8.6, 570.148.08, 75, 95, 65, 23028, 21029, 1571, 1455, 6251, 146.90, 150.00
1762614206,0, NVIDIA A10, GPU-359b21ab-3dbf-5646-ba1f-a513e3866c50, 8.6, 570.148.08, 75, 93, 91, 23028, 21029, 1571, 1425, 6251, 153.05, 150.00
1762614207,0, NVIDIA A10, GPU-359b21ab-3dbf-5646-ba1f-a513e3866c50, 8.6, 570.148.08, 75, 92, 91, 23028, 21029, 1571, 1395, 6251, 148.53, 150.00
1762614208,0, NVIDIA A10, GPU-359b21ab-3dbf-5646-ba1f-a513e3866c50, 8.6, 570.148.08, 75, 92, 88, 23028, 21029, 1571, 1455, 6251, 150.00, 150.00
1762614209,0, NVIDIA A10, GPU-359b21ab-3dbf-5646-ba1f-a513e3866c50, 8.6, 570.148.08, 75, 91, 91, 23028, 21029, 1571, 1440, 6251, 151.36, 150.00
1762614210,0, NVIDIA A10, GPU-359b21ab-3dbf-5646-ba1f-a513e3866c50, 8.6, 570.148.08, 75, 93, 91, 23028, 21029, 1571, 1395, 6251, 149.55, 150.00
1762614211,0, NVIDIA A10, GPU-359b21ab-3dbf-5646-ba1f-a513e3866c50, 8.6, 570.148.08, 75, 92, 91, 23028, 21029, 1571, 1395, 6251, 150.92, 150.00
1762614212,0, NVIDIA A10, GPU-359b21ab-3dbf-5646-ba1f-a513e3866c50, 8.6, 570.148.08, 75, 95, 63, 23028, 21029, 1571, 1035, 6251, 147.94, 150.00
1762614213,0, NVIDIA A10, GPU-359b21ab-3dbf-5646-ba1f-a513e3866c50, 8.6, 570.148.08, 75, 95, 62, 23028, 21029, 1571, 1410, 6251, 146.23, 150.00
1762614214,0, NVIDIA A10, GPU-359b21ab-3dbf-5646-ba1f-a513e3866c50, 8.6, 570.148.08, 75, 92, 90, 23028, 21029, 1571, 1455, 6251, 144.98, 150.00
1762614215,0, NVIDIA A10, GPU-359b21ab-3dbf-5646-ba1f-a513e3866c50, 8.6, 570.148.08, 75, 92, 91, 23028, 21029, 1571, 1440, 6251, 148.21, 150.00
1762614216,0, NVIDIA A10, GPU-359b21ab-3dbf-5646-ba1f-a513e3866c50, 8.6, 570.148.08, 75, 92, 93, 23028, 21029, 1571, 1455, 6251, 147.24, 150.00
1762614217,0, NVIDIA A10, GPU-359b21ab-3dbf-5646-ba1f-a513e3866c50, 8.6, 570.148.08, 75, 91, 91, 23028, 21029, 1571, 1455, 6251, 149.15, 150.00
1762614218,0, NVIDIA A10, GPU-359b21ab-3dbf-5646-ba1f-a513e3866c50, 8.6, 570.148.08, 75, 93, 91, 23028, 21029, 1571, 1410, 6251, 149.26, 150.00
1762614219,0, NVIDIA A10, GPU-359b21ab-3dbf-5646-ba1f-a513e3866c50, 8.6, 570.148.08, 75, 92, 91, 23028, 21029, 1571, 1455, 6251, 146.41, 150.00
1762614220,0, NVIDIA A10, GPU-359b21ab-3dbf-5646-ba1f-a513e3866c50, 8.6, 570.148.08, 75, 87, 87, 23028, 21029, 1571, 1440, 6251, 150.33, 150.00
1762614221,0, NVIDIA A10, GPU-359b21ab-3dbf-5646-ba1f-a513e3866c50, 8.6, 570.148.08, 75, 96, 63, 23028, 21029, 1571, 1455, 6251, 145.73, 150.00
1762614222,0, NVIDIA A10, GPU-359b21ab-3dbf-5646-ba1f-a513e3866c50, 8.6, 570.148.08, 75, 89, 88, 23028, 21029, 1571, 1425, 6251, 149.06, 150.00
1762614223,0, NVIDIA A10, GPU-359b21ab-3dbf-5646-ba1f-a513e3866c50, 8.6, 570.148.08, 75, 92, 92, 23028, 21029, 1571, 1440, 6251, 149.76, 150.00
1762614224,0, NVIDIA A10, GPU-359b21ab-3dbf-5646-ba1f-a513e3866c50, 8.6, 570.148.08, 75, 93, 92, 23028, 21029, 1571, 1425, 6251, 151.60, 150.00
1762614226,0, NVIDIA A10, GPU-359b21ab-3dbf-5646-ba1f-a513e3866c50, 8.6, 570.148.08, 75, 94, 78, 23028, 21029, 1571, 1395, 6251, 150.58, 150.00
1762614227,0, NVIDIA A10, GPU-359b21ab-3dbf-5646-ba1f-a513e3866c50, 8.6, 570.148.08, 75, 93, 81, 23028, 21029, 1571, 1440, 6251, 148.96, 150.00
1762614228,0, NVIDIA A10, GPU-359b21ab-3dbf-5646-ba1f-a513e3866c50, 8.6, 570.148.08, 75, 93, 91, 23028, 21029, 1571, 1395, 6251, 151.83, 150.00
1762614229,0, NVIDIA A10, GPU-359b21ab-3dbf-5646-ba1f-a513e3866c50, 8.6, 570.148.08, 75, 96, 64, 23028, 21029, 1571, 1110, 6251, 145.95, 150.00
1762614230,0, NVIDIA A10, GPU-359b21ab-3dbf-5646-ba1f-a513e3866c50, 8.6, 570.148.08, 75, 92, 92, 23028, 21029, 1571, 1410, 6251, 147.46, 150.00
1762614231,0, NVIDIA A10, GPU-359b21ab-3dbf-5646-ba1f-a513e3866c50, 8.6, 570.148.08, 75, 94, 75, 23028, 21029, 1571, 1470, 6251, 148.54, 150.00
1762614232,0, NVIDIA A10, GPU-359b21ab-3dbf-5646-ba1f-a513e3866c50, 8.6, 570.148.08, 75, 96, 67, 23028, 21029, 1571, 1050, 6251, 150.02, 150.00
1762614233,0, NVIDIA A10, GPU-359b21ab-3dbf-5646-ba1f-a513e3866c50, 8.6, 570.148.08, 75, 89, 87, 23028, 21029, 1571, 1380, 6251, 150.70, 150.00
1762614234,0, NVIDIA A10, GPU-359b21ab-3dbf-5646-ba1f-a513e3866c50, 8.6, 570.148.08, 75, 92, 91, 23028, 21029, 1571, 1425, 6251, 151.91, 150.00
1762614235,0, NVIDIA A10, GPU-359b21ab-3dbf-5646-ba1f-a513e3866c50, 8.6, 570.148.08, 75, 89, 89, 23028, 21029, 1571, 1455, 6251, 147.38, 150.00
1762614236,0, NVIDIA A10, GPU-359b21ab-3dbf-5646-ba1f-a513e3866c50, 8.6, 570.148.08, 75, 90, 88, 23028, 21029, 1571, 1440, 6251, 148.89, 150.00
1762614237,0, NVIDIA A10, GPU-359b21ab-3dbf-5646-ba1f-a513e3866c50, 8.6, 570.148.08, 75, 92, 90, 23028, 21029, 1571, 1470, 6251, 149.19, 150.00
1762614238,0, NVIDIA A10, GPU-359b21ab-3dbf-5646-ba1f-a513e3866c50, 8.6, 570.148.08, 75, 92, 92, 23028, 21029, 1571, 1455, 6251, 151.42, 150.00
1762614239,0, NVIDIA A10, GPU-359b21ab-3dbf-5646-ba1f-a513e3866c50, 8.6, 570.148.08, 75, 92, 92, 23028, 21029, 1571, 1440, 6251, 148.02, 150.00
1762614240,0, NVIDIA A10, GPU-359b21ab-3dbf-5646-ba1f-a513e3866c50, 8.6, 570.148.08, 75, 92, 92, 23028, 21029, 1571, 1410, 6251, 152.66, 150.00
1762614241,0, NVIDIA A10, GPU-359b21ab-3dbf-5646-ba1f-a513e3866c50, 8.6, 570.148.08, 75, 92, 91, 23028, 21029, 1571, 1410, 6251, 148.15, 150.00
1762614242,0, NVIDIA A10, GPU-359b21ab-3dbf-5646-ba1f-a513e3866c50, 8.6, 570.148.08, 75, 92, 92, 23028, 21029, 1571, 1440, 6251, 150.22, 150.00
1762614243,0, NVIDIA A10, GPU-359b21ab-3dbf-5646-ba1f-a513e3866c50, 8.6, 570.148.08, 75, 92, 90, 23028, 21029, 1571, 1440, 6251, 147.08, 150.00
1762614244,0, NVIDIA A10, GPU-359b21ab-3dbf-5646-ba1f-a513e3866c50, 8.6, 570.148.08, 75, 92, 91, 23028, 21029, 1571, 1440, 6251, 150.10, 150.00
1762614245,0, NVIDIA A10, GPU-359b21ab-3dbf-5646-ba1f-a513e3866c50, 8.6, 570.148.08, 75, 93, 91, 23028, 21029, 1571, 1380, 6251, 149.65, 150.00
1762614246,0, NVIDIA A10, GPU-359b21ab-3dbf-5646-ba1f-a513e3866c50, 8.6, 570.148.08, 75, 92, 92, 23028, 21029, 1571, 1395, 6251, 150.05, 150.00
1762614247,0, NVIDIA A10, GPU-359b21ab-3dbf-5646-ba1f-a513e3866c50, 8.6, 570.148.08, 75, 93, 91, 23028, 21029, 1571, 1395, 6251, 147.46, 150.00
1762614248,0, NVIDIA A10, GPU-359b21ab-3dbf-5646-ba1f-a513e3866c50, 8.6, 570.148.08, 75, 93, 64, 23028, 21029, 1571, 1020, 6251, 148.12, 150.00
1762614249,0, NVIDIA A10, GPU-359b21ab-3dbf-5646-ba1f-a513e3866c50, 8.6, 570.148.08, 74, 88, 86, 23028, 21029, 1571, 1605, 6251, 148.02, 150.00
1762614250,0, NVIDIA A10, GPU-359b21ab-3dbf-5646-ba1f-a513e3866c50, 8.6, 570.148.08, 72, 0, 0, 23028, 21029, 1571, 1695, 6251, 84.12, 150.00
1762614251,0, NVIDIA A10, GPU-359b21ab-3dbf-5646-ba1f-a513e3866c50, 8.6, 570.148.08, 72, 100, 10, 23028, 3, 22596, 1695, 6251, 82.94, 150.00
1762614252,0, NVIDIA A10, GPU-359b21ab-3dbf-5646-ba1f-a513e3866c50, 8.6, 570.148.08, 71, 0, 0, 23028, 3, 22596, 1695, 6251, 80.48, 150.00
1762614253,0, NVIDIA A10, GPU-359b21ab-3dbf-5646-ba1f-a513e3866c50, 8.6, 570.148.08, 71, 0, 0, 23028, 0, 22599, 1695, 6251, 77.35, 150.00
1762614254,0, NVIDIA A10, GPU-359b21ab-3dbf-5646-ba1f-a513e3866c50, 8.6, 570.148.08, 70, 0, 0, 23028, 0, 22599, 345, 6251, 77.35, 150.00
1762614255,0, NVIDIA A10, GPU-359b21ab-3dbf-5646-ba1f-a513e3866c50, 8.6, 570.148.08, 69, 0, 0, 23028, 0, 22599, 225, 6251, 51.39, 150.00
1762614256,0, NVIDIA A10, GPU-359b21ab-3dbf-5646-ba1f-a513e3866c50, 8.6, 570.148.08, 68, 0, 0, 23028, 0, 22599, 210, 6251, 50.93, 150.00
1762614257,0, NVIDIA A10, GPU-359b21ab-3dbf-5646-ba1f-a513e3866c50, 8.6, 570.148.08, 67, 0, 0, 23028, 0, 22599, 210, 6251, 50.61, 150.00
1762614258,0, NVIDIA A10, GPU-359b21ab-3dbf-5646-ba1f-a513e3866c50, 8.6, 570.148.08, 66, 0, 0, 23028, 0, 22599, 210, 405, 50.36, 150.00
1762614259,0, NVIDIA A10, GPU-359b21ab-3dbf-5646-ba1f-a513e3866c50, 8.6, 570.148.08, 65, 0, 0, 23028, 0, 22599, 210, 405, 34.54, 150.00
1762614261,0, NVIDIA A10, GPU-359b21ab-3dbf-5646-ba1f-a513e3866c50, 8.6, 570.148.08, 64, 0, 0, 23028, 0, 22599, 210, 405, 18.74, 150.00
1762614262,0, NVIDIA A10, GPU-359b21ab-3dbf-5646-ba1f-a513e3866c50, 8.6, 570.148.08, 64, 0, 0, 23028, 0, 22599, 210, 405, 18.64, 150.00
1762614263,0, NVIDIA A10, GPU-359b21ab-3dbf-5646-ba1f-a513e3866c50, 8.6, 570.148.08, 63, 0, 0, 23028, 0, 22599, 210, 405, 18.59, 150.00
1762614264,0, NVIDIA A10, GPU-359b21ab-3dbf-5646-ba1f-a513e3866c50, 8.6, 570.148.08, 62, 0, 0, 23028, 0, 22599, 210, 405, 18.50, 150.00
1762614265,0, NVIDIA A10, GPU-359b21ab-3dbf-5646-ba1f-a513e3866c50, 8.6, 570.148.08, 63, 1, 0, 23028, 327, 22273, 1695, 6251, 44.14, 150.00
1762614266,0, NVIDIA A10, GPU-359b21ab-3dbf-5646-ba1f-a513e3866c50, 8.6, 570.148.08, 63, 26, 2, 23028, 3219, 19381, 1695, 6251, 71.25, 150.00
1762614267,0, NVIDIA A10, GPU-359b21ab-3dbf-5646-ba1f-a513e3866c50, 8.6, 570.148.08, 64, 0, 0, 23028, 2717, 19883, 1695, 6251, 71.43, 150.00
1762614268,0, NVIDIA A10, GPU-359b21ab-3dbf-5646-ba1f-a513e3866c50, 8.6, 570.148.08, 63, 0, 0, 23028, 2717, 19883, 1695, 6251, 71.15, 150.00
1762614269,0, NVIDIA A10, GPU-359b21ab-3dbf-5646-ba1f-a513e3866c50, 8.6, 570.148.08, 63, 0, 0, 23028, 2717, 19883, 1695, 6251, 70.15, 150.00
1762614270,0, NVIDIA A10, GPU-359b21ab-3dbf-5646-ba1f-a513e3866c50, 8.6, 570.148.08, 63, 0, 0, 23028, 2717, 19883, 1695, 6251, 70.17, 150.00
1762614271,0, NVIDIA A10, GPU-359b21ab-3dbf-5646-ba1f-a513e3866c50, 8.6, 570.148.08, 63, 0, 0, 23028, 2717, 19883, 1695, 6251, 70.17, 150.00
1762614272,0, NVIDIA A10, GPU-359b21ab-3dbf-5646-ba1f-a513e3866c50, 8.6, 570.148.08, 63, 16, 2, 23028, 2733, 19867, 1695, 6251, 97.75, 150.00
1762614273,0, NVIDIA A10, GPU-359b21ab-3dbf-5646-ba1f-a513e3866c50, 8.6, 570.148.08, 65, 47, 35, 23028, 19613, 2987, 1635, 6251, 96.97, 150.00
1762614274,0, NVIDIA A10, GPU-359b21ab-3dbf-5646-ba1f-a513e3866c50, 8.6, 570.148.08, 65, 31, 23, 23028, 19757, 2843, 1605, 6251, 132.45, 150.00
1762614275,0, NVIDIA A10, GPU-359b21ab-3dbf-5646-ba1f-a513e3866c50, 8.6, 570.148.08, 64, 31, 34, 23028, 21029, 1571, 1680, 6251, 104.83, 150.00
1762614276,0, NVIDIA A10, GPU-359b21ab-3dbf-5646-ba1f-a513e3866c50, 8.6, 570.148.08, 63, 0, 0, 23028, 21029, 1571, 1695, 6251, 70.47, 150.00
1762614277,0, NVIDIA A10, GPU-359b21ab-3dbf-5646-ba1f-a513e3866c50, 8.6, 570.148.08, 63, 0, 0, 23028, 21029, 1571, 1695, 6251, 69.77, 150.00
1762614278,0, NVIDIA A10, GPU-359b21ab-3dbf-5646-ba1f-a513e3866c50, 8.6, 570.148.08, 63, 0, 0, 23028, 21029, 1571, 1695, 6251, 69.71, 150.00
1762614279,0, NVIDIA A10, GPU-359b21ab-3dbf-5646-ba1f-a513e3866c50, 8.6, 570.148.08, 62, 0, 0, 23028, 21029, 1571, 1695, 6251, 69.47, 150.00
1762614280,0, NVIDIA A10, GPU-359b21ab-3dbf-5646-ba1f-a513e3866c50, 8.6, 570.148.08, 62, 0, 0, 23028, 21029, 1571, 1695, 6251, 69.33, 150.00
1762614281,0, NVIDIA A10, GPU-359b21ab-3dbf-5646-ba1f-a513e3866c50, 8.6, 570.148.08, 62, 0, 0, 23028, 21029, 1571, 1695, 6251, 69.19, 150.00
1762614282,0, NVIDIA A10, GPU-359b21ab-3dbf-5646-ba1f-a513e3866c50, 8.6, 570.148.08, 62, 0, 0, 23028, 21029, 1571, 1695, 6251, 69.00, 150.00
1762614283,0, NVIDIA A10, GPU-359b21ab-3dbf-5646-ba1f-a513e3866c50, 8.6, 570.148.08, 61, 0, 0, 23028, 21029, 1571, 1695, 6251, 68.81, 150.00
1762614284,0, NVIDIA A10, GPU-359b21ab-3dbf-5646-ba1f-a513e3866c50, 8.6, 570.148.08, 61, 0, 0, 23028, 21029, 1571, 1695, 6251, 68.62, 150.00
1762614285,0, NVIDIA A10, GPU-359b21ab-3dbf-5646-ba1f-a513e3866c50, 8.6, 570.148.08, 61, 0, 0, 23028, 21029, 1571, 1695, 6251, 68.48, 150.00
1762614286,0, NVIDIA A10, GPU-359b21ab-3dbf-5646-ba1f-a513e3866c50, 8.6, 570.148.08, 64, 91, 91, 23028, 21029, 1571, 1605, 6251, 131.73, 150.00
1762614287,0, NVIDIA A10, GPU-359b21ab-3dbf-5646-ba1f-a513e3866c50, 8.6, 570.148.08, 64, 88, 87, 23028, 21029, 1571, 1530, 6251, 149.63, 150.00
1762614288,0, NVIDIA A10, GPU-359b21ab-3dbf-5646-ba1f-a513e3866c50, 8.6, 570.148.08, 65, 92, 93, 23028, 21029, 1571, 1530, 6251, 153.73, 150.00
1762614289,0, NVIDIA A10, GPU-359b21ab-3dbf-5646-ba1f-a513e3866c50, 8.6, 570.148.08, 65, 91, 91, 23028, 21029, 1571, 1530, 6251, 147.82, 150.00
1762614290,0, NVIDIA A10, GPU-359b21ab-3dbf-5646-ba1f-a513e3866c50, 8.6, 570.148.08, 66, 90, 90, 23028, 21029, 1571, 1515, 6251, 149.69, 150.00
1762614291,0, NVIDIA A10, GPU-359b21ab-3dbf-5646-ba1f-a513e3866c50, 8.6, 570.148.08, 66, 91, 90, 23028, 21029, 1571, 1530, 6251, 146.80, 150.00
1762614292,0, NVIDIA A10, GPU-359b21ab-3dbf-5646-ba1f-a513e3866c50, 8.6, 570.148.08, 66, 92, 91, 23028, 21029, 1571, 1530, 6251, 150.78, 150.00
1762614293,0, NVIDIA A10, GPU-359b21ab-3dbf-5646-ba1f-a513e3866c50, 8.6, 570.148.08, 66, 91, 92, 23028, 21029, 1571, 1530, 6251, 146.93, 150.00
1762614294,0, NVIDIA A10, GPU-359b21ab-3dbf-5646-ba1f-a513e3866c50, 8.6, 570.148.08, 66, 92, 92, 23028, 21029, 1571, 1470, 6251, 154.35, 150.00
1762614295,0, NVIDIA A10, GPU-359b21ab-3dbf-5646-ba1f-a513e3866c50, 8.6, 570.148.08, 67, 92, 91, 23028, 21029, 1571, 1485, 6251, 149.65, 150.00
1762614296,0, NVIDIA A10, GPU-359b21ab-3dbf-5646-ba1f-a513e3866c50, 8.6, 570.148.08, 67, 92, 90, 23028, 21029, 1571, 1530, 6251, 151.02, 150.00
1762614297,0, NVIDIA A10, GPU-359b21ab-3dbf-5646-ba1f-a513e3866c50, 8.6, 570.148.08, 67, 92, 91, 23028, 21029, 1571, 1470, 6251, 150.14, 150.00
1762614299,0, NVIDIA A10, GPU-359b21ab-3dbf-5646-ba1f-a513e3866c50, 8.6, 570.148.08, 67, 91, 91, 23028, 21029, 1571, 1515, 6251, 150.07, 150.00
1762614300,0, NVIDIA A10, GPU-359b21ab-3dbf-5646-ba1f-a513e3866c50, 8.6, 570.148.08, 67, 92, 80, 23028, 21029, 1571, 1515, 6251, 148.07, 150.00
1762614301,0, NVIDIA A10, GPU-359b21ab-3dbf-5646-ba1f-a513e3866c50, 8.6, 570.148.08, 67, 100, 42, 23028, 21029, 1571, 1470, 6251, 151.76, 150.00
1762614302,0, NVIDIA A10, GPU-359b21ab-3dbf-5646-ba1f-a513e3866c50, 8.6, 570.148.08, 67, 96, 63, 23028, 21029, 1571, 1455, 6251, 146.53, 150.00
1762614303,0, NVIDIA A10, GPU-359b21ab-3dbf-5646-ba1f-a513e3866c50, 8.6, 570.148.08, 68, 91, 90, 23028, 21029, 1571, 1470, 6251, 146.17, 150.00
1762614304,0, NVIDIA A10, GPU-359b21ab-3dbf-5646-ba1f-a513e3866c50, 8.6, 570.148.08, 68, 85, 84, 23028, 21029, 1571, 1530, 6251, 148.97, 150.00
1762614305,0, NVIDIA A10, GPU-359b21ab-3dbf-5646-ba1f-a513e3866c50, 8.6, 570.148.08, 68, 100, 44, 23028, 21029, 1571, 1230, 6251, 151.15, 150.00
1762614306,0, NVIDIA A10, GPU-359b21ab-3dbf-5646-ba1f-a513e3866c50, 8.6, 570.148.08, 68, 92, 91, 23028, 21029, 1571, 1395, 6251, 149.80, 150.00
1762614307,0, NVIDIA A10, GPU-359b21ab-3dbf-5646-ba1f-a513e3866c50, 8.6, 570.148.08, 68, 91, 87, 23028, 21029, 1571, 1515, 6251, 150.35, 150.00
1762614308,0, NVIDIA A10, GPU-359b21ab-3dbf-5646-ba1f-a513e3866c50, 8.6, 570.148.08, 69, 92, 92, 23028, 21029, 1571, 1500, 6251, 150.78, 150.00
1762614309,0, NVIDIA A10, GPU-359b21ab-3dbf-5646-ba1f-a513e3866c50, 8.6, 570.148.08, 69, 91, 91, 23028, 21029, 1571, 1515, 6251, 152.49, 150.00
1762614310,0, NVIDIA A10, GPU-359b21ab-3dbf-5646-ba1f-a513e3866c50, 8.6, 570.148.08, 69, 91, 90, 23028, 21029, 1571, 1470, 6251, 150.30, 150.00
1762614311,0, NVIDIA A10, GPU-359b21ab-3dbf-5646-ba1f-a513e3866c50, 8.6, 570.148.08, 69, 92, 93, 23028, 21029, 1571, 1515, 6251, 152.60, 150.00
1762614312,0, NVIDIA A10, GPU-359b21ab-3dbf-5646-ba1f-a513e3866c50, 8.6, 570.148.08, 69, 88, 88, 23028, 21029, 1571, 1500, 6251, 150.01, 150.00
1762614313,0, NVIDIA A10, GPU-359b21ab-3dbf-5646-ba1f-a513e3866c50, 8.6, 570.148.08, 69, 92, 93, 23028, 21029, 1571, 1500, 6251, 148.80, 150.00
1762614314,0, NVIDIA A10, GPU-359b21ab-3dbf-5646-ba1f-a513e3866c50, 8.6, 570.148.08, 69, 87, 87, 23028, 21029, 1571, 1530, 6251, 156.60, 150.00
1762614315,0, NVIDIA A10, GPU-359b21ab-3dbf-5646-ba1f-a513e3866c50, 8.6, 570.148.08, 70, 92, 91, 23028, 21029, 1571, 1500, 6251, 153.41, 150.00
1762614316,0, NVIDIA A10, GPU-359b21ab-3dbf-5646-ba1f-a513e3866c50, 8.6, 570.148.08, 70, 91, 92, 23028, 21029, 1571, 1485, 6251, 147.99, 150.00
1762614317,0, NVIDIA A10, GPU-359b21ab-3dbf-5646-ba1f-a513e3866c50, 8.6, 570.148.08, 70, 92, 91, 23028, 21029, 1571, 1515, 6251, 148.13, 150.00
1762614318,0, NVIDIA A10, GPU-359b21ab-3dbf-5646-ba1f-a513e3866c50, 8.6, 570.148.08, 70, 92, 92, 23028, 21029, 1571, 1515, 6251, 148.36, 150.00
1762614319,0, NVIDIA A10, GPU-359b21ab-3dbf-5646-ba1f-a513e3866c50, 8.6, 570.148.08, 70, 92, 93, 23028, 21029, 1571, 1515, 6251, 152.74, 150.00
1762614320,0, NVIDIA A10, GPU-359b21ab-3dbf-5646-ba1f-a513e3866c50, 8.6, 570.148.08, 70, 87, 87, 23028, 21029, 1571, 1515, 6251, 153.14, 150.00
1762614321,0, NVIDIA A10, GPU-359b21ab-3dbf-5646-ba1f-a513e3866c50, 8.6, 570.148.08, 70, 95, 61, 23028, 21029, 1571, 1080, 6251, 148.16, 150.00
1762614322,0, NVIDIA A10, GPU-359b21ab-3dbf-5646-ba1f-a513e3866c50, 8.6, 570.148.08, 70, 89, 88, 23028, 21029, 1571, 1470, 6251, 147.73, 150.00
1762614323,0, NVIDIA A10, GPU-359b21ab-3dbf-5646-ba1f-a513e3866c50, 8.6, 570.148.08, 70, 88, 89, 23028, 21029, 1571, 1395, 6251, 150.77, 150.00
1762614324,0, NVIDIA A10, GPU-359b21ab-3dbf-5646-ba1f-a513e3866c50, 8.6, 570.148.08, 70, 97, 46, 23028, 21029, 1571, 1185, 6251, 152.92, 150.00
1762614325,0, NVIDIA A10, GPU-359b21ab-3dbf-5646-ba1f-a513e3866c50, 8.6, 570.148.08, 70, 91, 89, 23028, 21029, 1571, 1380, 6251, 148.06, 150.00
1762614326,0, NVIDIA A10, GPU-359b21ab-3dbf-5646-ba1f-a513e3866c50, 8.6, 570.148.08, 70, 90, 81, 23028, 21029, 1571, 1500, 6251, 149.25, 150.00
1762614327,0, NVIDIA A10, GPU-359b21ab-3dbf-5646-ba1f-a513e3866c50, 8.6, 570.148.08, 71, 92, 78, 23028, 21029, 1571, 1425, 6251, 147.86, 150.00
1762614328,0, NVIDIA A10, GPU-359b21ab-3dbf-5646-ba1f-a513e3866c50, 8.6, 570.148.08, 71, 97, 54, 23028, 21029, 1571, 1080, 6251, 147.48, 150.00
1762614329,0, NVIDIA A10, GPU-359b21ab-3dbf-5646-ba1f-a513e3866c50, 8.6, 570.148.08, 71, 92, 92, 23028, 21029, 1571, 1440, 6251, 147.69, 150.00
1762614330,0, NVIDIA A10, GPU-359b21ab-3dbf-5646-ba1f-a513e3866c50, 8.6, 570.148.08, 70, 90, 88, 23028, 21029, 1571, 1485, 6251, 149.90, 150.00
1762614332,0, NVIDIA A10, GPU-359b21ab-3dbf-5646-ba1f-a513e3866c50, 8.6, 570.148.08, 71, 99, 43, 23028, 21029, 1571, 1290, 6251, 151.52, 150.00
1762614333,0, NVIDIA A10, GPU-359b21ab-3dbf-5646-ba1f-a513e3866c50, 8.6, 570.148.08, 71, 91, 90, 23028, 21029, 1571, 1425, 6251, 148.34, 150.00
1762614334,0, NVIDIA A10, GPU-359b21ab-3dbf-5646-ba1f-a513e3866c50, 8.6, 570.148.08, 71, 91, 90, 23028, 21029, 1571, 1470, 6251, 148.63, 150.00
1762614335,0, NVIDIA A10, GPU-359b21ab-3dbf-5646-ba1f-a513e3866c50, 8.6, 570.148.08, 71, 93, 91, 23028, 21029, 1571, 1410, 6251, 149.83, 150.00
1762614336,0, NVIDIA A10, GPU-359b21ab-3dbf-5646-ba1f-a513e3866c50, 8.6, 570.148.08, 71, 91, 91, 23028, 21029, 1571, 1455, 6251, 147.92, 150.00
1762614337,0, NVIDIA A10, GPU-359b21ab-3dbf-5646-ba1f-a513e3866c50, 8.6, 570.148.08, 72, 92, 91, 23028, 21029, 1571, 1470, 6251, 152.67, 150.00
1762614338,0, NVIDIA A10, GPU-359b21ab-3dbf-5646-ba1f-a513e3866c50, 8.6, 570.148.08, 71, 92, 92, 23028, 21029, 1571, 1500, 6251, 148.42, 150.00
1762614339,0, NVIDIA A10, GPU-359b21ab-3dbf-5646-ba1f-a513e3866c50, 8.6, 570.148.08, 71, 93, 91, 23028, 21029, 1571, 1470, 6251, 149.21, 150.00
1762614340,0, NVIDIA A10, GPU-359b21ab-3dbf-5646-ba1f-a513e3866c50, 8.6, 570.148.08, 72, 88, 89, 23028, 21029, 1571, 1515, 6251, 148.79, 150.00
1762614341,0, NVIDIA A10, GPU-359b21ab-3dbf-5646-ba1f-a513e3866c50, 8.6, 570.148.08, 72, 88, 88, 23028, 21029, 1571, 1515, 6251, 149.52, 150.00
1762614342,0, NVIDIA A10, GPU-359b21ab-3dbf-5646-ba1f-a513e3866c50, 8.6, 570.148.08, 72, 89, 88, 23028, 21029, 1571, 1455, 6251, 149.50, 150.00
1762614343,0, NVIDIA A10, GPU-359b21ab-3dbf-5646-ba1f-a513e3866c50, 8.6, 570.148.08, 72, 90, 91, 23028, 21029, 1571, 1455, 6251, 151.67, 150.00
1762614344,0, NVIDIA A10, GPU-359b21ab-3dbf-5646-ba1f-a513e3866c50, 8.6, 570.148.08, 72, 89, 89, 23028, 21029, 1571, 1485, 6251, 147.90, 150.00
1762614345,0, NVIDIA A10, GPU-359b21ab-3dbf-5646-ba1f-a513e3866c50, 8.6, 570.148.08, 72, 88, 88, 23028, 21029, 1571, 1500, 6251, 150.77, 150.00
1762614346,0, NVIDIA A10, GPU-359b21ab-3dbf-5646-ba1f-a513e3866c50, 8.6, 570.148.08, 72, 99, 46, 23028, 21029, 1571, 1470, 6251, 151.65, 150.00
1762614347,0, NVIDIA A10, GPU-359b21ab-3dbf-5646-ba1f-a513e3866c50, 8.6, 570.148.08, 72, 91, 86, 23028, 21029, 1571, 1080, 6251, 148.80, 150.00
1762614348,0, NVIDIA A10, GPU-359b21ab-3dbf-5646-ba1f-a513e3866c50, 8.6, 570.148.08, 72, 92, 91, 23028, 21029, 1571, 1350, 6251, 149.49, 150.00
1762614349,0, NVIDIA A10, GPU-359b21ab-3dbf-5646-ba1f-a513e3866c50, 8.6, 570.148.08, 72, 91, 92, 23028, 21029, 1571, 1380, 6251, 148.02, 150.00
1762614350,0, NVIDIA A10, GPU-359b21ab-3dbf-5646-ba1f-a513e3866c50, 8.6, 570.148.08, 72, 98, 45, 23028, 21029, 1571, 1155, 6251, 149.85, 150.00
1762614351,0, NVIDIA A10, GPU-359b21ab-3dbf-5646-ba1f-a513e3866c50, 8.6, 570.148.08, 72, 92, 91, 23028, 21029, 1571, 1425, 6251, 147.98, 150.00
1762614352,0, NVIDIA A10, GPU-359b21ab-3dbf-5646-ba1f-a513e3866c50, 8.6, 570.148.08, 72, 91, 87, 23028, 21029, 1571, 1485, 6251, 150.80, 150.00
1762614353,0, NVIDIA A10, GPU-359b21ab-3dbf-5646-ba1f-a513e3866c50, 8.6, 570.148.08, 72, 92, 91, 23028, 21029, 1571, 1410, 6251, 150.62, 150.00
1762614354,0, NVIDIA A10, GPU-359b21ab-3dbf-5646-ba1f-a513e3866c50, 8.6, 570.148.08, 72, 88, 88, 23028, 21029, 1571, 1485, 6251, 150.39, 150.00
1762614355,0, NVIDIA A10, GPU-359b21ab-3dbf-5646-ba1f-a513e3866c50, 8.6, 570.148.08, 73, 88, 87, 23028, 21029, 1571, 1470, 6251, 148.88, 150.00
1762614356,0, NVIDIA A10, GPU-359b21ab-3dbf-5646-ba1f-a513e3866c50, 8.6, 570.148.08, 73, 90, 90, 23028, 21029, 1571, 1500, 6251, 147.55, 150.00
1762614357,0, NVIDIA A10, GPU-359b21ab-3dbf-5646-ba1f-a513e3866c50, 8.6, 570.148.08, 72, 90, 86, 23028, 21029, 1571, 1485, 6251, 151.97, 150.00
1762614358,0, NVIDIA A10, GPU-359b21ab-3dbf-5646-ba1f-a513e3866c50, 8.6, 570.148.08, 72, 98, 47, 23028, 21029, 1571, 1305, 6251, 148.92, 150.00
1762614359,0, NVIDIA A10, GPU-359b21ab-3dbf-5646-ba1f-a513e3866c50, 8.6, 570.148.08, 72, 91, 89, 23028, 21029, 1571, 1380, 6251, 149.21, 150.00
1762614360,0, NVIDIA A10, GPU-359b21ab-3dbf-5646-ba1f-a513e3866c50, 8.6, 570.148.08, 73, 90, 89, 23028, 21029, 1571, 1485, 6251, 147.32, 150.00
1762614361,0, NVIDIA A10, GPU-359b21ab-3dbf-5646-ba1f-a513e3866c50, 8.6, 570.148.08, 73, 91, 91, 23028, 21029, 1571, 1470, 6251, 148.95, 150.00
1762614362,0, NVIDIA A10, GPU-359b21ab-3dbf-5646-ba1f-a513e3866c50, 8.6, 570.148.08, 73, 90, 90, 23028, 21029, 1571, 1470, 6251, 149.31, 150.00
1762614363,0, NVIDIA A10, GPU-359b21ab-3dbf-5646-ba1f-a513e3866c50, 8.6, 570.148.08, 73, 91, 91, 23028, 21029, 1571, 1470, 6251, 148.56, 150.00
1762614365,0, NVIDIA A10, GPU-359b21ab-3dbf-5646-ba1f-a513e3866c50, 8.6, 570.148.08, 73, 91, 91, 23028, 21029, 1571, 1500, 6251, 147.74, 150.00
1762614366,0, NVIDIA A10, GPU-359b21ab-3dbf-5646-ba1f-a513e3866c50, 8.6, 570.148.08, 73, 92, 92, 23028, 21029, 1571, 1500, 6251, 149.83, 150.00
1762614367,0, NVIDIA A10, GPU-359b21ab-3dbf-5646-ba1f-a513e3866c50, 8.6, 570.148.08, 73, 90, 91, 23028, 21029, 1571, 1485, 6251, 147.89, 150.00
1762614368,0, NVIDIA A10, GPU-359b21ab-3dbf-5646-ba1f-a513e3866c50, 8.6, 570.148.08, 73, 92, 92, 23028, 21029, 1571, 1470, 6251, 148.93, 150.00
1762614369,0, NVIDIA A10, GPU-359b21ab-3dbf-5646-ba1f-a513e3866c50, 8.6, 570.148.08, 73, 93, 91, 23028, 21029, 1571, 1425, 6251, 149.65, 150.00
1762614370,0, NVIDIA A10, GPU-359b21ab-3dbf-5646-ba1f-a513e3866c50, 8.6, 570.148.08, 73, 92, 93, 23028, 21029, 1571, 1455, 6251, 148.62, 150.00
1762614371,0, NVIDIA A10, GPU-359b21ab-3dbf-5646-ba1f-a513e3866c50, 8.6, 570.148.08, 73, 98, 48, 23028, 21029, 1571, 1170, 6251, 148.93, 150.00
1762614372,0, NVIDIA A10, GPU-359b21ab-3dbf-5646-ba1f-a513e3866c50, 8.6, 570.148.08, 73, 92, 90, 23028, 21029, 1571, 1410, 6251, 148.06, 150.00
1762614373,0, NVIDIA A10, GPU-359b21ab-3dbf-5646-ba1f-a513e3866c50, 8.6, 570.148.08, 73, 91, 90, 23028, 21029, 1571, 1470, 6251, 147.61, 150.00
1762614374,0, NVIDIA A10, GPU-359b21ab-3dbf-5646-ba1f-a513e3866c50, 8.6, 570.148.08, 73, 92, 92, 23028, 21029, 1571, 1455, 6251, 149.89, 150.00
1762614375,0, NVIDIA A10, GPU-359b21ab-3dbf-5646-ba1f-a513e3866c50, 8.6, 570.148.08, 73, 91, 91, 23028, 21029, 1571, 1455, 6251, 147.65, 150.00
1762614376,0, NVIDIA A10, GPU-359b21ab-3dbf-5646-ba1f-a513e3866c50, 8.6, 570.148.08, 73, 92, 91, 23028, 21029, 1571, 1470, 6251, 147.79, 150.00
1762614377,0, NVIDIA A10, GPU-359b21ab-3dbf-5646-ba1f-a513e3866c50, 8.6, 570.148.08, 73, 99, 48, 23028, 21029, 1571, 1320, 6251, 150.62, 150.00
1762614378,0, NVIDIA A10, GPU-359b21ab-3dbf-5646-ba1f-a513e3866c50, 8.6, 570.148.08, 73, 86, 85, 23028, 21029, 1571, 1470, 6251, 148.65, 150.00
1762614379,0, NVIDIA A10, GPU-359b21ab-3dbf-5646-ba1f-a513e3866c50, 8.6, 570.148.08, 73, 90, 89, 23028, 21029, 1571, 1485, 6251, 148.36, 150.00
1762614380,0, NVIDIA A10, GPU-359b21ab-3dbf-5646-ba1f-a513e3866c50, 8.6, 570.148.08, 73, 92, 92, 23028, 21029, 1571, 1455, 6251, 150.79, 150.00
1762614381,0, NVIDIA A10, GPU-359b21ab-3dbf-5646-ba1f-a513e3866c50, 8.6, 570.148.08, 73, 91, 90, 23028, 21029, 1571, 1455, 6251, 148.21, 150.00
1762614382,0, NVIDIA A10, GPU-359b21ab-3dbf-5646-ba1f-a513e3866c50, 8.6, 570.148.08, 73, 91, 88, 23028, 21029, 1571, 1470, 6251, 152.25, 150.00
1762614383,0, NVIDIA A10, GPU-359b21ab-3dbf-5646-ba1f-a513e3866c50, 8.6, 570.148.08, 73, 92, 91, 23028, 21029, 1571, 1455, 6251, 147.83, 150.00
1762614384,0, NVIDIA A10, GPU-359b21ab-3dbf-5646-ba1f-a513e3866c50, 8.6, 570.148.08, 74, 87, 85, 23028, 21029, 1571, 1500, 6251, 150.30, 150.00
1762614385,0, NVIDIA A10, GPU-359b21ab-3dbf-5646-ba1f-a513e3866c50, 8.6, 570.148.08, 73, 92, 92, 23028, 21029, 1571, 1455, 6251, 150.36, 150.00
1762614386,0, NVIDIA A10, GPU-359b21ab-3dbf-5646-ba1f-a513e3866c50, 8.6, 570.148.08, 73, 89, 76, 23028, 21029, 1571, 1470, 6251, 146.66, 150.00
1762614387,0, NVIDIA A10, GPU-359b21ab-3dbf-5646-ba1f-a513e3866c50, 8.6, 570.148.08, 74, 90, 89, 23028, 21029, 1571, 1455, 6251, 146.95, 150.00
1762614388,0, NVIDIA A10, GPU-359b21ab-3dbf-5646-ba1f-a513e3866c50, 8.6, 570.148.08, 74, 91, 90, 23028, 21029, 1571, 1470, 6251, 151.07, 150.00
1762614389,0, NVIDIA A10, GPU-359b21ab-3dbf-5646-ba1f-a513e3866c50, 8.6, 570.148.08, 74, 92, 80, 23028, 21029, 1571, 1020, 6251, 152.18, 150.00
1762614390,0, NVIDIA A10, GPU-359b21ab-3dbf-5646-ba1f-a513e3866c50, 8.6, 570.148.08, 74, 93, 75, 23028, 21029, 1571, 1410, 6251, 152.81, 150.00
1762614391,0, NVIDIA A10, GPU-359b21ab-3dbf-5646-ba1f-a513e3866c50, 8.6, 570.148.08, 73, 92, 90, 23028, 21029, 1571, 975, 6251, 148.19, 150.00
1762614392,0, NVIDIA A10, GPU-359b21ab-3dbf-5646-ba1f-a513e3866c50, 8.6, 570.148.08, 74, 93, 81, 23028, 21029, 1571, 1380, 6251, 151.64, 150.00
1762614393,0, NVIDIA A10, GPU-359b21ab-3dbf-5646-ba1f-a513e3866c50, 8.6, 570.148.08, 74, 91, 91, 23028, 21029, 1571, 1365, 6251, 153.23, 150.00
1762614394,0, NVIDIA A10, GPU-359b21ab-3dbf-5646-ba1f-a513e3866c50, 8.6, 570.148.08, 74, 91, 90, 23028, 21029, 1571, 1410, 6251, 153.09, 150.00
1762614395,0, NVIDIA A10, GPU-359b21ab-3dbf-5646-ba1f-a513e3866c50, 8.6, 570.148.08, 74, 87, 86, 23028, 21029, 1571, 1470, 6251, 146.53, 150.00
1762614396,0, NVIDIA A10, GPU-359b21ab-3dbf-5646-ba1f-a513e3866c50, 8.6, 570.148.08, 74, 94, 59, 23028, 21029, 1571, 1035, 6251, 147.90, 150.00
1762614398,0, NVIDIA A10, GPU-359b21ab-3dbf-5646-ba1f-a513e3866c50, 8.6, 570.148.08, 74, 88, 87, 23028, 21029, 1571, 1350, 6251, 148.36, 150.00
1762614399,0, NVIDIA A10, GPU-359b21ab-3dbf-5646-ba1f-a513e3866c50, 8.6, 570.148.08, 74, 91, 89, 23028, 21029, 1571, 1455, 6251, 146.87, 150.00
1762614400,0, NVIDIA A10, GPU-359b21ab-3dbf-5646-ba1f-a513e3866c50, 8.6, 570.148.08, 74, 92, 90, 23028, 21029, 1571, 1395, 6251, 149.86, 150.00
1762614401,0, NVIDIA A10, GPU-359b21ab-3dbf-5646-ba1f-a513e3866c50, 8.6, 570.148.08, 74, 90, 90, 23028, 21029, 1571, 1455, 6251, 149.52, 150.00
1762614402,0, NVIDIA A10, GPU-359b21ab-3dbf-5646-ba1f-a513e3866c50, 8.6, 570.148.08, 74, 90, 90, 23028, 21029, 1571, 1470, 6251, 151.88, 150.00
1762614403,0, NVIDIA A10, GPU-359b21ab-3dbf-5646-ba1f-a513e3866c50, 8.6, 570.148.08, 74, 91, 91, 23028, 21029, 1571, 1470, 6251, 150.24, 150.00
1762614404,0, NVIDIA A10, GPU-359b21ab-3dbf-5646-ba1f-a513e3866c50, 8.6, 570.148.08, 74, 91, 91, 23028, 21029, 1571, 1470, 6251, 150.27, 150.00
1762614405,0, NVIDIA A10, GPU-359b21ab-3dbf-5646-ba1f-a513e3866c50, 8.6, 570.148.08, 74, 91, 91, 23028, 21029, 1571, 1470, 6251, 149.24, 150.00
1762614406,0, NVIDIA A10, GPU-359b21ab-3dbf-5646-ba1f-a513e3866c50, 8.6, 570.148.08, 74, 92, 91, 23028, 21029, 1571, 1425, 6251, 149.56, 150.00
1762614407,0, NVIDIA A10, GPU-359b21ab-3dbf-5646-ba1f-a513e3866c50, 8.6, 570.148.08, 74, 92, 92, 23028, 21029, 1571, 1410, 6251, 151.28, 150.00
1762614408,0, NVIDIA A10, GPU-359b21ab-3dbf-5646-ba1f-a513e3866c50, 8.6, 570.148.08, 74, 91, 90, 23028, 21029, 1571, 1380, 6251, 147.79, 150.00
1762614409,0, NVIDIA A10, GPU-359b21ab-3dbf-5646-ba1f-a513e3866c50, 8.6, 570.148.08, 74, 91, 90, 23028, 21029, 1571, 1365, 6251, 147.45, 150.00
1762614410,0, NVIDIA A10, GPU-359b21ab-3dbf-5646-ba1f-a513e3866c50, 8.6, 570.148.08, 74, 91, 91, 23028, 21029, 1571, 1440, 6251, 151.01, 150.00
1762614411,0, NVIDIA A10, GPU-359b21ab-3dbf-5646-ba1f-a513e3866c50, 8.6, 570.148.08, 74, 91, 92, 23028, 21029, 1571, 1440, 6251, 148.12, 150.00
1762614412,0, NVIDIA A10, GPU-359b21ab-3dbf-5646-ba1f-a513e3866c50, 8.6, 570.148.08, 74, 92, 92, 23028, 21029, 1571, 1425, 6251, 151.21, 150.00
1762614413,0, NVIDIA A10, GPU-359b21ab-3dbf-5646-ba1f-a513e3866c50, 8.6, 570.148.08, 74, 92, 92, 23028, 21029, 1571, 1455, 6251, 147.40, 150.00
1762614414,0, NVIDIA A10, GPU-359b21ab-3dbf-5646-ba1f-a513e3866c50, 8.6, 570.148.08, 74, 90, 89, 23028, 21029, 1571, 1455, 6251, 150.06, 150.00
1762614415,0, NVIDIA A10, GPU-359b21ab-3dbf-5646-ba1f-a513e3866c50, 8.6, 570.148.08, 74, 87, 87, 23028, 21029, 1571, 1470, 6251, 147.46, 150.00
1762614416,0, NVIDIA A10, GPU-359b21ab-3dbf-5646-ba1f-a513e3866c50, 8.6, 570.148.08, 73, 36, 35, 23028, 21029, 1571, 1680, 6251, 142.47, 150.00
1762614417,0, NVIDIA A10, GPU-359b21ab-3dbf-5646-ba1f-a513e3866c50, 8.6, 570.148.08, 71, 0, 0, 23028, 21029, 1571, 1695, 6251, 84.30, 150.00
1762614418,0, NVIDIA A10, GPU-359b21ab-3dbf-5646-ba1f-a513e3866c50, 8.6, 570.148.08, 71, 100, 10, 23028, 3, 22596, 1695, 6251, 82.46, 150.00
1762614419,0, NVIDIA A10, GPU-359b21ab-3dbf-5646-ba1f-a513e3866c50, 8.6, 570.148.08, 70, 0, 0, 23028, 0, 22599, 1695, 6251, 78.96, 150.00
