ts_unix,index,name,uuid,compute_cap,driver_version,temperature.gpu,utilization.gpu,utilization.memory,memory.total,memory.used,memory.free,clocks.sm,clocks.mem,power.draw,power.limit
1762627970,0, NVIDIA A10, GPU-359b21ab-3dbf-5646-ba1f-a513e3866c50, 8.6, 570.148.08, 33, 0, 0, 23028, 0, 22599, 1065, 6251, 28.34, 150.00
1762627971,0, NVIDIA A10, GPU-359b21ab-3dbf-5646-ba1f-a513e3866c50, 8.6, 570.148.08, 34, 0, 0, 23028, 0, 22599, 1065, 6251, 41.25, 150.00
1762627972,0, NVIDIA A10, GPU-359b21ab-3dbf-5646-ba1f-a513e3866c50, 8.6, 570.148.08, 33, 0, 0, 23028, 0, 22599, 210, 405, 28.63, 150.00
1762627973,0, NVIDIA A10, GPU-359b21ab-3dbf-5646-ba1f-a513e3866c50, 8.6, 570.148.08, 33, 0, 0, 23028, 0, 22599, 210, 405, 15.72, 150.00
1762627974,0, NVIDIA A10, GPU-359b21ab-3dbf-5646-ba1f-a513e3866c50, 8.6, 570.148.08, 33, 0, 0, 23028, 0, 22599, 210, 405, 15.67, 150.00
1762627975,0, NVIDIA A10, GPU-359b21ab-3dbf-5646-ba1f-a513e3866c50, 8.6, 570.148.08, 33, 0, 0, 23028, 0, 22599, 210, 405, 15.67, 150.00
1762627976,0, NVIDIA A10, GPU-359b21ab-3dbf-5646-ba1f-a513e3866c50, 8.6, 570.148.08, 33, 0, 0, 23028, 0, 22599, 210, 405, 15.72, 150.00
1762627977,0, NVIDIA A10, GPU-359b21ab-3dbf-5646-ba1f-a513e3866c50, 8.6, 570.148.08, 33, 0, 0, 23028, 0, 22599, 210, 405, 15.77, 150.00
1762627978,0, NVIDIA A10, GPU-359b21ab-3dbf-5646-ba1f-a513e3866c50, 8.6, 570.148.08, 33, 0, 0, 23028, 0, 22599, 210, 405, 15.73, 150.00
1762627979,0, NVIDIA A10, GPU-359b21ab-3dbf-5646-ba1f-a513e3866c50, 8.6, 570.148.08, 33, 0, 0, 23028, 0, 22599, 210, 405, 15.67, 150.00
1762627980,0, NVIDIA A10, GPU-359b21ab-3dbf-5646-ba1f-a513e3866c50, 8.6, 570.148.08, 33, 0, 0, 23028, 0, 22599, 210, 405, 15.72, 150.00
1762627981,0, NVIDIA A10, GPU-359b21ab-3dbf-5646-ba1f-a513e3866c50, 8.6, 570.148.08, 33, 0, 0, 23028, 0, 22599, 210, 405, 15.72, 150.00
1762627982,0, NVIDIA A10, GPU-359b21ab-3dbf-5646-ba1f-a513e3866c50, 8.6, 570.148.08, 33, 0, 0, 23028, 0, 22599, 210, 405, 15.68, 150.00
1762627984,0, NVIDIA A10, GPU-359b21ab-3dbf-5646-ba1f-a513e3866c50, 8.6, 570.148.08, 33, 0, 0, 23028, 0, 22599, 210, 405, 15.73, 150.00
1762627985,0, NVIDIA A10, GPU-359b21ab-3dbf-5646-ba1f-a513e3866c50, 8.6, 570.148.08, 34, 0, 0, 23028, 2725, 19875, 1695, 6251, 34.19, 150.00
1762627986,0, NVIDIA A10, GPU-359b21ab-3dbf-5646-ba1f-a513e3866c50, 8.6, 570.148.08, 35, 14, 1, 23028, 2725, 19875, 1695, 6251, 56.23, 150.00
1762627987,0, NVIDIA A10, GPU-359b21ab-3dbf-5646-ba1f-a513e3866c50, 8.6, 570.148.08, 35, 0, 0, 23028, 2725, 19875, 1695, 6251, 55.61, 150.00
1762627988,0, NVIDIA A10, GPU-359b21ab-3dbf-5646-ba1f-a513e3866c50, 8.6, 570.148.08, 35, 0, 0, 23028, 2725, 19875, 1695, 6251, 55.28, 150.00
1762627989,0, NVIDIA A10, GPU-359b21ab-3dbf-5646-ba1f-a513e3866c50, 8.6, 570.148.08, 35, 0, 0, 23028, 2725, 19875, 1695, 6251, 55.43, 150.00
1762627990,0, NVIDIA A10, GPU-359b21ab-3dbf-5646-ba1f-a513e3866c50, 8.6, 570.148.08, 36, 0, 0, 23028, 2725, 19875, 1695, 6251, 55.61, 150.00
1762627991,0, NVIDIA A10, GPU-359b21ab-3dbf-5646-ba1f-a513e3866c50, 8.6, 570.148.08, 37, 0, 0, 23028, 4299, 18301, 1680, 6251, 73.52, 150.00
1762627992,0, NVIDIA A10, GPU-359b21ab-3dbf-5646-ba1f-a513e3866c50, 8.6, 570.148.08, 40, 63, 40, 23028, 19605, 2995, 1485, 6251, 90.11, 150.00
1762627993,0, NVIDIA A10, GPU-359b21ab-3dbf-5646-ba1f-a513e3866c50, 8.6, 570.148.08, 39, 26, 24, 23028, 19783, 2817, 1695, 6251, 122.47, 150.00
1762627994,0, NVIDIA A10, GPU-359b21ab-3dbf-5646-ba1f-a513e3866c50, 8.6, 570.148.08, 38, 0, 0, 23028, 21037, 1563, 1680, 6251, 92.86, 150.00
1762627995,0, NVIDIA A10, GPU-359b21ab-3dbf-5646-ba1f-a513e3866c50, 8.6, 570.148.08, 40, 92, 93, 23028, 21037, 1563, 1665, 6251, 85.04, 150.00
1762627996,0, NVIDIA A10, GPU-359b21ab-3dbf-5646-ba1f-a513e3866c50, 8.6, 570.148.08, 43, 92, 93, 23028, 21037, 1563, 1635, 6251, 152.75, 150.00
1762627997,0, NVIDIA A10, GPU-359b21ab-3dbf-5646-ba1f-a513e3866c50, 8.6, 570.148.08, 43, 92, 93, 23028, 21037, 1563, 1605, 6251, 151.20, 150.00
1762627998,0, NVIDIA A10, GPU-359b21ab-3dbf-5646-ba1f-a513e3866c50, 8.6, 570.148.08, 44, 92, 93, 23028, 21037, 1563, 1635, 6251, 147.81, 150.00
1762627999,0, NVIDIA A10, GPU-359b21ab-3dbf-5646-ba1f-a513e3866c50, 8.6, 570.148.08, 45, 91, 93, 23028, 21037, 1563, 1605, 6251, 148.82, 150.00
1762628000,0, NVIDIA A10, GPU-359b21ab-3dbf-5646-ba1f-a513e3866c50, 8.6, 570.148.08, 46, 92, 93, 23028, 21037, 1563, 1275, 6251, 147.98, 150.00
1762628001,0, NVIDIA A10, GPU-359b21ab-3dbf-5646-ba1f-a513e3866c50, 8.6, 570.148.08, 46, 92, 92, 23028, 21037, 1563, 1620, 6251, 145.27, 150.00
1762628002,0, NVIDIA A10, GPU-359b21ab-3dbf-5646-ba1f-a513e3866c50, 8.6, 570.148.08, 47, 92, 93, 23028, 21037, 1563, 1620, 6251, 148.67, 150.00
1762628003,0, NVIDIA A10, GPU-359b21ab-3dbf-5646-ba1f-a513e3866c50, 8.6, 570.148.08, 48, 92, 93, 23028, 21037, 1563, 1605, 6251, 148.84, 150.00
1762628004,0, NVIDIA A10, GPU-359b21ab-3dbf-5646-ba1f-a513e3866c50, 8.6, 570.148.08, 48, 92, 93, 23028, 21037, 1563, 1605, 6251, 150.41, 150.00
1762628005,0, NVIDIA A10, GPU-359b21ab-3dbf-5646-ba1f-a513e3866c50, 8.6, 570.148.08, 49, 92, 93, 23028, 21037, 1563, 1575, 6251, 152.96, 150.00
1762628006,0, NVIDIA A10, GPU-359b21ab-3dbf-5646-ba1f-a513e3866c50, 8.6, 570.148.08, 49, 92, 93, 23028, 21037, 1563, 1605, 6251, 154.14, 150.00
1762628007,0, NVIDIA A10, GPU-359b21ab-3dbf-5646-ba1f-a513e3866c50, 8.6, 570.148.08, 50, 92, 81, 23028, 21037, 1563, 1530, 6251, 155.62, 150.00
1762628008,0, NVIDIA A10, GPU-359b21ab-3dbf-5646-ba1f-a513e3866c50, 8.6, 570.148.08, 50, 92, 93, 23028, 21037, 1563, 1605, 6251, 149.48, 150.00
1762628009,0, NVIDIA A10, GPU-359b21ab-3dbf-5646-ba1f-a513e3866c50, 8.6, 570.148.08, 51, 92, 92, 23028, 21037, 1563, 1590, 6251, 148.81, 150.00
1762628010,0, NVIDIA A10, GPU-359b21ab-3dbf-5646-ba1f-a513e3866c50, 8.6, 570.148.08, 51, 92, 92, 23028, 21037, 1563, 1575, 6251, 148.48, 150.00
1762628011,0, NVIDIA A10, GPU-359b21ab-3dbf-5646-ba1f-a513e3866c50, 8.6, 570.148.08, 52, 92, 93, 23028, 21037, 1563, 1620, 6251, 148.23, 150.00
1762628012,0, NVIDIA A10, GPU-359b21ab-3dbf-5646-ba1f-a513e3866c50, 8.6, 570.148.08, 52, 92, 93, 23028, 21037, 1563, 1605, 6251, 147.60, 150.00
1762628013,0, NVIDIA A10, GPU-359b21ab-3dbf-5646-ba1f-a513e3866c50, 8.6, 570.148.08, 53, 92, 93, 23028, 21037, 1563, 1260, 6251, 147.15, 150.00
1762628014,0, NVIDIA A10, GPU-359b21ab-3dbf-5646-ba1f-a513e3866c50, 8.6, 570.148.08, 53, 92, 92, 23028, 21037, 1563, 1605, 6251, 145.58, 150.00
1762628015,0, NVIDIA A10, GPU-359b21ab-3dbf-5646-ba1f-a513e3866c50, 8.6, 570.148.08, 53, 92, 92, 23028, 21037, 1563, 1620, 6251, 148.67, 150.00
1762628016,0, NVIDIA A10, GPU-359b21ab-3dbf-5646-ba1f-a513e3866c50, 8.6, 570.148.08, 54, 92, 92, 23028, 21037, 1563, 1605, 6251, 148.06, 150.00
1762628017,0, NVIDIA A10, GPU-359b21ab-3dbf-5646-ba1f-a513e3866c50, 8.6, 570.148.08, 54, 92, 92, 23028, 21037, 1563, 1590, 6251, 149.35, 150.00
1762628018,0, NVIDIA A10, GPU-359b21ab-3dbf-5646-ba1f-a513e3866c50, 8.6, 570.148.08, 54, 92, 92, 23028, 21037, 1563, 1590, 6251, 151.31, 150.00
1762628020,0, NVIDIA A10, GPU-359b21ab-3dbf-5646-ba1f-a513e3866c50, 8.6, 570.148.08, 55, 92, 92, 23028, 21037, 1563, 1605, 6251, 152.89, 150.00
1762628021,0, NVIDIA A10, GPU-359b21ab-3dbf-5646-ba1f-a513e3866c50, 8.6, 570.148.08, 55, 94, 83, 23028, 21037, 1563, 1485, 6251, 148.35, 150.00
1762628022,0, NVIDIA A10, GPU-359b21ab-3dbf-5646-ba1f-a513e3866c50, 8.6, 570.148.08, 56, 92, 92, 23028, 21037, 1563, 1590, 6251, 149.53, 150.00
1762628023,0, NVIDIA A10, GPU-359b21ab-3dbf-5646-ba1f-a513e3866c50, 8.6, 570.148.08, 56, 93, 93, 23028, 21037, 1563, 1590, 6251, 149.05, 150.00
1762628024,0, NVIDIA A10, GPU-359b21ab-3dbf-5646-ba1f-a513e3866c50, 8.6, 570.148.08, 56, 93, 93, 23028, 21037, 1563, 1575, 6251, 148.57, 150.00
1762628025,0, NVIDIA A10, GPU-359b21ab-3dbf-5646-ba1f-a513e3866c50, 8.6, 570.148.08, 56, 93, 93, 23028, 21037, 1563, 1575, 6251, 152.33, 150.00
1762628026,0, NVIDIA A10, GPU-359b21ab-3dbf-5646-ba1f-a513e3866c50, 8.6, 570.148.08, 57, 92, 92, 23028, 21037, 1563, 1575, 6251, 148.81, 150.00
1762628027,0, NVIDIA A10, GPU-359b21ab-3dbf-5646-ba1f-a513e3866c50, 8.6, 570.148.08, 57, 93, 93, 23028, 21037, 1563, 1575, 6251, 153.09, 150.00
1762628028,0, NVIDIA A10, GPU-359b21ab-3dbf-5646-ba1f-a513e3866c50, 8.6, 570.148.08, 58, 94, 82, 23028, 21037, 1563, 1515, 6251, 153.23, 150.00
1762628029,0, NVIDIA A10, GPU-359b21ab-3dbf-5646-ba1f-a513e3866c50, 8.6, 570.148.08, 58, 93, 92, 23028, 21037, 1563, 1575, 6251, 150.53, 150.00
1762628030,0, NVIDIA A10, GPU-359b21ab-3dbf-5646-ba1f-a513e3866c50, 8.6, 570.148.08, 58, 93, 93, 23028, 21037, 1563, 1575, 6251, 153.79, 150.00
1762628031,0, NVIDIA A10, GPU-359b21ab-3dbf-5646-ba1f-a513e3866c50, 8.6, 570.148.08, 58, 93, 93, 23028, 21037, 1563, 1560, 6251, 153.96, 150.00
1762628032,0, NVIDIA A10, GPU-359b21ab-3dbf-5646-ba1f-a513e3866c50, 8.6, 570.148.08, 58, 92, 93, 23028, 21037, 1563, 1575, 6251, 153.20, 150.00
1762628033,0, NVIDIA A10, GPU-359b21ab-3dbf-5646-ba1f-a513e3866c50, 8.6, 570.148.08, 59, 93, 93, 23028, 21037, 1563, 1560, 6251, 151.94, 150.00
1762628034,0, NVIDIA A10, GPU-359b21ab-3dbf-5646-ba1f-a513e3866c50, 8.6, 570.148.08, 59, 93, 93, 23028, 21037, 1563, 1305, 6251, 152.98, 150.00
1762628035,0, NVIDIA A10, GPU-359b21ab-3dbf-5646-ba1f-a513e3866c50, 8.6, 570.148.08, 59, 93, 89, 23028, 21037, 1563, 1515, 6251, 155.84, 150.00
1762628036,0, NVIDIA A10, GPU-359b21ab-3dbf-5646-ba1f-a513e3866c50, 8.6, 570.148.08, 59, 93, 92, 23028, 21037, 1563, 1545, 6251, 151.77, 150.00
1762628037,0, NVIDIA A10, GPU-359b21ab-3dbf-5646-ba1f-a513e3866c50, 8.6, 570.148.08, 59, 92, 92, 23028, 21037, 1563, 1560, 6251, 151.92, 150.00
1762628038,0, NVIDIA A10, GPU-359b21ab-3dbf-5646-ba1f-a513e3866c50, 8.6, 570.148.08, 60, 92, 93, 23028, 21037, 1563, 1575, 6251, 152.39, 150.00
1762628039,0, NVIDIA A10, GPU-359b21ab-3dbf-5646-ba1f-a513e3866c50, 8.6, 570.148.08, 60, 93, 93, 23028, 21037, 1563, 1575, 6251, 151.46, 150.00
1762628040,0, NVIDIA A10, GPU-359b21ab-3dbf-5646-ba1f-a513e3866c50, 8.6, 570.148.08, 58, 100, 10, 23028, 0, 22599, 1695, 6251, 92.82, 150.00
1762628041,0, NVIDIA A10, GPU-359b21ab-3dbf-5646-ba1f-a513e3866c50, 8.6, 570.148.08, 57, 0, 0, 23028, 0, 22599, 1695, 6251, 65.97, 150.00
1762628042,0, NVIDIA A10, GPU-359b21ab-3dbf-5646-ba1f-a513e3866c50, 8.6, 570.148.08, 56, 0, 0, 23028, 0, 22599, 345, 6251, 47.26, 150.00
1762628043,0, NVIDIA A10, GPU-359b21ab-3dbf-5646-ba1f-a513e3866c50, 8.6, 570.148.08, 55, 0, 0, 23028, 0, 22599, 225, 6251, 45.14, 150.00
1762628044,0, NVIDIA A10, GPU-359b21ab-3dbf-5646-ba1f-a513e3866c50, 8.6, 570.148.08, 54, 0, 0, 23028, 0, 22599, 210, 6251, 44.72, 150.00
1762628045,0, NVIDIA A10, GPU-359b21ab-3dbf-5646-ba1f-a513e3866c50, 8.6, 570.148.08, 54, 0, 0, 23028, 0, 22599, 210, 6251, 44.59, 150.00
1762628046,0, NVIDIA A10, GPU-359b21ab-3dbf-5646-ba1f-a513e3866c50, 8.6, 570.148.08, 53, 0, 0, 23028, 0, 22599, 210, 6251, 44.44, 150.00
1762628047,0, NVIDIA A10, GPU-359b21ab-3dbf-5646-ba1f-a513e3866c50, 8.6, 570.148.08, 53, 0, 0, 23028, 0, 22599, 210, 6251, 44.30, 150.00
1762628048,0, NVIDIA A10, GPU-359b21ab-3dbf-5646-ba1f-a513e3866c50, 8.6, 570.148.08, 52, 0, 0, 23028, 0, 22599, 210, 405, 30.78, 150.00
1762628049,0, NVIDIA A10, GPU-359b21ab-3dbf-5646-ba1f-a513e3866c50, 8.6, 570.148.08, 52, 0, 0, 23028, 0, 22599, 210, 405, 17.21, 150.00
1762628050,0, NVIDIA A10, GPU-359b21ab-3dbf-5646-ba1f-a513e3866c50, 8.6, 570.148.08, 51, 0, 0, 23028, 0, 22599, 210, 405, 17.11, 150.00
1762628051,0, NVIDIA A10, GPU-359b21ab-3dbf-5646-ba1f-a513e3866c50, 8.6, 570.148.08, 51, 0, 0, 23028, 0, 22599, 210, 405, 17.02, 150.00
1762628052,0, NVIDIA A10, GPU-359b21ab-3dbf-5646-ba1f-a513e3866c50, 8.6, 570.148.08, 50, 0, 0, 23028, 0, 22599, 210, 405, 16.92, 150.00
1762628053,0, NVIDIA A10, GPU-359b21ab-3dbf-5646-ba1f-a513e3866c50, 8.6, 570.148.08, 50, 0, 0, 23028, 0, 22599, 210, 405, 16.92, 150.00
1762628054,0, NVIDIA A10, GPU-359b21ab-3dbf-5646-ba1f-a513e3866c50, 8.6, 570.148.08, 50, 1, 0, 23028, 275, 22325, 1680, 6251, 23.66, 150.00
1762628055,0, NVIDIA A10, GPU-359b21ab-3dbf-5646-ba1f-a513e3866c50, 8.6, 570.148.08, 51, 0, 0, 23028, 3227, 19373, 1695, 6251, 61.60, 150.00
1762628057,0, NVIDIA A10, GPU-359b21ab-3dbf-5646-ba1f-a513e3866c50, 8.6, 570.148.08, 51, 0, 0, 23028, 2725, 19875, 1695, 6251, 62.72, 150.00
1762628058,0, NVIDIA A10, GPU-359b21ab-3dbf-5646-ba1f-a513e3866c50, 8.6, 570.148.08, 51, 0, 0, 23028, 2725, 19875, 1695, 6251, 62.27, 150.00
1762628059,0, NVIDIA A10, GPU-359b21ab-3dbf-5646-ba1f-a513e3866c50, 8.6, 570.148.08, 51, 0, 0, 23028, 2725, 19875, 1695, 6251, 61.68, 150.00
1762628060,0, NVIDIA A10, GPU-359b21ab-3dbf-5646-ba1f-a513e3866c50, 8.6, 570.148.08, 51, 0, 0, 23028, 2725, 19875, 1695, 6251, 61.49, 150.00
1762628061,0, NVIDIA A10, GPU-359b21ab-3dbf-5646-ba1f-a513e3866c50, 8.6, 570.148.08, 53, 22, 14, 23028, 3417, 19183, 1200, 6251, 73.64, 150.00
1762628062,0, NVIDIA A10, GPU-359b21ab-3dbf-5646-ba1f-a513e3866c50, 8.6, 570.148.08, 52, 0, 0, 23028, 19445, 3155, 1695, 6251, 80.58, 150.00
1762628063,0, NVIDIA A10, GPU-359b21ab-3dbf-5646-ba1f-a513e3866c50, 8.6, 570.148.08, 55, 40, 39, 23028, 19685, 2915, 1665, 6251, 135.99, 150.00
1762628064,0, NVIDIA A10, GPU-359b21ab-3dbf-5646-ba1f-a513e3866c50, 8.6, 570.148.08, 53, 4, 4, 23028, 19839, 2761, 1695, 6251, 116.35, 150.00
1762628065,0, NVIDIA A10, GPU-359b21ab-3dbf-5646-ba1f-a513e3866c50, 8.6, 570.148.08, 52, 0, 0, 23028, 21037, 1563, 1695, 6251, 63.11, 150.00
1762628066,0, NVIDIA A10, GPU-359b21ab-3dbf-5646-ba1f-a513e3866c50, 8.6, 570.148.08, 56, 92, 92, 23028, 21037, 1563, 1515, 6251, 144.06, 150.00
1762628067,0, NVIDIA A10, GPU-359b21ab-3dbf-5646-ba1f-a513e3866c50, 8.6, 570.148.08, 57, 92, 92, 23028, 21037, 1563, 1200, 6251, 147.54, 150.00
1762628068,0, NVIDIA A10, GPU-359b21ab-3dbf-5646-ba1f-a513e3866c50, 8.6, 570.148.08, 57, 93, 77, 23028, 21037, 1563, 1125, 6251, 149.57, 150.00
1762628069,0, NVIDIA A10, GPU-359b21ab-3dbf-5646-ba1f-a513e3866c50, 8.6, 570.148.08, 57, 95, 60, 23028, 21037, 1563, 1500, 6251, 148.93, 150.00
1762628070,0, NVIDIA A10, GPU-359b21ab-3dbf-5646-ba1f-a513e3866c50, 8.6, 570.148.08, 57, 92, 90, 23028, 21037, 1563, 1575, 6251, 150.32, 150.00
1762628071,0, NVIDIA A10, GPU-359b21ab-3dbf-5646-ba1f-a513e3866c50, 8.6, 570.148.08, 58, 92, 91, 23028, 21037, 1563, 1590, 6251, 149.30, 150.00
1762628072,0, NVIDIA A10, GPU-359b21ab-3dbf-5646-ba1f-a513e3866c50, 8.6, 570.148.08, 58, 92, 92, 23028, 21037, 1563, 1590, 6251, 148.21, 150.00
1762628073,0, NVIDIA A10, GPU-359b21ab-3dbf-5646-ba1f-a513e3866c50, 8.6, 570.148.08, 59, 92, 92, 23028, 21037, 1563, 1575, 6251, 152.30, 150.00
1762628074,0, NVIDIA A10, GPU-359b21ab-3dbf-5646-ba1f-a513e3866c50, 8.6, 570.148.08, 59, 92, 92, 23028, 21037, 1563, 1575, 6251, 148.94, 150.00
1762628075,0, NVIDIA A10, GPU-359b21ab-3dbf-5646-ba1f-a513e3866c50, 8.6, 570.148.08, 59, 92, 92, 23028, 21037, 1563, 1575, 6251, 147.78, 150.00
1762628076,0, NVIDIA A10, GPU-359b21ab-3dbf-5646-ba1f-a513e3866c50, 8.6, 570.148.08, 59, 92, 92, 23028, 21037, 1563, 1575, 6251, 150.14, 150.00
1762628077,0, NVIDIA A10, GPU-359b21ab-3dbf-5646-ba1f-a513e3866c50, 8.6, 570.148.08, 60, 92, 92, 23028, 21037, 1563, 1575, 6251, 149.06, 150.00
1762628078,0, NVIDIA A10, GPU-359b21ab-3dbf-5646-ba1f-a513e3866c50, 8.6, 570.148.08, 60, 92, 92, 23028, 21037, 1563, 1575, 6251, 148.19, 150.00
1762628079,0, NVIDIA A10, GPU-359b21ab-3dbf-5646-ba1f-a513e3866c50, 8.6, 570.148.08, 60, 92, 92, 23028, 21037, 1563, 1560, 6251, 151.66, 150.00
1762628080,0, NVIDIA A10, GPU-359b21ab-3dbf-5646-ba1f-a513e3866c50, 8.6, 570.148.08, 61, 92, 91, 23028, 21037, 1563, 1560, 6251, 147.72, 150.00
1762628081,0, NVIDIA A10, GPU-359b21ab-3dbf-5646-ba1f-a513e3866c50, 8.6, 570.148.08, 61, 92, 92, 23028, 21037, 1563, 1515, 6251, 147.10, 150.00
1762628082,0, NVIDIA A10, GPU-359b21ab-3dbf-5646-ba1f-a513e3866c50, 8.6, 570.148.08, 61, 91, 91, 23028, 21037, 1563, 885, 6251, 152.04, 150.00
1762628083,0, NVIDIA A10, GPU-359b21ab-3dbf-5646-ba1f-a513e3866c50, 8.6, 570.148.08, 62, 95, 59, 23028, 21037, 1563, 1125, 6251, 145.60, 150.00
1762628084,0, NVIDIA A10, GPU-359b21ab-3dbf-5646-ba1f-a513e3866c50, 8.6, 570.148.08, 61, 95, 66, 23028, 21037, 1563, 1425, 6251, 149.29, 150.00
1762628085,0, NVIDIA A10, GPU-359b21ab-3dbf-5646-ba1f-a513e3866c50, 8.6, 570.148.08, 62, 93, 83, 23028, 21037, 1563, 1560, 6251, 145.72, 150.00
1762628086,0, NVIDIA A10, GPU-359b21ab-3dbf-5646-ba1f-a513e3866c50, 8.6, 570.148.08, 62, 92, 92, 23028, 21037, 1563, 1560, 6251, 147.50, 150.00
1762628087,0, NVIDIA A10, GPU-359b21ab-3dbf-5646-ba1f-a513e3866c50, 8.6, 570.148.08, 62, 92, 91, 23028, 21037, 1563, 1560, 6251, 151.12, 150.00
1762628088,0, NVIDIA A10, GPU-359b21ab-3dbf-5646-ba1f-a513e3866c50, 8.6, 570.148.08, 62, 92, 91, 23028, 21037, 1563, 1560, 6251, 148.16, 150.00
1762628089,0, NVIDIA A10, GPU-359b21ab-3dbf-5646-ba1f-a513e3866c50, 8.6, 570.148.08, 63, 92, 92, 23028, 21037, 1563, 1560, 6251, 151.32, 150.00
1762628090,0, NVIDIA A10, GPU-359b21ab-3dbf-5646-ba1f-a513e3866c50, 8.6, 570.148.08, 63, 92, 92, 23028, 21037, 1563, 1545, 6251, 150.61, 150.00
1762628091,0, NVIDIA A10, GPU-359b21ab-3dbf-5646-ba1f-a513e3866c50, 8.6, 570.148.08, 63, 92, 92, 23028, 21037, 1563, 1560, 6251, 148.25, 150.00
1762628093,0, NVIDIA A10, GPU-359b21ab-3dbf-5646-ba1f-a513e3866c50, 8.6, 570.148.08, 63, 92, 91, 23028, 21037, 1563, 1545, 6251, 148.03, 150.00
1762628094,0, NVIDIA A10, GPU-359b21ab-3dbf-5646-ba1f-a513e3866c50, 8.6, 570.148.08, 64, 93, 92, 23028, 21037, 1563, 1545, 6251, 151.97, 150.00
1762628095,0, NVIDIA A10, GPU-359b21ab-3dbf-5646-ba1f-a513e3866c50, 8.6, 570.148.08, 64, 92, 92, 23028, 21037, 1563, 1545, 6251, 149.52, 150.00
1762628096,0, NVIDIA A10, GPU-359b21ab-3dbf-5646-ba1f-a513e3866c50, 8.6, 570.148.08, 64, 92, 91, 23028, 21037, 1563, 1560, 6251, 147.91, 150.00
1762628097,0, NVIDIA A10, GPU-359b21ab-3dbf-5646-ba1f-a513e3866c50, 8.6, 570.148.08, 64, 92, 91, 23028, 21037, 1563, 1530, 6251, 152.29, 150.00
1762628098,0, NVIDIA A10, GPU-359b21ab-3dbf-5646-ba1f-a513e3866c50, 8.6, 570.148.08, 64, 90, 88, 23028, 21037, 1563, 840, 6251, 149.06, 150.00
1762628099,0, NVIDIA A10, GPU-359b21ab-3dbf-5646-ba1f-a513e3866c50, 8.6, 570.148.08, 65, 93, 75, 23028, 21037, 1563, 1215, 6251, 149.82, 150.00
1762628100,0, NVIDIA A10, GPU-359b21ab-3dbf-5646-ba1f-a513e3866c50, 8.6, 570.148.08, 64, 92, 88, 23028, 21037, 1563, 1515, 6251, 146.67, 150.00
1762628101,0, NVIDIA A10, GPU-359b21ab-3dbf-5646-ba1f-a513e3866c50, 8.6, 570.148.08, 65, 92, 90, 23028, 21037, 1563, 1545, 6251, 149.52, 150.00
1762628102,0, NVIDIA A10, GPU-359b21ab-3dbf-5646-ba1f-a513e3866c50, 8.6, 570.148.08, 65, 93, 91, 23028, 21037, 1563, 1545, 6251, 150.01, 150.00
1762628103,0, NVIDIA A10, GPU-359b21ab-3dbf-5646-ba1f-a513e3866c50, 8.6, 570.148.08, 65, 92, 91, 23028, 21037, 1563, 1545, 6251, 148.48, 150.00
1762628104,0, NVIDIA A10, GPU-359b21ab-3dbf-5646-ba1f-a513e3866c50, 8.6, 570.148.08, 65, 92, 91, 23028, 21037, 1563, 1545, 6251, 151.00, 150.00
1762628105,0, NVIDIA A10, GPU-359b21ab-3dbf-5646-ba1f-a513e3866c50, 8.6, 570.148.08, 66, 92, 91, 23028, 21037, 1563, 1545, 6251, 151.63, 150.00
1762628106,0, NVIDIA A10, GPU-359b21ab-3dbf-5646-ba1f-a513e3866c50, 8.6, 570.148.08, 66, 92, 91, 23028, 21037, 1563, 1530, 6251, 148.48, 150.00
1762628107,0, NVIDIA A10, GPU-359b21ab-3dbf-5646-ba1f-a513e3866c50, 8.6, 570.148.08, 66, 92, 91, 23028, 21037, 1563, 1530, 6251, 148.10, 150.00
1762628108,0, NVIDIA A10, GPU-359b21ab-3dbf-5646-ba1f-a513e3866c50, 8.6, 570.148.08, 66, 92, 92, 23028, 21037, 1563, 1530, 6251, 151.08, 150.00
1762628109,0, NVIDIA A10, GPU-359b21ab-3dbf-5646-ba1f-a513e3866c50, 8.6, 570.148.08, 66, 92, 92, 23028, 21037, 1563, 1530, 6251, 149.31, 150.00
1762628110,0, NVIDIA A10, GPU-359b21ab-3dbf-5646-ba1f-a513e3866c50, 8.6, 570.148.08, 66, 92, 91, 23028, 21037, 1563, 1530, 6251, 148.24, 150.00
1762628111,0, NVIDIA A10, GPU-359b21ab-3dbf-5646-ba1f-a513e3866c50, 8.6, 570.148.08, 66, 92, 92, 23028, 21037, 1563, 1545, 6251, 151.61, 150.00
1762628112,0, NVIDIA A10, GPU-359b21ab-3dbf-5646-ba1f-a513e3866c50, 8.6, 570.148.08, 67, 92, 92, 23028, 21037, 1563, 1530, 6251, 148.19, 150.00
1762628113,0, NVIDIA A10, GPU-359b21ab-3dbf-5646-ba1f-a513e3866c50, 8.6, 570.148.08, 67, 92, 91, 23028, 21037, 1563, 1455, 6251, 147.58, 150.00
1762628114,0, NVIDIA A10, GPU-359b21ab-3dbf-5646-ba1f-a513e3866c50, 8.6, 570.148.08, 64, 2, 0, 23028, 0, 22599, 1695, 6251, 82.22, 150.00
1762628115,0, NVIDIA A10, GPU-359b21ab-3dbf-5646-ba1f-a513e3866c50, 8.6, 570.148.08, 63, 0, 0, 23028, 0, 22599, 1695, 6251, 70.74, 150.00
1762628116,0, NVIDIA A10, GPU-359b21ab-3dbf-5646-ba1f-a513e3866c50, 8.6, 570.148.08, 62, 0, 0, 23028, 0, 22599, 330, 6251, 50.33, 150.00
1762628117,0, NVIDIA A10, GPU-359b21ab-3dbf-5646-ba1f-a513e3866c50, 8.6, 570.148.08, 61, 0, 0, 23028, 0, 22599, 210, 6251, 48.09, 150.00
1762628118,0, NVIDIA A10, GPU-359b21ab-3dbf-5646-ba1f-a513e3866c50, 8.6, 570.148.08, 60, 0, 0, 23028, 0, 22599, 210, 6251, 47.62, 150.00
1762628119,0, NVIDIA A10, GPU-359b21ab-3dbf-5646-ba1f-a513e3866c50, 8.6, 570.148.08, 60, 0, 0, 23028, 0, 22599, 210, 6251, 47.34, 150.00
1762628120,0, NVIDIA A10, GPU-359b21ab-3dbf-5646-ba1f-a513e3866c50, 8.6, 570.148.08, 60, 0, 0, 23028, 0, 22599, 210, 6251, 47.05, 150.00
1762628121,0, NVIDIA A10, GPU-359b21ab-3dbf-5646-ba1f-a513e3866c50, 8.6, 570.148.08, 59, 0, 0, 23028, 0, 22599, 210, 6251, 46.86, 150.00
1762628122,0, NVIDIA A10, GPU-359b21ab-3dbf-5646-ba1f-a513e3866c50, 8.6, 570.148.08, 59, 0, 0, 23028, 0, 22599, 210, 405, 32.49, 150.00
1762628123,0, NVIDIA A10, GPU-359b21ab-3dbf-5646-ba1f-a513e3866c50, 8.6, 570.148.08, 58, 0, 0, 23028, 0, 22599, 210, 405, 17.93, 150.00
1762628124,0, NVIDIA A10, GPU-359b21ab-3dbf-5646-ba1f-a513e3866c50, 8.6, 570.148.08, 57, 0, 0, 23028, 0, 22599, 210, 405, 17.79, 150.00
1762628125,0, NVIDIA A10, GPU-359b21ab-3dbf-5646-ba1f-a513e3866c50, 8.6, 570.148.08, 57, 0, 0, 23028, 0, 22599, 210, 405, 17.88, 150.00
1762628126,0, NVIDIA A10, GPU-359b21ab-3dbf-5646-ba1f-a513e3866c50, 8.6, 570.148.08, 56, 0, 0, 23028, 0, 22599, 210, 405, 17.69, 150.00
1762628127,0, NVIDIA A10, GPU-359b21ab-3dbf-5646-ba1f-a513e3866c50, 8.6, 570.148.08, 55, 0, 0, 23028, 0, 22599, 210, 405, 17.55, 150.00
1762628128,0, NVIDIA A10, GPU-359b21ab-3dbf-5646-ba1f-a513e3866c50, 8.6, 570.148.08, 56, 0, 0, 23028, 347, 22253, 1695, 6251, 34.39, 150.00
1762628130,0, NVIDIA A10, GPU-359b21ab-3dbf-5646-ba1f-a513e3866c50, 8.6, 570.148.08, 57, 31, 2, 23028, 3227, 19373, 1695, 6251, 65.75, 150.00
1762628131,0, NVIDIA A10, GPU-359b21ab-3dbf-5646-ba1f-a513e3866c50, 8.6, 570.148.08, 57, 0, 0, 23028, 2725, 19875, 1695, 6251, 65.25, 150.00
1762628132,0, NVIDIA A10, GPU-359b21ab-3dbf-5646-ba1f-a513e3866c50, 8.6, 570.148.08, 57, 0, 0, 23028, 2725, 19875, 1695, 6251, 65.02, 150.00
1762628133,0, NVIDIA A10, GPU-359b21ab-3dbf-5646-ba1f-a513e3866c50, 8.6, 570.148.08, 57, 0, 0, 23028, 2725, 19875, 1695, 6251, 64.80, 150.00
1762628134,0, NVIDIA A10, GPU-359b21ab-3dbf-5646-ba1f-a513e3866c50, 8.6, 570.148.08, 56, 0, 0, 23028, 2725, 19875, 1695, 6251, 64.66, 150.00
1762628135,0, NVIDIA A10, GPU-359b21ab-3dbf-5646-ba1f-a513e3866c50, 8.6, 570.148.08, 57, 9, 9, 23028, 4299, 18301, 1680, 6251, 80.94, 150.00
1762628136,0, NVIDIA A10, GPU-359b21ab-3dbf-5646-ba1f-a513e3866c50, 8.6, 570.148.08, 59, 67, 43, 23028, 19589, 3011, 1605, 6251, 80.35, 150.00
1762628137,0, NVIDIA A10, GPU-359b21ab-3dbf-5646-ba1f-a513e3866c50, 8.6, 570.148.08, 59, 34, 33, 23028, 19743, 2857, 1680, 6251, 130.03, 150.00
1762628138,0, NVIDIA A10, GPU-359b21ab-3dbf-5646-ba1f-a513e3866c50, 8.6, 570.148.08, 58, 0, 0, 23028, 21037, 1563, 1680, 6251, 106.70, 150.00
1762628139,0, NVIDIA A10, GPU-359b21ab-3dbf-5646-ba1f-a513e3866c50, 8.6, 570.148.08, 59, 96, 63, 23028, 21037, 1563, 1500, 6251, 79.51, 150.00
1762628140,0, NVIDIA A10, GPU-359b21ab-3dbf-5646-ba1f-a513e3866c50, 8.6, 570.148.08, 60, 99, 46, 23028, 21037, 1563, 1215, 6251, 147.05, 150.00
1762628141,0, NVIDIA A10, GPU-359b21ab-3dbf-5646-ba1f-a513e3866c50, 8.6, 570.148.08, 61, 91, 74, 23028, 21037, 1563, 1125, 6251, 150.62, 150.00
1762628142,0, NVIDIA A10, GPU-359b21ab-3dbf-5646-ba1f-a513e3866c50, 8.6, 570.148.08, 61, 94, 60, 23028, 21037, 1563, 945, 6251, 147.98, 150.00
1762628143,0, NVIDIA A10, GPU-359b21ab-3dbf-5646-ba1f-a513e3866c50, 8.6, 570.148.08, 62, 92, 91, 23028, 21037, 1563, 1425, 6251, 147.45, 150.00
1762628144,0, NVIDIA A10, GPU-359b21ab-3dbf-5646-ba1f-a513e3866c50, 8.6, 570.148.08, 62, 92, 92, 23028, 21037, 1563, 1500, 6251, 146.93, 150.00
1762628145,0, NVIDIA A10, GPU-359b21ab-3dbf-5646-ba1f-a513e3866c50, 8.6, 570.148.08, 62, 92, 91, 23028, 21037, 1563, 1560, 6251, 147.13, 150.00
1762628146,0, NVIDIA A10, GPU-359b21ab-3dbf-5646-ba1f-a513e3866c50, 8.6, 570.148.08, 63, 92, 91, 23028, 21037, 1563, 1545, 6251, 153.00, 150.00
1762628147,0, NVIDIA A10, GPU-359b21ab-3dbf-5646-ba1f-a513e3866c50, 8.6, 570.148.08, 63, 91, 91, 23028, 21037, 1563, 1545, 6251, 150.75, 150.00
1762628148,0, NVIDIA A10, GPU-359b21ab-3dbf-5646-ba1f-a513e3866c50, 8.6, 570.148.08, 63, 92, 91, 23028, 21037, 1563, 1545, 6251, 146.52, 150.00
1762628149,0, NVIDIA A10, GPU-359b21ab-3dbf-5646-ba1f-a513e3866c50, 8.6, 570.148.08, 63, 92, 91, 23028, 21037, 1563, 1545, 6251, 147.23, 150.00
1762628150,0, NVIDIA A10, GPU-359b21ab-3dbf-5646-ba1f-a513e3866c50, 8.6, 570.148.08, 64, 92, 91, 23028, 21037, 1563, 1545, 6251, 151.85, 150.00
1762628151,0, NVIDIA A10, GPU-359b21ab-3dbf-5646-ba1f-a513e3866c50, 8.6, 570.148.08, 64, 91, 91, 23028, 21037, 1563, 1530, 6251, 150.16, 150.00
1762628152,0, NVIDIA A10, GPU-359b21ab-3dbf-5646-ba1f-a513e3866c50, 8.6, 570.148.08, 64, 92, 92, 23028, 21037, 1563, 1545, 6251, 148.61, 150.00
1762628153,0, NVIDIA A10, GPU-359b21ab-3dbf-5646-ba1f-a513e3866c50, 8.6, 570.148.08, 64, 92, 92, 23028, 21037, 1563, 1545, 6251, 146.80, 150.00
1762628154,0, NVIDIA A10, GPU-359b21ab-3dbf-5646-ba1f-a513e3866c50, 8.6, 570.148.08, 65, 91, 91, 23028, 21037, 1563, 1545, 6251, 147.91, 150.00
1762628155,0, NVIDIA A10, GPU-359b21ab-3dbf-5646-ba1f-a513e3866c50, 8.6, 570.148.08, 65, 91, 91, 23028, 21037, 1563, 1545, 6251, 151.91, 150.00
1762628156,0, NVIDIA A10, GPU-359b21ab-3dbf-5646-ba1f-a513e3866c50, 8.6, 570.148.08, 65, 92, 91, 23028, 21037, 1563, 1545, 6251, 149.52, 150.00
1762628157,0, NVIDIA A10, GPU-359b21ab-3dbf-5646-ba1f-a513e3866c50, 8.6, 570.148.08, 65, 91, 91, 23028, 21037, 1563, 1515, 6251, 148.84, 150.00
1762628158,0, NVIDIA A10, GPU-359b21ab-3dbf-5646-ba1f-a513e3866c50, 8.6, 570.148.08, 65, 92, 90, 23028, 21037, 1563, 1545, 6251, 146.21, 150.00
1762628159,0, NVIDIA A10, GPU-359b21ab-3dbf-5646-ba1f-a513e3866c50, 8.6, 570.148.08, 65, 92, 90, 23028, 21037, 1563, 1545, 6251, 148.16, 150.00
1762628160,0, NVIDIA A10, GPU-359b21ab-3dbf-5646-ba1f-a513e3866c50, 8.6, 570.148.08, 65, 94, 75, 23028, 21037, 1563, 1530, 6251, 151.26, 150.00
1762628161,0, NVIDIA A10, GPU-359b21ab-3dbf-5646-ba1f-a513e3866c50, 8.6, 570.148.08, 66, 100, 40, 23028, 21037, 1563, 1425, 6251, 149.73, 150.00
1762628162,0, NVIDIA A10, GPU-359b21ab-3dbf-5646-ba1f-a513e3866c50, 8.6, 570.148.08, 66, 99, 45, 23028, 21037, 1563, 1185, 6251, 149.14, 150.00
1762628163,0, NVIDIA A10, GPU-359b21ab-3dbf-5646-ba1f-a513e3866c50, 8.6, 570.148.08, 66, 94, 58, 23028, 21037, 1563, 1065, 6251, 149.32, 150.00
1762628164,0, NVIDIA A10, GPU-359b21ab-3dbf-5646-ba1f-a513e3866c50, 8.6, 570.148.08, 66, 92, 91, 23028, 21037, 1563, 915, 6251, 147.04, 150.00
1762628165,0, NVIDIA A10, GPU-359b21ab-3dbf-5646-ba1f-a513e3866c50, 8.6, 570.148.08, 66, 92, 91, 23028, 21037, 1563, 1395, 6251, 146.95, 150.00
1762628167,0, NVIDIA A10, GPU-359b21ab-3dbf-5646-ba1f-a513e3866c50, 8.6, 570.148.08, 67, 92, 91, 23028, 21037, 1563, 1470, 6251, 147.78, 150.00
1762628168,0, NVIDIA A10, GPU-359b21ab-3dbf-5646-ba1f-a513e3866c50, 8.6, 570.148.08, 67, 92, 91, 23028, 21037, 1563, 1530, 6251, 151.14, 150.00
1762628169,0, NVIDIA A10, GPU-359b21ab-3dbf-5646-ba1f-a513e3866c50, 8.6, 570.148.08, 67, 92, 91, 23028, 21037, 1563, 1530, 6251, 152.34, 150.00
1762628170,0, NVIDIA A10, GPU-359b21ab-3dbf-5646-ba1f-a513e3866c50, 8.6, 570.148.08, 67, 92, 91, 23028, 21037, 1563, 1515, 6251, 148.57, 150.00
1762628171,0, NVIDIA A10, GPU-359b21ab-3dbf-5646-ba1f-a513e3866c50, 8.6, 570.148.08, 67, 92, 91, 23028, 21037, 1563, 1515, 6251, 146.87, 150.00
1762628172,0, NVIDIA A10, GPU-359b21ab-3dbf-5646-ba1f-a513e3866c50, 8.6, 570.148.08, 67, 92, 91, 23028, 21037, 1563, 1515, 6251, 147.34, 150.00
1762628173,0, NVIDIA A10, GPU-359b21ab-3dbf-5646-ba1f-a513e3866c50, 8.6, 570.148.08, 68, 92, 91, 23028, 21037, 1563, 1515, 6251, 149.13, 150.00
1762628174,0, NVIDIA A10, GPU-359b21ab-3dbf-5646-ba1f-a513e3866c50, 8.6, 570.148.08, 68, 92, 91, 23028, 21037, 1563, 1515, 6251, 152.76, 150.00
1762628175,0, NVIDIA A10, GPU-359b21ab-3dbf-5646-ba1f-a513e3866c50, 8.6, 570.148.08, 68, 92, 91, 23028, 21037, 1563, 1515, 6251, 151.68, 150.00
1762628176,0, NVIDIA A10, GPU-359b21ab-3dbf-5646-ba1f-a513e3866c50, 8.6, 570.148.08, 68, 92, 91, 23028, 21037, 1563, 1515, 6251, 147.30, 150.00
1762628177,0, NVIDIA A10, GPU-359b21ab-3dbf-5646-ba1f-a513e3866c50, 8.6, 570.148.08, 68, 92, 91, 23028, 21037, 1563, 1515, 6251, 146.70, 150.00
1762628178,0, NVIDIA A10, GPU-359b21ab-3dbf-5646-ba1f-a513e3866c50, 8.6, 570.148.08, 68, 92, 91, 23028, 21037, 1563, 1500, 6251, 146.44, 150.00
1762628179,0, NVIDIA A10, GPU-359b21ab-3dbf-5646-ba1f-a513e3866c50, 8.6, 570.148.08, 68, 92, 90, 23028, 21037, 1563, 1515, 6251, 147.08, 150.00
1762628180,0, NVIDIA A10, GPU-359b21ab-3dbf-5646-ba1f-a513e3866c50, 8.6, 570.148.08, 68, 91, 90, 23028, 21037, 1563, 1500, 6251, 152.03, 150.00
1762628181,0, NVIDIA A10, GPU-359b21ab-3dbf-5646-ba1f-a513e3866c50, 8.6, 570.148.08, 68, 92, 84, 23028, 21037, 1563, 1515, 6251, 151.00, 150.00
1762628182,0, NVIDIA A10, GPU-359b21ab-3dbf-5646-ba1f-a513e3866c50, 8.6, 570.148.08, 68, 99, 45, 23028, 21037, 1563, 1485, 6251, 148.74, 150.00
1762628183,0, NVIDIA A10, GPU-359b21ab-3dbf-5646-ba1f-a513e3866c50, 8.6, 570.148.08, 68, 97, 52, 23028, 21037, 1563, 1125, 6251, 147.35, 150.00
1762628184,0, NVIDIA A10, GPU-359b21ab-3dbf-5646-ba1f-a513e3866c50, 8.6, 570.148.08, 68, 95, 49, 23028, 21037, 1563, 1125, 6251, 146.16, 150.00
1762628185,0, NVIDIA A10, GPU-359b21ab-3dbf-5646-ba1f-a513e3866c50, 8.6, 570.148.08, 69, 90, 88, 23028, 21037, 1563, 990, 6251, 145.75, 150.00
1762628186,0, NVIDIA A10, GPU-359b21ab-3dbf-5646-ba1f-a513e3866c50, 8.6, 570.148.08, 69, 92, 91, 23028, 21037, 1563, 1365, 6251, 149.05, 150.00
1762628187,0, NVIDIA A10, GPU-359b21ab-3dbf-5646-ba1f-a513e3866c50, 8.6, 570.148.08, 69, 92, 91, 23028, 21037, 1563, 1410, 6251, 150.46, 150.00
1762628188,0, NVIDIA A10, GPU-359b21ab-3dbf-5646-ba1f-a513e3866c50, 8.6, 570.148.08, 69, 92, 91, 23028, 21037, 1563, 1500, 6251, 151.51, 150.00
1762628189,0, NVIDIA A10, GPU-359b21ab-3dbf-5646-ba1f-a513e3866c50, 8.6, 570.148.08, 69, 92, 91, 23028, 21037, 1563, 1500, 6251, 150.16, 150.00
1762628190,0, NVIDIA A10, GPU-359b21ab-3dbf-5646-ba1f-a513e3866c50, 8.6, 570.148.08, 69, 92, 91, 23028, 21037, 1563, 1500, 6251, 149.30, 150.00
1762628191,0, NVIDIA A10, GPU-359b21ab-3dbf-5646-ba1f-a513e3866c50, 8.6, 570.148.08, 70, 92, 91, 23028, 21037, 1563, 1500, 6251, 147.25, 150.00
1762628192,0, NVIDIA A10, GPU-359b21ab-3dbf-5646-ba1f-a513e3866c50, 8.6, 570.148.08, 70, 92, 91, 23028, 21037, 1563, 1515, 6251, 146.89, 150.00
1762628193,0, NVIDIA A10, GPU-359b21ab-3dbf-5646-ba1f-a513e3866c50, 8.6, 570.148.08, 67, 100, 10, 23028, 0, 22599, 1695, 6251, 104.34, 150.00
1762628194,0, NVIDIA A10, GPU-359b21ab-3dbf-5646-ba1f-a513e3866c50, 8.6, 570.148.08, 66, 0, 0, 23028, 0, 22599, 1695, 6251, 77.92, 150.00
1762628195,0, NVIDIA A10, GPU-359b21ab-3dbf-5646-ba1f-a513e3866c50, 8.6, 570.148.08, 66, 0, 0, 23028, 0, 22599, 1695, 6251, 73.92, 150.00
1762628196,0, NVIDIA A10, GPU-359b21ab-3dbf-5646-ba1f-a513e3866c50, 8.6, 570.148.08, 66, 0, 0, 23028, 0, 22599, 345, 6251, 49.84, 150.00
1762628197,0, NVIDIA A10, GPU-359b21ab-3dbf-5646-ba1f-a513e3866c50, 8.6, 570.148.08, 64, 0, 0, 23028, 0, 22599, 225, 6251, 49.41, 150.00
1762628198,0, NVIDIA A10, GPU-359b21ab-3dbf-5646-ba1f-a513e3866c50, 8.6, 570.148.08, 63, 0, 0, 23028, 0, 22599, 210, 6251, 48.85, 150.00
1762628199,0, NVIDIA A10, GPU-359b21ab-3dbf-5646-ba1f-a513e3866c50, 8.6, 570.148.08, 63, 0, 0, 23028, 0, 22599, 210, 405, 18.65, 150.00
1762628200,0, NVIDIA A10, GPU-359b21ab-3dbf-5646-ba1f-a513e3866c50, 8.6, 570.148.08, 62, 0, 0, 23028, 0, 22599, 210, 405, 18.65, 150.00
1762628201,0, NVIDIA A10, GPU-359b21ab-3dbf-5646-ba1f-a513e3866c50, 8.6, 570.148.08, 61, 0, 0, 23028, 0, 22599, 210, 405, 18.41, 150.00
1762628202,0, NVIDIA A10, GPU-359b21ab-3dbf-5646-ba1f-a513e3866c50, 8.6, 570.148.08, 60, 0, 0, 23028, 0, 22599, 210, 405, 18.12, 150.00
1762628203,0, NVIDIA A10, GPU-359b21ab-3dbf-5646-ba1f-a513e3866c50, 8.6, 570.148.08, 60, 0, 0, 23028, 0, 22599, 210, 405, 18.03, 150.00
1762628204,0, NVIDIA A10, GPU-359b21ab-3dbf-5646-ba1f-a513e3866c50, 8.6, 570.148.08, 59, 0, 0, 23028, 0, 22599, 210, 405, 17.94, 150.00
1762628205,0, NVIDIA A10, GPU-359b21ab-3dbf-5646-ba1f-a513e3866c50, 8.6, 570.148.08, 59, 0, 0, 23028, 0, 22599, 210, 405, 17.88, 150.00
1762628206,0, NVIDIA A10, GPU-359b21ab-3dbf-5646-ba1f-a513e3866c50, 8.6, 570.148.08, 59, 0, 0, 23028, 275, 22325, 1695, 6251, 28.10, 150.00
1762628207,0, NVIDIA A10, GPU-359b21ab-3dbf-5646-ba1f-a513e3866c50, 8.6, 570.148.08, 59, 21, 1, 23028, 3219, 19381, 1695, 6251, 67.08, 150.00
1762628208,0, NVIDIA A10, GPU-359b21ab-3dbf-5646-ba1f-a513e3866c50, 8.6, 570.148.08, 59, 0, 0, 23028, 2717, 19883, 1695, 6251, 67.51, 150.00
1762628209,0, NVIDIA A10, GPU-359b21ab-3dbf-5646-ba1f-a513e3866c50, 8.6, 570.148.08, 59, 0, 0, 23028, 2717, 19883, 1695, 6251, 66.91, 150.00
1762628210,0, NVIDIA A10, GPU-359b21ab-3dbf-5646-ba1f-a513e3866c50, 8.6, 570.148.08, 59, 0, 0, 23028, 2717, 19883, 1695, 6251, 66.49, 150.00
1762628211,0, NVIDIA A10, GPU-359b21ab-3dbf-5646-ba1f-a513e3866c50, 8.6, 570.148.08, 59, 0, 0, 23028, 2717, 19883, 1695, 6251, 66.55, 150.00
1762628212,0, NVIDIA A10, GPU-359b21ab-3dbf-5646-ba1f-a513e3866c50, 8.6, 570.148.08, 59, 1, 0, 23028, 3409, 19191, 1140, 6251, 74.06, 150.00
1762628214,0, NVIDIA A10, GPU-359b21ab-3dbf-5646-ba1f-a513e3866c50, 8.6, 570.148.08, 59, 37, 45, 23028, 19437, 3163, 1695, 6251, 82.40, 150.00
1762628215,0, NVIDIA A10, GPU-359b21ab-3dbf-5646-ba1f-a513e3866c50, 8.6, 570.148.08, 62, 43, 38, 23028, 19657, 2943, 1665, 6251, 126.53, 150.00
1762628216,0, NVIDIA A10, GPU-359b21ab-3dbf-5646-ba1f-a513e3866c50, 8.6, 570.148.08, 62, 40, 34, 23028, 19825, 2775, 1680, 6251, 124.27, 150.00
1762628217,0, NVIDIA A10, GPU-359b21ab-3dbf-5646-ba1f-a513e3866c50, 8.6, 570.148.08, 60, 0, 0, 23028, 21029, 1571, 1695, 6251, 72.06, 150.00
1762628218,0, NVIDIA A10, GPU-359b21ab-3dbf-5646-ba1f-a513e3866c50, 8.6, 570.148.08, 60, 0, 0, 23028, 21029, 1571, 1695, 6251, 69.17, 150.00
1762628219,0, NVIDIA A10, GPU-359b21ab-3dbf-5646-ba1f-a513e3866c50, 8.6, 570.148.08, 59, 0, 0, 23028, 21029, 1571, 1695, 6251, 66.45, 150.00
1762628220,0, NVIDIA A10, GPU-359b21ab-3dbf-5646-ba1f-a513e3866c50, 8.6, 570.148.08, 59, 0, 0, 23028, 21029, 1571, 1695, 6251, 66.33, 150.00
1762628221,0, NVIDIA A10, GPU-359b21ab-3dbf-5646-ba1f-a513e3866c50, 8.6, 570.148.08, 59, 0, 0, 23028, 21029, 1571, 1695, 6251, 66.33, 150.00
1762628222,0, NVIDIA A10, GPU-359b21ab-3dbf-5646-ba1f-a513e3866c50, 8.6, 570.148.08, 59, 0, 0, 23028, 21029, 1571, 1695, 6251, 66.21, 150.00
1762628223,0, NVIDIA A10, GPU-359b21ab-3dbf-5646-ba1f-a513e3866c50, 8.6, 570.148.08, 58, 0, 0, 23028, 21029, 1571, 1695, 6251, 66.08, 150.00
1762628224,0, NVIDIA A10, GPU-359b21ab-3dbf-5646-ba1f-a513e3866c50, 8.6, 570.148.08, 58, 0, 0, 23028, 21029, 1571, 1695, 6251, 66.06, 150.00
1762628225,0, NVIDIA A10, GPU-359b21ab-3dbf-5646-ba1f-a513e3866c50, 8.6, 570.148.08, 58, 0, 0, 23028, 21029, 1571, 1695, 6251, 65.87, 150.00
1762628226,0, NVIDIA A10, GPU-359b21ab-3dbf-5646-ba1f-a513e3866c50, 8.6, 570.148.08, 58, 0, 0, 23028, 21029, 1571, 1695, 6251, 66.10, 150.00
1762628227,0, NVIDIA A10, GPU-359b21ab-3dbf-5646-ba1f-a513e3866c50, 8.6, 570.148.08, 61, 92, 92, 23028, 21029, 1571, 1545, 6251, 96.98, 150.00
1762628228,0, NVIDIA A10, GPU-359b21ab-3dbf-5646-ba1f-a513e3866c50, 8.6, 570.148.08, 62, 92, 93, 23028, 21029, 1571, 1575, 6251, 150.95, 150.00
1762628229,0, NVIDIA A10, GPU-359b21ab-3dbf-5646-ba1f-a513e3866c50, 8.6, 570.148.08, 62, 92, 94, 23028, 21029, 1571, 1560, 6251, 149.13, 150.00
1762628230,0, NVIDIA A10, GPU-359b21ab-3dbf-5646-ba1f-a513e3866c50, 8.6, 570.148.08, 62, 93, 92, 23028, 21029, 1571, 1470, 6251, 150.10, 150.00
1762628231,0, NVIDIA A10, GPU-359b21ab-3dbf-5646-ba1f-a513e3866c50, 8.6, 570.148.08, 63, 93, 92, 23028, 21029, 1571, 1485, 6251, 149.21, 150.00
1762628232,0, NVIDIA A10, GPU-359b21ab-3dbf-5646-ba1f-a513e3866c50, 8.6, 570.148.08, 63, 92, 94, 23028, 21029, 1571, 1545, 6251, 146.97, 150.00
1762628233,0, NVIDIA A10, GPU-359b21ab-3dbf-5646-ba1f-a513e3866c50, 8.6, 570.148.08, 64, 92, 94, 23028, 21029, 1571, 1545, 6251, 147.85, 150.00
1762628234,0, NVIDIA A10, GPU-359b21ab-3dbf-5646-ba1f-a513e3866c50, 8.6, 570.148.08, 64, 92, 94, 23028, 21029, 1571, 1545, 6251, 153.12, 150.00
1762628235,0, NVIDIA A10, GPU-359b21ab-3dbf-5646-ba1f-a513e3866c50, 8.6, 570.148.08, 64, 92, 92, 23028, 21029, 1571, 1515, 6251, 149.40, 150.00
1762628236,0, NVIDIA A10, GPU-359b21ab-3dbf-5646-ba1f-a513e3866c50, 8.6, 570.148.08, 64, 93, 94, 23028, 21029, 1571, 1545, 6251, 145.66, 150.00
1762628237,0, NVIDIA A10, GPU-359b21ab-3dbf-5646-ba1f-a513e3866c50, 8.6, 570.148.08, 64, 92, 93, 23028, 21029, 1571, 1560, 6251, 146.25, 150.00
1762628238,0, NVIDIA A10, GPU-359b21ab-3dbf-5646-ba1f-a513e3866c50, 8.6, 570.148.08, 65, 92, 93, 23028, 21029, 1571, 1545, 6251, 149.34, 150.00
1762628239,0, NVIDIA A10, GPU-359b21ab-3dbf-5646-ba1f-a513e3866c50, 8.6, 570.148.08, 65, 92, 94, 23028, 21029, 1571, 1530, 6251, 150.22, 150.00
1762628240,0, NVIDIA A10, GPU-359b21ab-3dbf-5646-ba1f-a513e3866c50, 8.6, 570.148.08, 65, 93, 83, 23028, 21029, 1571, 1365, 6251, 147.92, 150.00
1762628241,0, NVIDIA A10, GPU-359b21ab-3dbf-5646-ba1f-a513e3866c50, 8.6, 570.148.08, 65, 92, 93, 23028, 21029, 1571, 1515, 6251, 147.40, 150.00
1762628242,0, NVIDIA A10, GPU-359b21ab-3dbf-5646-ba1f-a513e3866c50, 8.6, 570.148.08, 65, 93, 89, 23028, 21029, 1571, 1545, 6251, 152.50, 150.00
1762628243,0, NVIDIA A10, GPU-359b21ab-3dbf-5646-ba1f-a513e3866c50, 8.6, 570.148.08, 66, 93, 92, 23028, 21029, 1571, 1455, 6251, 148.60, 150.00
1762628244,0, NVIDIA A10, GPU-359b21ab-3dbf-5646-ba1f-a513e3866c50, 8.6, 570.148.08, 66, 92, 93, 23028, 21029, 1571, 1485, 6251, 154.14, 150.00
1762628245,0, NVIDIA A10, GPU-359b21ab-3dbf-5646-ba1f-a513e3866c50, 8.6, 570.148.08, 66, 93, 92, 23028, 21029, 1571, 1110, 6251, 150.88, 150.00
1762628246,0, NVIDIA A10, GPU-359b21ab-3dbf-5646-ba1f-a513e3866c50, 8.6, 570.148.08, 67, 94, 82, 23028, 21029, 1571, 1305, 6251, 144.98, 150.00
1762628247,0, NVIDIA A10, GPU-359b21ab-3dbf-5646-ba1f-a513e3866c50, 8.6, 570.148.08, 66, 93, 93, 23028, 21029, 1571, 1545, 6251, 146.90, 150.00
1762628248,0, NVIDIA A10, GPU-359b21ab-3dbf-5646-ba1f-a513e3866c50, 8.6, 570.148.08, 66, 92, 93, 23028, 21029, 1571, 1515, 6251, 147.80, 150.00
1762628249,0, NVIDIA A10, GPU-359b21ab-3dbf-5646-ba1f-a513e3866c50, 8.6, 570.148.08, 66, 93, 93, 23028, 21029, 1571, 1515, 6251, 147.38, 150.00
1762628251,0, NVIDIA A10, GPU-359b21ab-3dbf-5646-ba1f-a513e3866c50, 8.6, 570.148.08, 67, 93, 82, 23028, 21029, 1571, 1455, 6251, 145.78, 150.00
1762628252,0, NVIDIA A10, GPU-359b21ab-3dbf-5646-ba1f-a513e3866c50, 8.6, 570.148.08, 67, 93, 91, 23028, 21029, 1571, 1455, 6251, 147.60, 150.00
1762628253,0, NVIDIA A10, GPU-359b21ab-3dbf-5646-ba1f-a513e3866c50, 8.6, 570.148.08, 67, 92, 93, 23028, 21029, 1571, 1470, 6251, 152.57, 150.00
1762628254,0, NVIDIA A10, GPU-359b21ab-3dbf-5646-ba1f-a513e3866c50, 8.6, 570.148.08, 67, 93, 93, 23028, 21029, 1571, 1515, 6251, 146.36, 150.00
1762628255,0, NVIDIA A10, GPU-359b21ab-3dbf-5646-ba1f-a513e3866c50, 8.6, 570.148.08, 67, 92, 93, 23028, 21029, 1571, 1500, 6251, 152.10, 150.00
1762628256,0, NVIDIA A10, GPU-359b21ab-3dbf-5646-ba1f-a513e3866c50, 8.6, 570.148.08, 68, 92, 93, 23028, 21029, 1571, 1500, 6251, 148.48, 150.00
1762628257,0, NVIDIA A10, GPU-359b21ab-3dbf-5646-ba1f-a513e3866c50, 8.6, 570.148.08, 67, 93, 82, 23028, 21029, 1571, 1440, 6251, 145.44, 150.00
1762628258,0, NVIDIA A10, GPU-359b21ab-3dbf-5646-ba1f-a513e3866c50, 8.6, 570.148.08, 68, 92, 93, 23028, 21029, 1571, 1500, 6251, 145.22, 150.00
1762628259,0, NVIDIA A10, GPU-359b21ab-3dbf-5646-ba1f-a513e3866c50, 8.6, 570.148.08, 68, 92, 92, 23028, 21029, 1571, 1455, 6251, 148.54, 150.00
1762628260,0, NVIDIA A10, GPU-359b21ab-3dbf-5646-ba1f-a513e3866c50, 8.6, 570.148.08, 68, 92, 93, 23028, 21029, 1571, 1515, 6251, 155.71, 150.00
1762628261,0, NVIDIA A10, GPU-359b21ab-3dbf-5646-ba1f-a513e3866c50, 8.6, 570.148.08, 68, 93, 92, 23028, 21029, 1571, 1500, 6251, 146.51, 150.00
1762628262,0, NVIDIA A10, GPU-359b21ab-3dbf-5646-ba1f-a513e3866c50, 8.6, 570.148.08, 68, 92, 92, 23028, 21029, 1571, 1500, 6251, 147.08, 150.00
1762628263,0, NVIDIA A10, GPU-359b21ab-3dbf-5646-ba1f-a513e3866c50, 8.6, 570.148.08, 68, 93, 92, 23028, 21029, 1571, 1470, 6251, 153.61, 150.00
1762628264,0, NVIDIA A10, GPU-359b21ab-3dbf-5646-ba1f-a513e3866c50, 8.6, 570.148.08, 69, 93, 86, 23028, 21029, 1571, 1065, 6251, 153.60, 150.00
1762628265,0, NVIDIA A10, GPU-359b21ab-3dbf-5646-ba1f-a513e3866c50, 8.6, 570.148.08, 69, 93, 93, 23028, 21029, 1571, 1455, 6251, 150.70, 150.00
1762628266,0, NVIDIA A10, GPU-359b21ab-3dbf-5646-ba1f-a513e3866c50, 8.6, 570.148.08, 69, 92, 93, 23028, 21029, 1571, 1425, 6251, 151.52, 150.00
1762628267,0, NVIDIA A10, GPU-359b21ab-3dbf-5646-ba1f-a513e3866c50, 8.6, 570.148.08, 69, 93, 92, 23028, 21029, 1571, 1470, 6251, 151.04, 150.00
1762628268,0, NVIDIA A10, GPU-359b21ab-3dbf-5646-ba1f-a513e3866c50, 8.6, 570.148.08, 69, 92, 93, 23028, 21029, 1571, 1515, 6251, 152.06, 150.00
1762628269,0, NVIDIA A10, GPU-359b21ab-3dbf-5646-ba1f-a513e3866c50, 8.6, 570.148.08, 69, 93, 92, 23028, 21029, 1571, 1455, 6251, 150.05, 150.00
1762628270,0, NVIDIA A10, GPU-359b21ab-3dbf-5646-ba1f-a513e3866c50, 8.6, 570.148.08, 69, 94, 82, 23028, 21029, 1571, 1320, 6251, 146.71, 150.00
1762628271,0, NVIDIA A10, GPU-359b21ab-3dbf-5646-ba1f-a513e3866c50, 8.6, 570.148.08, 70, 94, 85, 23028, 21029, 1571, 1110, 6251, 150.79, 150.00
1762628272,0, NVIDIA A10, GPU-359b21ab-3dbf-5646-ba1f-a513e3866c50, 8.6, 570.148.08, 69, 94, 79, 23028, 21029, 1571, 1470, 6251, 151.80, 150.00
1762628273,0, NVIDIA A10, GPU-359b21ab-3dbf-5646-ba1f-a513e3866c50, 8.6, 570.148.08, 69, 93, 82, 23028, 21029, 1571, 1065, 6251, 150.49, 150.00
1762628274,0, NVIDIA A10, GPU-359b21ab-3dbf-5646-ba1f-a513e3866c50, 8.6, 570.148.08, 70, 93, 91, 23028, 21029, 1571, 1395, 6251, 149.01, 150.00
1762628275,0, NVIDIA A10, GPU-359b21ab-3dbf-5646-ba1f-a513e3866c50, 8.6, 570.148.08, 70, 93, 94, 23028, 21029, 1571, 1485, 6251, 147.50, 150.00
1762628276,0, NVIDIA A10, GPU-359b21ab-3dbf-5646-ba1f-a513e3866c50, 8.6, 570.148.08, 69, 93, 92, 23028, 21029, 1571, 1485, 6251, 148.37, 150.00
1762628277,0, NVIDIA A10, GPU-359b21ab-3dbf-5646-ba1f-a513e3866c50, 8.6, 570.148.08, 70, 92, 92, 23028, 21029, 1571, 1470, 6251, 147.17, 150.00
1762628278,0, NVIDIA A10, GPU-359b21ab-3dbf-5646-ba1f-a513e3866c50, 8.6, 570.148.08, 70, 94, 84, 23028, 21029, 1571, 1500, 6251, 148.04, 150.00
1762628279,0, NVIDIA A10, GPU-359b21ab-3dbf-5646-ba1f-a513e3866c50, 8.6, 570.148.08, 70, 93, 91, 23028, 21029, 1571, 990, 6251, 147.96, 150.00
1762628280,0, NVIDIA A10, GPU-359b21ab-3dbf-5646-ba1f-a513e3866c50, 8.6, 570.148.08, 70, 92, 91, 23028, 21029, 1571, 1425, 6251, 147.00, 150.00
1762628281,0, NVIDIA A10, GPU-359b21ab-3dbf-5646-ba1f-a513e3866c50, 8.6, 570.148.08, 70, 94, 82, 23028, 21029, 1571, 1470, 6251, 149.68, 150.00
1762628282,0, NVIDIA A10, GPU-359b21ab-3dbf-5646-ba1f-a513e3866c50, 8.6, 570.148.08, 70, 93, 92, 23028, 21029, 1571, 1470, 6251, 147.15, 150.00
1762628283,0, NVIDIA A10, GPU-359b21ab-3dbf-5646-ba1f-a513e3866c50, 8.6, 570.148.08, 71, 92, 93, 23028, 21029, 1571, 1470, 6251, 152.54, 150.00
1762628284,0, NVIDIA A10, GPU-359b21ab-3dbf-5646-ba1f-a513e3866c50, 8.6, 570.148.08, 71, 92, 92, 23028, 21029, 1571, 1440, 6251, 149.67, 150.00
1762628286,0, NVIDIA A10, GPU-359b21ab-3dbf-5646-ba1f-a513e3866c50, 8.6, 570.148.08, 71, 94, 83, 23028, 21029, 1571, 1365, 6251, 151.15, 150.00
1762628287,0, NVIDIA A10, GPU-359b21ab-3dbf-5646-ba1f-a513e3866c50, 8.6, 570.148.08, 71, 92, 91, 23028, 21029, 1571, 1425, 6251, 147.69, 150.00
1762628288,0, NVIDIA A10, GPU-359b21ab-3dbf-5646-ba1f-a513e3866c50, 8.6, 570.148.08, 71, 93, 93, 23028, 21029, 1571, 1500, 6251, 152.07, 150.00
1762628289,0, NVIDIA A10, GPU-359b21ab-3dbf-5646-ba1f-a513e3866c50, 8.6, 570.148.08, 71, 93, 92, 23028, 21029, 1571, 1215, 6251, 148.46, 150.00
1762628290,0, NVIDIA A10, GPU-359b21ab-3dbf-5646-ba1f-a513e3866c50, 8.6, 570.148.08, 71, 93, 89, 23028, 21029, 1571, 1455, 6251, 150.58, 150.00
1762628291,0, NVIDIA A10, GPU-359b21ab-3dbf-5646-ba1f-a513e3866c50, 8.6, 570.148.08, 71, 93, 92, 23028, 21029, 1571, 1500, 6251, 147.52, 150.00
1762628292,0, NVIDIA A10, GPU-359b21ab-3dbf-5646-ba1f-a513e3866c50, 8.6, 570.148.08, 71, 92, 92, 23028, 21029, 1571, 1110, 6251, 154.71, 150.00
1762628293,0, NVIDIA A10, GPU-359b21ab-3dbf-5646-ba1f-a513e3866c50, 8.6, 570.148.08, 71, 93, 93, 23028, 21029, 1571, 1440, 6251, 149.66, 150.00
1762628294,0, NVIDIA A10, GPU-359b21ab-3dbf-5646-ba1f-a513e3866c50, 8.6, 570.148.08, 71, 92, 93, 23028, 21029, 1571, 1485, 6251, 150.37, 150.00
1762628295,0, NVIDIA A10, GPU-359b21ab-3dbf-5646-ba1f-a513e3866c50, 8.6, 570.148.08, 71, 93, 92, 23028, 21029, 1571, 1440, 6251, 148.37, 150.00
1762628296,0, NVIDIA A10, GPU-359b21ab-3dbf-5646-ba1f-a513e3866c50, 8.6, 570.148.08, 72, 93, 92, 23028, 21029, 1571, 1215, 6251, 153.65, 150.00
1762628297,0, NVIDIA A10, GPU-359b21ab-3dbf-5646-ba1f-a513e3866c50, 8.6, 570.148.08, 72, 94, 85, 23028, 21029, 1571, 1095, 6251, 152.24, 150.00
1762628298,0, NVIDIA A10, GPU-359b21ab-3dbf-5646-ba1f-a513e3866c50, 8.6, 570.148.08, 71, 92, 91, 23028, 21029, 1571, 1470, 6251, 153.02, 150.00
1762628299,0, NVIDIA A10, GPU-359b21ab-3dbf-5646-ba1f-a513e3866c50, 8.6, 570.148.08, 72, 93, 91, 23028, 21029, 1571, 1410, 6251, 149.05, 150.00
1762628300,0, NVIDIA A10, GPU-359b21ab-3dbf-5646-ba1f-a513e3866c50, 8.6, 570.148.08, 72, 94, 81, 23028, 21029, 1571, 1095, 6251, 151.52, 150.00
1762628301,0, NVIDIA A10, GPU-359b21ab-3dbf-5646-ba1f-a513e3866c50, 8.6, 570.148.08, 71, 93, 91, 23028, 21029, 1571, 1410, 6251, 151.85, 150.00
1762628302,0, NVIDIA A10, GPU-359b21ab-3dbf-5646-ba1f-a513e3866c50, 8.6, 570.148.08, 72, 93, 92, 23028, 21029, 1571, 1185, 6251, 151.75, 150.00
1762628303,0, NVIDIA A10, GPU-359b21ab-3dbf-5646-ba1f-a513e3866c50, 8.6, 570.148.08, 72, 92, 92, 23028, 21029, 1571, 1425, 6251, 147.26, 150.00
1762628304,0, NVIDIA A10, GPU-359b21ab-3dbf-5646-ba1f-a513e3866c50, 8.6, 570.148.08, 72, 92, 93, 23028, 21029, 1571, 1455, 6251, 151.44, 150.00
1762628305,0, NVIDIA A10, GPU-359b21ab-3dbf-5646-ba1f-a513e3866c50, 8.6, 570.148.08, 72, 93, 93, 23028, 21029, 1571, 1470, 6251, 154.45, 150.00
1762628306,0, NVIDIA A10, GPU-359b21ab-3dbf-5646-ba1f-a513e3866c50, 8.6, 570.148.08, 72, 93, 93, 23028, 21029, 1571, 1455, 6251, 152.39, 150.00
1762628307,0, NVIDIA A10, GPU-359b21ab-3dbf-5646-ba1f-a513e3866c50, 8.6, 570.148.08, 72, 92, 93, 23028, 21029, 1571, 1470, 6251, 151.23, 150.00
1762628308,0, NVIDIA A10, GPU-359b21ab-3dbf-5646-ba1f-a513e3866c50, 8.6, 570.148.08, 72, 92, 93, 23028, 21029, 1571, 1470, 6251, 149.30, 150.00
1762628309,0, NVIDIA A10, GPU-359b21ab-3dbf-5646-ba1f-a513e3866c50, 8.6, 570.148.08, 73, 92, 90, 23028, 21029, 1571, 1290, 6251, 147.81, 150.00
1762628310,0, NVIDIA A10, GPU-359b21ab-3dbf-5646-ba1f-a513e3866c50, 8.6, 570.148.08, 72, 93, 92, 23028, 21029, 1571, 1425, 6251, 146.28, 150.00
1762628311,0, NVIDIA A10, GPU-359b21ab-3dbf-5646-ba1f-a513e3866c50, 8.6, 570.148.08, 73, 92, 93, 23028, 21029, 1571, 1485, 6251, 151.45, 150.00
1762628312,0, NVIDIA A10, GPU-359b21ab-3dbf-5646-ba1f-a513e3866c50, 8.6, 570.148.08, 72, 92, 93, 23028, 21029, 1571, 1470, 6251, 151.63, 150.00
1762628313,0, NVIDIA A10, GPU-359b21ab-3dbf-5646-ba1f-a513e3866c50, 8.6, 570.148.08, 72, 92, 78, 23028, 21029, 1571, 1140, 6251, 147.35, 150.00
1762628314,0, NVIDIA A10, GPU-359b21ab-3dbf-5646-ba1f-a513e3866c50, 8.6, 570.148.08, 72, 93, 93, 23028, 21029, 1571, 1470, 6251, 145.49, 150.00
1762628315,0, NVIDIA A10, GPU-359b21ab-3dbf-5646-ba1f-a513e3866c50, 8.6, 570.148.08, 72, 92, 91, 23028, 21029, 1571, 1470, 6251, 145.15, 150.00
1762628316,0, NVIDIA A10, GPU-359b21ab-3dbf-5646-ba1f-a513e3866c50, 8.6, 570.148.08, 73, 93, 91, 23028, 21029, 1571, 1425, 6251, 150.51, 150.00
1762628317,0, NVIDIA A10, GPU-359b21ab-3dbf-5646-ba1f-a513e3866c50, 8.6, 570.148.08, 72, 94, 83, 23028, 21029, 1571, 1440, 6251, 151.37, 150.00
1762628319,0, NVIDIA A10, GPU-359b21ab-3dbf-5646-ba1f-a513e3866c50, 8.6, 570.148.08, 73, 93, 92, 23028, 21029, 1571, 1425, 6251, 146.67, 150.00
1762628320,0, NVIDIA A10, GPU-359b21ab-3dbf-5646-ba1f-a513e3866c50, 8.6, 570.148.08, 73, 93, 92, 23028, 21029, 1571, 1425, 6251, 151.21, 150.00
1762628321,0, NVIDIA A10, GPU-359b21ab-3dbf-5646-ba1f-a513e3866c50, 8.6, 570.148.08, 73, 92, 93, 23028, 21029, 1571, 1440, 6251, 153.21, 150.00
1762628322,0, NVIDIA A10, GPU-359b21ab-3dbf-5646-ba1f-a513e3866c50, 8.6, 570.148.08, 73, 92, 93, 23028, 21029, 1571, 1470, 6251, 148.90, 150.00
1762628323,0, NVIDIA A10, GPU-359b21ab-3dbf-5646-ba1f-a513e3866c50, 8.6, 570.148.08, 73, 93, 93, 23028, 21029, 1571, 1470, 6251, 148.71, 150.00
1762628324,0, NVIDIA A10, GPU-359b21ab-3dbf-5646-ba1f-a513e3866c50, 8.6, 570.148.08, 73, 94, 81, 23028, 21029, 1571, 1350, 6251, 150.80, 150.00
1762628325,0, NVIDIA A10, GPU-359b21ab-3dbf-5646-ba1f-a513e3866c50, 8.6, 570.148.08, 73, 92, 92, 23028, 21029, 1571, 1455, 6251, 150.55, 150.00
1762628326,0, NVIDIA A10, GPU-359b21ab-3dbf-5646-ba1f-a513e3866c50, 8.6, 570.148.08, 73, 92, 92, 23028, 21029, 1571, 1425, 6251, 150.35, 150.00
1762628327,0, NVIDIA A10, GPU-359b21ab-3dbf-5646-ba1f-a513e3866c50, 8.6, 570.148.08, 73, 92, 89, 23028, 21029, 1571, 1425, 6251, 149.53, 150.00
1762628328,0, NVIDIA A10, GPU-359b21ab-3dbf-5646-ba1f-a513e3866c50, 8.6, 570.148.08, 73, 94, 83, 23028, 21029, 1571, 1065, 6251, 150.93, 150.00
1762628329,0, NVIDIA A10, GPU-359b21ab-3dbf-5646-ba1f-a513e3866c50, 8.6, 570.148.08, 73, 93, 88, 23028, 21029, 1571, 1455, 6251, 154.97, 150.00
1762628330,0, NVIDIA A10, GPU-359b21ab-3dbf-5646-ba1f-a513e3866c50, 8.6, 570.148.08, 73, 94, 81, 23028, 21029, 1571, 1455, 6251, 150.69, 150.00
1762628331,0, NVIDIA A10, GPU-359b21ab-3dbf-5646-ba1f-a513e3866c50, 8.6, 570.148.08, 73, 92, 93, 23028, 21029, 1571, 1455, 6251, 148.42, 150.00
1762628332,0, NVIDIA A10, GPU-359b21ab-3dbf-5646-ba1f-a513e3866c50, 8.6, 570.148.08, 73, 93, 91, 23028, 21029, 1571, 1425, 6251, 149.56, 150.00
1762628333,0, NVIDIA A10, GPU-359b21ab-3dbf-5646-ba1f-a513e3866c50, 8.6, 570.148.08, 73, 93, 92, 23028, 21029, 1571, 1395, 6251, 154.45, 150.00
1762628334,0, NVIDIA A10, GPU-359b21ab-3dbf-5646-ba1f-a513e3866c50, 8.6, 570.148.08, 73, 92, 91, 23028, 21029, 1571, 1410, 6251, 149.35, 150.00
1762628335,0, NVIDIA A10, GPU-359b21ab-3dbf-5646-ba1f-a513e3866c50, 8.6, 570.148.08, 73, 94, 81, 23028, 21029, 1571, 1320, 6251, 146.71, 150.00
1762628336,0, NVIDIA A10, GPU-359b21ab-3dbf-5646-ba1f-a513e3866c50, 8.6, 570.148.08, 73, 94, 80, 23028, 21029, 1571, 1440, 6251, 146.32, 150.00
1762628337,0, NVIDIA A10, GPU-359b21ab-3dbf-5646-ba1f-a513e3866c50, 8.6, 570.148.08, 73, 93, 91, 23028, 21029, 1571, 1410, 6251, 148.69, 150.00
1762628338,0, NVIDIA A10, GPU-359b21ab-3dbf-5646-ba1f-a513e3866c50, 8.6, 570.148.08, 73, 92, 91, 23028, 21029, 1571, 1395, 6251, 148.34, 150.00
1762628339,0, NVIDIA A10, GPU-359b21ab-3dbf-5646-ba1f-a513e3866c50, 8.6, 570.148.08, 74, 92, 91, 23028, 21029, 1571, 1410, 6251, 149.28, 150.00
1762628340,0, NVIDIA A10, GPU-359b21ab-3dbf-5646-ba1f-a513e3866c50, 8.6, 570.148.08, 74, 92, 91, 23028, 21029, 1571, 1395, 6251, 151.04, 150.00
1762628341,0, NVIDIA A10, GPU-359b21ab-3dbf-5646-ba1f-a513e3866c50, 8.6, 570.148.08, 74, 93, 92, 23028, 21029, 1571, 1380, 6251, 149.50, 150.00
1762628342,0, NVIDIA A10, GPU-359b21ab-3dbf-5646-ba1f-a513e3866c50, 8.6, 570.148.08, 74, 92, 91, 23028, 21029, 1571, 1455, 6251, 145.82, 150.00
1762628343,0, NVIDIA A10, GPU-359b21ab-3dbf-5646-ba1f-a513e3866c50, 8.6, 570.148.08, 74, 92, 92, 23028, 21029, 1571, 1035, 6251, 149.37, 150.00
1762628344,0, NVIDIA A10, GPU-359b21ab-3dbf-5646-ba1f-a513e3866c50, 8.6, 570.148.08, 74, 93, 93, 23028, 21029, 1571, 1440, 6251, 154.05, 150.00
1762628345,0, NVIDIA A10, GPU-359b21ab-3dbf-5646-ba1f-a513e3866c50, 8.6, 570.148.08, 74, 93, 91, 23028, 21029, 1571, 1140, 6251, 150.05, 150.00
1762628346,0, NVIDIA A10, GPU-359b21ab-3dbf-5646-ba1f-a513e3866c50, 8.6, 570.148.08, 74, 93, 91, 23028, 21029, 1571, 1365, 6251, 147.41, 150.00
1762628347,0, NVIDIA A10, GPU-359b21ab-3dbf-5646-ba1f-a513e3866c50, 8.6, 570.148.08, 74, 91, 92, 23028, 21029, 1571, 1440, 6251, 148.32, 150.00
1762628348,0, NVIDIA A10, GPU-359b21ab-3dbf-5646-ba1f-a513e3866c50, 8.6, 570.148.08, 74, 93, 92, 23028, 21029, 1571, 1455, 6251, 146.58, 150.00
1762628349,0, NVIDIA A10, GPU-359b21ab-3dbf-5646-ba1f-a513e3866c50, 8.6, 570.148.08, 74, 92, 92, 23028, 21029, 1571, 1455, 6251, 147.96, 150.00
1762628350,0, NVIDIA A10, GPU-359b21ab-3dbf-5646-ba1f-a513e3866c50, 8.6, 570.148.08, 74, 94, 86, 23028, 21029, 1571, 1440, 6251, 153.97, 150.00
1762628351,0, NVIDIA A10, GPU-359b21ab-3dbf-5646-ba1f-a513e3866c50, 8.6, 570.148.08, 74, 93, 91, 23028, 21029, 1571, 1380, 6251, 153.54, 150.00
1762628352,0, NVIDIA A10, GPU-359b21ab-3dbf-5646-ba1f-a513e3866c50, 8.6, 570.148.08, 74, 92, 92, 23028, 21029, 1571, 1395, 6251, 151.20, 150.00
1762628354,0, NVIDIA A10, GPU-359b21ab-3dbf-5646-ba1f-a513e3866c50, 8.6, 570.148.08, 74, 93, 91, 23028, 21029, 1571, 1395, 6251, 149.04, 150.00
1762628355,0, NVIDIA A10, GPU-359b21ab-3dbf-5646-ba1f-a513e3866c50, 8.6, 570.148.08, 74, 93, 91, 23028, 21029, 1571, 1410, 6251, 149.54, 150.00
1762628356,0, NVIDIA A10, GPU-359b21ab-3dbf-5646-ba1f-a513e3866c50, 8.6, 570.148.08, 74, 93, 91, 23028, 21029, 1571, 1410, 6251, 147.99, 150.00
1762628357,0, NVIDIA A10, GPU-359b21ab-3dbf-5646-ba1f-a513e3866c50, 8.6, 570.148.08, 74, 93, 89, 23028, 21029, 1571, 1425, 6251, 149.86, 150.00
1762628358,0, NVIDIA A10, GPU-359b21ab-3dbf-5646-ba1f-a513e3866c50, 8.6, 570.148.08, 74, 92, 92, 23028, 21029, 1571, 1440, 6251, 147.18, 150.00
1762628359,0, NVIDIA A10, GPU-359b21ab-3dbf-5646-ba1f-a513e3866c50, 8.6, 570.148.08, 74, 93, 93, 23028, 21029, 1571, 1080, 6251, 151.53, 150.00
1762628360,0, NVIDIA A10, GPU-359b21ab-3dbf-5646-ba1f-a513e3866c50, 8.6, 570.148.08, 74, 92, 93, 23028, 21029, 1571, 1425, 6251, 149.32, 150.00
1762628361,0, NVIDIA A10, GPU-359b21ab-3dbf-5646-ba1f-a513e3866c50, 8.6, 570.148.08, 74, 94, 82, 23028, 21029, 1571, 945, 6251, 148.21, 150.00
1762628362,0, NVIDIA A10, GPU-359b21ab-3dbf-5646-ba1f-a513e3866c50, 8.6, 570.148.08, 74, 93, 90, 23028, 21029, 1571, 1440, 6251, 147.99, 150.00
1762628363,0, NVIDIA A10, GPU-359b21ab-3dbf-5646-ba1f-a513e3866c50, 8.6, 570.148.08, 74, 92, 92, 23028, 21029, 1571, 1425, 6251, 147.67, 150.00
1762628364,0, NVIDIA A10, GPU-359b21ab-3dbf-5646-ba1f-a513e3866c50, 8.6, 570.148.08, 74, 93, 91, 23028, 21029, 1571, 1440, 6251, 150.16, 150.00
1762628365,0, NVIDIA A10, GPU-359b21ab-3dbf-5646-ba1f-a513e3866c50, 8.6, 570.148.08, 74, 92, 92, 23028, 21029, 1571, 1440, 6251, 155.23, 150.00
1762628366,0, NVIDIA A10, GPU-359b21ab-3dbf-5646-ba1f-a513e3866c50, 8.6, 570.148.08, 74, 93, 91, 23028, 21029, 1571, 1410, 6251, 147.98, 150.00
1762628367,0, NVIDIA A10, GPU-359b21ab-3dbf-5646-ba1f-a513e3866c50, 8.6, 570.148.08, 74, 93, 93, 23028, 21029, 1571, 1470, 6251, 149.86, 150.00
1762628368,0, NVIDIA A10, GPU-359b21ab-3dbf-5646-ba1f-a513e3866c50, 8.6, 570.148.08, 74, 93, 82, 23028, 21029, 1571, 1185, 6251, 150.00, 150.00
1762628369,0, NVIDIA A10, GPU-359b21ab-3dbf-5646-ba1f-a513e3866c50, 8.6, 570.148.08, 74, 93, 91, 23028, 21029, 1571, 1365, 6251, 150.05, 150.00
1762628370,0, NVIDIA A10, GPU-359b21ab-3dbf-5646-ba1f-a513e3866c50, 8.6, 570.148.08, 74, 92, 91, 23028, 21029, 1571, 1395, 6251, 147.98, 150.00
1762628371,0, NVIDIA A10, GPU-359b21ab-3dbf-5646-ba1f-a513e3866c50, 8.6, 570.148.08, 74, 93, 93, 23028, 21029, 1571, 1455, 6251, 153.24, 150.00
1762628372,0, NVIDIA A10, GPU-359b21ab-3dbf-5646-ba1f-a513e3866c50, 8.6, 570.148.08, 74, 93, 91, 23028, 21029, 1571, 1410, 6251, 149.78, 150.00
1762628373,0, NVIDIA A10, GPU-359b21ab-3dbf-5646-ba1f-a513e3866c50, 8.6, 570.148.08, 74, 93, 93, 23028, 21029, 1571, 1425, 6251, 148.87, 150.00
1762628374,0, NVIDIA A10, GPU-359b21ab-3dbf-5646-ba1f-a513e3866c50, 8.6, 570.148.08, 75, 93, 91, 23028, 21029, 1571, 1380, 6251, 149.84, 150.00
1762628375,0, NVIDIA A10, GPU-359b21ab-3dbf-5646-ba1f-a513e3866c50, 8.6, 570.148.08, 75, 93, 93, 23028, 21029, 1571, 1470, 6251, 146.60, 150.00
1762628376,0, NVIDIA A10, GPU-359b21ab-3dbf-5646-ba1f-a513e3866c50, 8.6, 570.148.08, 75, 93, 87, 23028, 21029, 1571, 1290, 6251, 151.48, 150.00
1762628377,0, NVIDIA A10, GPU-359b21ab-3dbf-5646-ba1f-a513e3866c50, 8.6, 570.148.08, 74, 92, 89, 23028, 21029, 1571, 1455, 6251, 147.36, 150.00
1762628378,0, NVIDIA A10, GPU-359b21ab-3dbf-5646-ba1f-a513e3866c50, 8.6, 570.148.08, 74, 93, 91, 23028, 21029, 1571, 1410, 6251, 151.74, 150.00
1762628379,0, NVIDIA A10, GPU-359b21ab-3dbf-5646-ba1f-a513e3866c50, 8.6, 570.148.08, 75, 92, 92, 23028, 21029, 1571, 1440, 6251, 148.10, 150.00
1762628380,0, NVIDIA A10, GPU-359b21ab-3dbf-5646-ba1f-a513e3866c50, 8.6, 570.148.08, 75, 92, 91, 23028, 21029, 1571, 1155, 6251, 154.24, 150.00
1762628381,0, NVIDIA A10, GPU-359b21ab-3dbf-5646-ba1f-a513e3866c50, 8.6, 570.148.08, 75, 93, 91, 23028, 21029, 1571, 1380, 6251, 152.16, 150.00
1762628382,0, NVIDIA A10, GPU-359b21ab-3dbf-5646-ba1f-a513e3866c50, 8.6, 570.148.08, 75, 93, 93, 23028, 21029, 1571, 1455, 6251, 147.78, 150.00
1762628383,0, NVIDIA A10, GPU-359b21ab-3dbf-5646-ba1f-a513e3866c50, 8.6, 570.148.08, 74, 94, 81, 23028, 21029, 1571, 1440, 6251, 146.84, 150.00
1762628384,0, NVIDIA A10, GPU-359b21ab-3dbf-5646-ba1f-a513e3866c50, 8.6, 570.148.08, 75, 92, 88, 23028, 21029, 1571, 1425, 6251, 155.91, 150.00
1762628385,0, NVIDIA A10, GPU-359b21ab-3dbf-5646-ba1f-a513e3866c50, 8.6, 570.148.08, 74, 93, 93, 23028, 21029, 1571, 1425, 6251, 151.87, 150.00
1762628386,0, NVIDIA A10, GPU-359b21ab-3dbf-5646-ba1f-a513e3866c50, 8.6, 570.148.08, 75, 93, 91, 23028, 21029, 1571, 1425, 6251, 148.22, 150.00
1762628388,0, NVIDIA A10, GPU-359b21ab-3dbf-5646-ba1f-a513e3866c50, 8.6, 570.148.08, 75, 92, 91, 23028, 21029, 1571, 1425, 6251, 152.37, 150.00
1762628389,0, NVIDIA A10, GPU-359b21ab-3dbf-5646-ba1f-a513e3866c50, 8.6, 570.148.08, 75, 92, 91, 23028, 21029, 1571, 1410, 6251, 153.08, 150.00
1762628390,0, NVIDIA A10, GPU-359b21ab-3dbf-5646-ba1f-a513e3866c50, 8.6, 570.148.08, 75, 93, 92, 23028, 21029, 1571, 1455, 6251, 149.38, 150.00
1762628391,0, NVIDIA A10, GPU-359b21ab-3dbf-5646-ba1f-a513e3866c50, 8.6, 570.148.08, 74, 93, 92, 23028, 21029, 1571, 1440, 6251, 147.74, 150.00
1762628392,0, NVIDIA A10, GPU-359b21ab-3dbf-5646-ba1f-a513e3866c50, 8.6, 570.148.08, 75, 93, 91, 23028, 21029, 1571, 1455, 6251, 145.97, 150.00
1762628393,0, NVIDIA A10, GPU-359b21ab-3dbf-5646-ba1f-a513e3866c50, 8.6, 570.148.08, 75, 93, 92, 23028, 21029, 1571, 1440, 6251, 148.09, 150.00
1762628394,0, NVIDIA A10, GPU-359b21ab-3dbf-5646-ba1f-a513e3866c50, 8.6, 570.148.08, 75, 93, 79, 23028, 21029, 1571, 1455, 6251, 146.85, 150.00
1762628395,0, NVIDIA A10, GPU-359b21ab-3dbf-5646-ba1f-a513e3866c50, 8.6, 570.148.08, 75, 93, 93, 23028, 21029, 1571, 1455, 6251, 148.16, 150.00
1762628396,0, NVIDIA A10, GPU-359b21ab-3dbf-5646-ba1f-a513e3866c50, 8.6, 570.148.08, 75, 92, 90, 23028, 21029, 1571, 1050, 6251, 152.20, 150.00
1762628397,0, NVIDIA A10, GPU-359b21ab-3dbf-5646-ba1f-a513e3866c50, 8.6, 570.148.08, 75, 93, 92, 23028, 21029, 1571, 1380, 6251, 150.95, 150.00
1762628398,0, NVIDIA A10, GPU-359b21ab-3dbf-5646-ba1f-a513e3866c50, 8.6, 570.148.08, 75, 93, 91, 23028, 21029, 1571, 1395, 6251, 149.40, 150.00
1762628399,0, NVIDIA A10, GPU-359b21ab-3dbf-5646-ba1f-a513e3866c50, 8.6, 570.148.08, 75, 94, 82, 23028, 21029, 1571, 1440, 6251, 149.23, 150.00
1762628400,0, NVIDIA A10, GPU-359b21ab-3dbf-5646-ba1f-a513e3866c50, 8.6, 570.148.08, 75, 93, 87, 23028, 21029, 1571, 1455, 6251, 154.83, 150.00
1762628401,0, NVIDIA A10, GPU-359b21ab-3dbf-5646-ba1f-a513e3866c50, 8.6, 570.148.08, 75, 92, 91, 23028, 21029, 1571, 1440, 6251, 149.34, 150.00
1762628402,0, NVIDIA A10, GPU-359b21ab-3dbf-5646-ba1f-a513e3866c50, 8.6, 570.148.08, 75, 93, 92, 23028, 21029, 1571, 1425, 6251, 146.98, 150.00
1762628403,0, NVIDIA A10, GPU-359b21ab-3dbf-5646-ba1f-a513e3866c50, 8.6, 570.148.08, 75, 92, 92, 23028, 21029, 1571, 1155, 6251, 148.07, 150.00
1762628404,0, NVIDIA A10, GPU-359b21ab-3dbf-5646-ba1f-a513e3866c50, 8.6, 570.148.08, 75, 92, 92, 23028, 21029, 1571, 1425, 6251, 146.77, 150.00
1762628405,0, NVIDIA A10, GPU-359b21ab-3dbf-5646-ba1f-a513e3866c50, 8.6, 570.148.08, 75, 93, 91, 23028, 21029, 1571, 1410, 6251, 148.30, 150.00
1762628406,0, NVIDIA A10, GPU-359b21ab-3dbf-5646-ba1f-a513e3866c50, 8.6, 570.148.08, 75, 92, 92, 23028, 21029, 1571, 1410, 6251, 153.15, 150.00
1762628407,0, NVIDIA A10, GPU-359b21ab-3dbf-5646-ba1f-a513e3866c50, 8.6, 570.148.08, 75, 92, 93, 23028, 21029, 1571, 1440, 6251, 151.13, 150.00
1762628408,0, NVIDIA A10, GPU-359b21ab-3dbf-5646-ba1f-a513e3866c50, 8.6, 570.148.08, 75, 92, 91, 23028, 21029, 1571, 1410, 6251, 151.85, 150.00
1762628409,0, NVIDIA A10, GPU-359b21ab-3dbf-5646-ba1f-a513e3866c50, 8.6, 570.148.08, 75, 92, 91, 23028, 21029, 1571, 1410, 6251, 149.45, 150.00
1762628410,0, NVIDIA A10, GPU-359b21ab-3dbf-5646-ba1f-a513e3866c50, 8.6, 570.148.08, 75, 94, 82, 23028, 21029, 1571, 1425, 6251, 149.69, 150.00
1762628411,0, NVIDIA A10, GPU-359b21ab-3dbf-5646-ba1f-a513e3866c50, 8.6, 570.148.08, 75, 93, 91, 23028, 21029, 1571, 1395, 6251, 149.70, 150.00
1762628412,0, NVIDIA A10, GPU-359b21ab-3dbf-5646-ba1f-a513e3866c50, 8.6, 570.148.08, 75, 92, 92, 23028, 21029, 1571, 1425, 6251, 147.91, 150.00
1762628413,0, NVIDIA A10, GPU-359b21ab-3dbf-5646-ba1f-a513e3866c50, 8.6, 570.148.08, 75, 92, 92, 23028, 21029, 1571, 1380, 6251, 149.93, 150.00
1762628414,0, NVIDIA A10, GPU-359b21ab-3dbf-5646-ba1f-a513e3866c50, 8.6, 570.148.08, 75, 94, 81, 23028, 21029, 1571, 1230, 6251, 150.78, 150.00
1762628415,0, NVIDIA A10, GPU-359b21ab-3dbf-5646-ba1f-a513e3866c50, 8.6, 570.148.08, 75, 93, 93, 23028, 21029, 1571, 1425, 6251, 149.15, 150.00
1762628416,0, NVIDIA A10, GPU-359b21ab-3dbf-5646-ba1f-a513e3866c50, 8.6, 570.148.08, 75, 92, 92, 23028, 21029, 1571, 1425, 6251, 151.93, 150.00
1762628417,0, NVIDIA A10, GPU-359b21ab-3dbf-5646-ba1f-a513e3866c50, 8.6, 570.148.08, 75, 93, 91, 23028, 21029, 1571, 1395, 6251, 150.06, 150.00
1762628418,0, NVIDIA A10, GPU-359b21ab-3dbf-5646-ba1f-a513e3866c50, 8.6, 570.148.08, 75, 93, 91, 23028, 21029, 1571, 1395, 6251, 148.81, 150.00
1762628419,0, NVIDIA A10, GPU-359b21ab-3dbf-5646-ba1f-a513e3866c50, 8.6, 570.148.08, 75, 93, 87, 23028, 21029, 1571, 1455, 6251, 150.54, 150.00
1762628421,0, NVIDIA A10, GPU-359b21ab-3dbf-5646-ba1f-a513e3866c50, 8.6, 570.148.08, 75, 92, 92, 23028, 21029, 1571, 1395, 6251, 148.78, 150.00
1762628422,0, NVIDIA A10, GPU-359b21ab-3dbf-5646-ba1f-a513e3866c50, 8.6, 570.148.08, 75, 94, 82, 23028, 21029, 1571, 1110, 6251, 150.49, 150.00
1762628423,0, NVIDIA A10, GPU-359b21ab-3dbf-5646-ba1f-a513e3866c50, 8.6, 570.148.08, 75, 93, 91, 23028, 21029, 1571, 1365, 6251, 151.20, 150.00
1762628424,0, NVIDIA A10, GPU-359b21ab-3dbf-5646-ba1f-a513e3866c50, 8.6, 570.148.08, 75, 93, 93, 23028, 21029, 1571, 1410, 6251, 147.89, 150.00
1762628425,0, NVIDIA A10, GPU-359b21ab-3dbf-5646-ba1f-a513e3866c50, 8.6, 570.148.08, 75, 93, 93, 23028, 21029, 1571, 1425, 6251, 151.87, 150.00
1762628426,0, NVIDIA A10, GPU-359b21ab-3dbf-5646-ba1f-a513e3866c50, 8.6, 570.148.08, 75, 93, 91, 23028, 21029, 1571, 1410, 6251, 149.80, 150.00
1762628427,0, NVIDIA A10, GPU-359b21ab-3dbf-5646-ba1f-a513e3866c50, 8.6, 570.148.08, 75, 94, 80, 23028, 21029, 1571, 1440, 6251, 145.64, 150.00
1762628428,0, NVIDIA A10, GPU-359b21ab-3dbf-5646-ba1f-a513e3866c50, 8.6, 570.148.08, 75, 93, 91, 23028, 21029, 1571, 1410, 6251, 149.85, 150.00
1762628429,0, NVIDIA A10, GPU-359b21ab-3dbf-5646-ba1f-a513e3866c50, 8.6, 570.148.08, 75, 93, 92, 23028, 21029, 1571, 915, 6251, 149.28, 150.00
1762628430,0, NVIDIA A10, GPU-359b21ab-3dbf-5646-ba1f-a513e3866c50, 8.6, 570.148.08, 75, 92, 92, 23028, 21029, 1571, 1365, 6251, 146.63, 150.00
1762628431,0, NVIDIA A10, GPU-359b21ab-3dbf-5646-ba1f-a513e3866c50, 8.6, 570.148.08, 75, 93, 91, 23028, 21029, 1571, 1395, 6251, 149.54, 150.00
1762628432,0, NVIDIA A10, GPU-359b21ab-3dbf-5646-ba1f-a513e3866c50, 8.6, 570.148.08, 75, 93, 93, 23028, 21029, 1571, 1425, 6251, 146.95, 150.00
1762628433,0, NVIDIA A10, GPU-359b21ab-3dbf-5646-ba1f-a513e3866c50, 8.6, 570.148.08, 75, 92, 93, 23028, 21029, 1571, 1455, 6251, 147.46, 150.00
1762628434,0, NVIDIA A10, GPU-359b21ab-3dbf-5646-ba1f-a513e3866c50, 8.6, 570.148.08, 76, 93, 86, 23028, 21029, 1571, 1305, 6251, 152.79, 150.00
1762628435,0, NVIDIA A10, GPU-359b21ab-3dbf-5646-ba1f-a513e3866c50, 8.6, 570.148.08, 75, 93, 92, 23028, 21029, 1571, 1440, 6251, 148.01, 150.00
1762628436,0, NVIDIA A10, GPU-359b21ab-3dbf-5646-ba1f-a513e3866c50, 8.6, 570.148.08, 75, 93, 91, 23028, 21029, 1571, 1410, 6251, 148.19, 150.00
1762628437,0, NVIDIA A10, GPU-359b21ab-3dbf-5646-ba1f-a513e3866c50, 8.6, 570.148.08, 75, 93, 93, 23028, 21029, 1571, 1425, 6251, 148.91, 150.00
1762628438,0, NVIDIA A10, GPU-359b21ab-3dbf-5646-ba1f-a513e3866c50, 8.6, 570.148.08, 75, 93, 91, 23028, 21029, 1571, 1395, 6251, 147.87, 150.00
1762628439,0, NVIDIA A10, GPU-359b21ab-3dbf-5646-ba1f-a513e3866c50, 8.6, 570.148.08, 75, 93, 85, 23028, 21029, 1571, 1425, 6251, 154.63, 150.00
1762628440,0, NVIDIA A10, GPU-359b21ab-3dbf-5646-ba1f-a513e3866c50, 8.6, 570.148.08, 75, 93, 82, 23028, 21029, 1571, 1455, 6251, 148.15, 150.00
1762628441,0, NVIDIA A10, GPU-359b21ab-3dbf-5646-ba1f-a513e3866c50, 8.6, 570.148.08, 75, 92, 91, 23028, 21029, 1571, 1410, 6251, 150.26, 150.00
1762628442,0, NVIDIA A10, GPU-359b21ab-3dbf-5646-ba1f-a513e3866c50, 8.6, 570.148.08, 75, 92, 92, 23028, 21029, 1571, 915, 6251, 154.51, 150.00
1762628443,0, NVIDIA A10, GPU-359b21ab-3dbf-5646-ba1f-a513e3866c50, 8.6, 570.148.08, 75, 93, 93, 23028, 21029, 1571, 1395, 6251, 149.83, 150.00
1762628444,0, NVIDIA A10, GPU-359b21ab-3dbf-5646-ba1f-a513e3866c50, 8.6, 570.148.08, 76, 93, 91, 23028, 21029, 1571, 1380, 6251, 149.68, 150.00
1762628445,0, NVIDIA A10, GPU-359b21ab-3dbf-5646-ba1f-a513e3866c50, 8.6, 570.148.08, 75, 92, 89, 23028, 21029, 1571, 1455, 6251, 148.26, 150.00
1762628446,0, NVIDIA A10, GPU-359b21ab-3dbf-5646-ba1f-a513e3866c50, 8.6, 570.148.08, 76, 93, 91, 23028, 21029, 1571, 1410, 6251, 149.96, 150.00
1762628447,0, NVIDIA A10, GPU-359b21ab-3dbf-5646-ba1f-a513e3866c50, 8.6, 570.148.08, 75, 90, 91, 23028, 21029, 1571, 1425, 6251, 152.24, 150.00
1762628448,0, NVIDIA A10, GPU-359b21ab-3dbf-5646-ba1f-a513e3866c50, 8.6, 570.148.08, 76, 93, 93, 23028, 21029, 1571, 1440, 6251, 149.40, 150.00
1762628449,0, NVIDIA A10, GPU-359b21ab-3dbf-5646-ba1f-a513e3866c50, 8.6, 570.148.08, 76, 93, 92, 23028, 21029, 1571, 1425, 6251, 151.30, 150.00
1762628450,0, NVIDIA A10, GPU-359b21ab-3dbf-5646-ba1f-a513e3866c50, 8.6, 570.148.08, 75, 94, 84, 23028, 21029, 1571, 1425, 6251, 152.27, 150.00
1762628451,0, NVIDIA A10, GPU-359b21ab-3dbf-5646-ba1f-a513e3866c50, 8.6, 570.148.08, 76, 93, 93, 23028, 21029, 1571, 1440, 6251, 148.48, 150.00
1762628452,0, NVIDIA A10, GPU-359b21ab-3dbf-5646-ba1f-a513e3866c50, 8.6, 570.148.08, 76, 92, 92, 23028, 21029, 1571, 1455, 6251, 151.52, 150.00
1762628453,0, NVIDIA A10, GPU-359b21ab-3dbf-5646-ba1f-a513e3866c50, 8.6, 570.148.08, 75, 93, 91, 23028, 21029, 1571, 1410, 6251, 149.65, 150.00
1762628455,0, NVIDIA A10, GPU-359b21ab-3dbf-5646-ba1f-a513e3866c50, 8.6, 570.148.08, 76, 93, 93, 23028, 21029, 1571, 1425, 6251, 152.70, 150.00
1762628456,0, NVIDIA A10, GPU-359b21ab-3dbf-5646-ba1f-a513e3866c50, 8.6, 570.148.08, 76, 93, 91, 23028, 21029, 1571, 1395, 6251, 149.75, 150.00
1762628457,0, NVIDIA A10, GPU-359b21ab-3dbf-5646-ba1f-a513e3866c50, 8.6, 570.148.08, 76, 93, 84, 23028, 21029, 1571, 1335, 6251, 153.95, 150.00
1762628458,0, NVIDIA A10, GPU-359b21ab-3dbf-5646-ba1f-a513e3866c50, 8.6, 570.148.08, 76, 92, 91, 23028, 21029, 1571, 1395, 6251, 148.18, 150.00
1762628459,0, NVIDIA A10, GPU-359b21ab-3dbf-5646-ba1f-a513e3866c50, 8.6, 570.148.08, 76, 93, 93, 23028, 21029, 1571, 1395, 6251, 147.27, 150.00
1762628460,0, NVIDIA A10, GPU-359b21ab-3dbf-5646-ba1f-a513e3866c50, 8.6, 570.148.08, 75, 94, 82, 23028, 21029, 1571, 1365, 6251, 152.41, 150.00
1762628461,0, NVIDIA A10, GPU-359b21ab-3dbf-5646-ba1f-a513e3866c50, 8.6, 570.148.08, 76, 92, 92, 23028, 21029, 1571, 1395, 6251, 152.64, 150.00
1762628462,0, NVIDIA A10, GPU-359b21ab-3dbf-5646-ba1f-a513e3866c50, 8.6, 570.148.08, 76, 92, 91, 23028, 21029, 1571, 1440, 6251, 146.33, 150.00
1762628463,0, NVIDIA A10, GPU-359b21ab-3dbf-5646-ba1f-a513e3866c50, 8.6, 570.148.08, 76, 93, 93, 23028, 21029, 1571, 1455, 6251, 147.61, 150.00
1762628464,0, NVIDIA A10, GPU-359b21ab-3dbf-5646-ba1f-a513e3866c50, 8.6, 570.148.08, 76, 92, 92, 23028, 21029, 1571, 1410, 6251, 146.26, 150.00
1762628465,0, NVIDIA A10, GPU-359b21ab-3dbf-5646-ba1f-a513e3866c50, 8.6, 570.148.08, 76, 92, 91, 23028, 21029, 1571, 1425, 6251, 146.74, 150.00
1762628466,0, NVIDIA A10, GPU-359b21ab-3dbf-5646-ba1f-a513e3866c50, 8.6, 570.148.08, 76, 93, 80, 23028, 21029, 1571, 1410, 6251, 148.59, 150.00
1762628467,0, NVIDIA A10, GPU-359b21ab-3dbf-5646-ba1f-a513e3866c50, 8.6, 570.148.08, 76, 93, 91, 23028, 21029, 1571, 1380, 6251, 147.08, 150.00
1762628468,0, NVIDIA A10, GPU-359b21ab-3dbf-5646-ba1f-a513e3866c50, 8.6, 570.148.08, 76, 93, 92, 23028, 21029, 1571, 1395, 6251, 153.40, 150.00
1762628469,0, NVIDIA A10, GPU-359b21ab-3dbf-5646-ba1f-a513e3866c50, 8.6, 570.148.08, 76, 93, 91, 23028, 21029, 1571, 1380, 6251, 150.19, 150.00
1762628470,0, NVIDIA A10, GPU-359b21ab-3dbf-5646-ba1f-a513e3866c50, 8.6, 570.148.08, 76, 93, 93, 23028, 21029, 1571, 1395, 6251, 150.82, 150.00
1762628471,0, NVIDIA A10, GPU-359b21ab-3dbf-5646-ba1f-a513e3866c50, 8.6, 570.148.08, 76, 92, 92, 23028, 21029, 1571, 1425, 6251, 149.69, 150.00
1762628472,0, NVIDIA A10, GPU-359b21ab-3dbf-5646-ba1f-a513e3866c50, 8.6, 570.148.08, 76, 92, 92, 23028, 21029, 1571, 1425, 6251, 147.93, 150.00
1762628473,0, NVIDIA A10, GPU-359b21ab-3dbf-5646-ba1f-a513e3866c50, 8.6, 570.148.08, 76, 93, 91, 23028, 21029, 1571, 1410, 6251, 153.88, 150.00
1762628474,0, NVIDIA A10, GPU-359b21ab-3dbf-5646-ba1f-a513e3866c50, 8.6, 570.148.08, 76, 92, 93, 23028, 21029, 1571, 1410, 6251, 151.93, 150.00
1762628475,0, NVIDIA A10, GPU-359b21ab-3dbf-5646-ba1f-a513e3866c50, 8.6, 570.148.08, 76, 92, 92, 23028, 21029, 1571, 1425, 6251, 147.29, 150.00
1762628476,0, NVIDIA A10, GPU-359b21ab-3dbf-5646-ba1f-a513e3866c50, 8.6, 570.148.08, 76, 92, 92, 23028, 21029, 1571, 1440, 6251, 148.10, 150.00
1762628477,0, NVIDIA A10, GPU-359b21ab-3dbf-5646-ba1f-a513e3866c50, 8.6, 570.148.08, 76, 93, 88, 23028, 21029, 1571, 1455, 6251, 153.41, 150.00
1762628478,0, NVIDIA A10, GPU-359b21ab-3dbf-5646-ba1f-a513e3866c50, 8.6, 570.148.08, 76, 93, 91, 23028, 21029, 1571, 1410, 6251, 148.90, 150.00
1762628479,0, NVIDIA A10, GPU-359b21ab-3dbf-5646-ba1f-a513e3866c50, 8.6, 570.148.08, 76, 93, 93, 23028, 21029, 1571, 1440, 6251, 146.93, 150.00
1762628480,0, NVIDIA A10, GPU-359b21ab-3dbf-5646-ba1f-a513e3866c50, 8.6, 570.148.08, 76, 92, 92, 23028, 21029, 1571, 1425, 6251, 149.34, 150.00
1762628481,0, NVIDIA A10, GPU-359b21ab-3dbf-5646-ba1f-a513e3866c50, 8.6, 570.148.08, 76, 93, 92, 23028, 21029, 1571, 1440, 6251, 146.57, 150.00
1762628482,0, NVIDIA A10, GPU-359b21ab-3dbf-5646-ba1f-a513e3866c50, 8.6, 570.148.08, 76, 93, 91, 23028, 21029, 1571, 1080, 6251, 149.20, 150.00
1762628483,0, NVIDIA A10, GPU-359b21ab-3dbf-5646-ba1f-a513e3866c50, 8.6, 570.148.08, 76, 92, 91, 23028, 21029, 1571, 1365, 6251, 152.53, 150.00
1762628484,0, NVIDIA A10, GPU-359b21ab-3dbf-5646-ba1f-a513e3866c50, 8.6, 570.148.08, 76, 92, 91, 23028, 21029, 1571, 1380, 6251, 146.93, 150.00
1762628485,0, NVIDIA A10, GPU-359b21ab-3dbf-5646-ba1f-a513e3866c50, 8.6, 570.148.08, 76, 92, 92, 23028, 21029, 1571, 1440, 6251, 147.10, 150.00
1762628486,0, NVIDIA A10, GPU-359b21ab-3dbf-5646-ba1f-a513e3866c50, 8.6, 570.148.08, 76, 93, 92, 23028, 21029, 1571, 1395, 6251, 148.22, 150.00
1762628487,0, NVIDIA A10, GPU-359b21ab-3dbf-5646-ba1f-a513e3866c50, 8.6, 570.148.08, 76, 91, 92, 23028, 21029, 1571, 1365, 6251, 147.42, 150.00
1762628489,0, NVIDIA A10, GPU-359b21ab-3dbf-5646-ba1f-a513e3866c50, 8.6, 570.148.08, 76, 92, 91, 23028, 21029, 1571, 1380, 6251, 149.29, 150.00
1762628490,0, NVIDIA A10, GPU-359b21ab-3dbf-5646-ba1f-a513e3866c50, 8.6, 570.148.08, 76, 92, 90, 23028, 21029, 1571, 1380, 6251, 152.99, 150.00
1762628491,0, NVIDIA A10, GPU-359b21ab-3dbf-5646-ba1f-a513e3866c50, 8.6, 570.148.08, 76, 93, 82, 23028, 21029, 1571, 1350, 6251, 149.37, 150.00
1762628492,0, NVIDIA A10, GPU-359b21ab-3dbf-5646-ba1f-a513e3866c50, 8.6, 570.148.08, 76, 90, 89, 23028, 21029, 1571, 1410, 6251, 151.37, 150.00
1762628493,0, NVIDIA A10, GPU-359b21ab-3dbf-5646-ba1f-a513e3866c50, 8.6, 570.148.08, 76, 93, 91, 23028, 21029, 1571, 1395, 6251, 149.91, 150.00
1762628494,0, NVIDIA A10, GPU-359b21ab-3dbf-5646-ba1f-a513e3866c50, 8.6, 570.148.08, 76, 94, 80, 23028, 21029, 1571, 1440, 6251, 148.04, 150.00
1762628495,0, NVIDIA A10, GPU-359b21ab-3dbf-5646-ba1f-a513e3866c50, 8.6, 570.148.08, 76, 93, 92, 23028, 21029, 1571, 1380, 6251, 151.42, 150.00
1762628496,0, NVIDIA A10, GPU-359b21ab-3dbf-5646-ba1f-a513e3866c50, 8.6, 570.148.08, 76, 93, 91, 23028, 21029, 1571, 1380, 6251, 151.03, 150.00
1762628497,0, NVIDIA A10, GPU-359b21ab-3dbf-5646-ba1f-a513e3866c50, 8.6, 570.148.08, 76, 93, 91, 23028, 21029, 1571, 1410, 6251, 150.03, 150.00
1762628498,0, NVIDIA A10, GPU-359b21ab-3dbf-5646-ba1f-a513e3866c50, 8.6, 570.148.08, 76, 92, 89, 23028, 21029, 1571, 1410, 6251, 152.72, 150.00
1762628499,0, NVIDIA A10, GPU-359b21ab-3dbf-5646-ba1f-a513e3866c50, 8.6, 570.148.08, 76, 92, 90, 23028, 21029, 1571, 1365, 6251, 151.36, 150.00
1762628500,0, NVIDIA A10, GPU-359b21ab-3dbf-5646-ba1f-a513e3866c50, 8.6, 570.148.08, 76, 92, 92, 23028, 21029, 1571, 1425, 6251, 150.77, 150.00
1762628501,0, NVIDIA A10, GPU-359b21ab-3dbf-5646-ba1f-a513e3866c50, 8.6, 570.148.08, 76, 93, 91, 23028, 21029, 1571, 1380, 6251, 152.43, 150.00
1762628502,0, NVIDIA A10, GPU-359b21ab-3dbf-5646-ba1f-a513e3866c50, 8.6, 570.148.08, 76, 92, 89, 23028, 21029, 1571, 1380, 6251, 149.76, 150.00
1762628503,0, NVIDIA A10, GPU-359b21ab-3dbf-5646-ba1f-a513e3866c50, 8.6, 570.148.08, 76, 92, 93, 23028, 21029, 1571, 1410, 6251, 145.43, 150.00
1762628504,0, NVIDIA A10, GPU-359b21ab-3dbf-5646-ba1f-a513e3866c50, 8.6, 570.148.08, 76, 92, 91, 23028, 21029, 1571, 1395, 6251, 148.48, 150.00
1762628505,0, NVIDIA A10, GPU-359b21ab-3dbf-5646-ba1f-a513e3866c50, 8.6, 570.148.08, 76, 93, 91, 23028, 21029, 1571, 1395, 6251, 151.68, 150.00
1762628506,0, NVIDIA A10, GPU-359b21ab-3dbf-5646-ba1f-a513e3866c50, 8.6, 570.148.08, 76, 93, 92, 23028, 21029, 1571, 1425, 6251, 148.57, 150.00
1762628507,0, NVIDIA A10, GPU-359b21ab-3dbf-5646-ba1f-a513e3866c50, 8.6, 570.148.08, 76, 93, 91, 23028, 21029, 1571, 1395, 6251, 148.75, 150.00
1762628508,0, NVIDIA A10, GPU-359b21ab-3dbf-5646-ba1f-a513e3866c50, 8.6, 570.148.08, 76, 92, 91, 23028, 21029, 1571, 1410, 6251, 148.12, 150.00
1762628509,0, NVIDIA A10, GPU-359b21ab-3dbf-5646-ba1f-a513e3866c50, 8.6, 570.148.08, 76, 92, 93, 23028, 21029, 1571, 1455, 6251, 146.11, 150.00
1762628510,0, NVIDIA A10, GPU-359b21ab-3dbf-5646-ba1f-a513e3866c50, 8.6, 570.148.08, 76, 93, 91, 23028, 21029, 1571, 1395, 6251, 151.91, 150.00
1762628511,0, NVIDIA A10, GPU-359b21ab-3dbf-5646-ba1f-a513e3866c50, 8.6, 570.148.08, 76, 93, 92, 23028, 21029, 1571, 1410, 6251, 156.14, 150.00
1762628512,0, NVIDIA A10, GPU-359b21ab-3dbf-5646-ba1f-a513e3866c50, 8.6, 570.148.08, 76, 93, 93, 23028, 21029, 1571, 1440, 6251, 149.08, 150.00
1762628513,0, NVIDIA A10, GPU-359b21ab-3dbf-5646-ba1f-a513e3866c50, 8.6, 570.148.08, 76, 91, 91, 23028, 21029, 1571, 1425, 6251, 152.07, 150.00
1762628514,0, NVIDIA A10, GPU-359b21ab-3dbf-5646-ba1f-a513e3866c50, 8.6, 570.148.08, 76, 92, 92, 23028, 21029, 1571, 1455, 6251, 146.49, 150.00
1762628515,0, NVIDIA A10, GPU-359b21ab-3dbf-5646-ba1f-a513e3866c50, 8.6, 570.148.08, 76, 92, 90, 23028, 21029, 1571, 1440, 6251, 147.06, 150.00
1762628516,0, NVIDIA A10, GPU-359b21ab-3dbf-5646-ba1f-a513e3866c50, 8.6, 570.148.08, 76, 91, 91, 23028, 21029, 1571, 1470, 6251, 151.96, 150.00
1762628517,0, NVIDIA A10, GPU-359b21ab-3dbf-5646-ba1f-a513e3866c50, 8.6, 570.148.08, 76, 91, 92, 23028, 21029, 1571, 1455, 6251, 150.60, 150.00
1762628518,0, NVIDIA A10, GPU-359b21ab-3dbf-5646-ba1f-a513e3866c50, 8.6, 570.148.08, 76, 92, 92, 23028, 21029, 1571, 1440, 6251, 148.08, 150.00
1762628519,0, NVIDIA A10, GPU-359b21ab-3dbf-5646-ba1f-a513e3866c50, 8.6, 570.148.08, 76, 90, 90, 23028, 21029, 1571, 1455, 6251, 147.80, 150.00
1762628520,0, NVIDIA A10, GPU-359b21ab-3dbf-5646-ba1f-a513e3866c50, 8.6, 570.148.08, 76, 94, 82, 23028, 21029, 1571, 1380, 6251, 149.07, 150.00
1762628521,0, NVIDIA A10, GPU-359b21ab-3dbf-5646-ba1f-a513e3866c50, 8.6, 570.148.08, 76, 93, 91, 23028, 21029, 1571, 1410, 6251, 148.08, 150.00
1762628523,0, NVIDIA A10, GPU-359b21ab-3dbf-5646-ba1f-a513e3866c50, 8.6, 570.148.08, 76, 94, 80, 23028, 21029, 1571, 1380, 6251, 146.66, 150.00
1762628524,0, NVIDIA A10, GPU-359b21ab-3dbf-5646-ba1f-a513e3866c50, 8.6, 570.148.08, 76, 93, 91, 23028, 21029, 1571, 1380, 6251, 147.68, 150.00
1762628525,0, NVIDIA A10, GPU-359b21ab-3dbf-5646-ba1f-a513e3866c50, 8.6, 570.148.08, 76, 93, 92, 23028, 21029, 1571, 1410, 6251, 152.99, 150.00
1762628526,0, NVIDIA A10, GPU-359b21ab-3dbf-5646-ba1f-a513e3866c50, 8.6, 570.148.08, 76, 93, 91, 23028, 21029, 1571, 1365, 6251, 149.73, 150.00
1762628527,0, NVIDIA A10, GPU-359b21ab-3dbf-5646-ba1f-a513e3866c50, 8.6, 570.148.08, 76, 93, 93, 23028, 21029, 1571, 1410, 6251, 149.91, 150.00
1762628528,0, NVIDIA A10, GPU-359b21ab-3dbf-5646-ba1f-a513e3866c50, 8.6, 570.148.08, 76, 93, 91, 23028, 21029, 1571, 1395, 6251, 150.19, 150.00
1762628529,0, NVIDIA A10, GPU-359b21ab-3dbf-5646-ba1f-a513e3866c50, 8.6, 570.148.08, 76, 89, 90, 23028, 21029, 1571, 1470, 6251, 151.66, 150.00
1762628530,0, NVIDIA A10, GPU-359b21ab-3dbf-5646-ba1f-a513e3866c50, 8.6, 570.148.08, 73, 0, 0, 23028, 21029, 1571, 1695, 6251, 105.19, 150.00
1762628531,0, NVIDIA A10, GPU-359b21ab-3dbf-5646-ba1f-a513e3866c50, 8.6, 570.148.08, 73, 0, 0, 23028, 21029, 1571, 1695, 6251, 81.63, 150.00
1762628532,0, NVIDIA A10, GPU-359b21ab-3dbf-5646-ba1f-a513e3866c50, 8.6, 570.148.08, 72, 0, 0, 23028, 3, 22596, 1695, 6251, 83.22, 150.00
1762628533,0, NVIDIA A10, GPU-359b21ab-3dbf-5646-ba1f-a513e3866c50, 8.6, 570.148.08, 72, 0, 0, 23028, 0, 22599, 1695, 6251, 78.37, 150.00
1762628534,0, NVIDIA A10, GPU-359b21ab-3dbf-5646-ba1f-a513e3866c50, 8.6, 570.148.08, 71, 0, 0, 23028, 0, 22599, 450, 6251, 78.21, 150.00
1762628535,0, NVIDIA A10, GPU-359b21ab-3dbf-5646-ba1f-a513e3866c50, 8.6, 570.148.08, 69, 0, 0, 23028, 0, 22599, 285, 6251, 54.22, 150.00
1762628536,0, NVIDIA A10, GPU-359b21ab-3dbf-5646-ba1f-a513e3866c50, 8.6, 570.148.08, 69, 0, 0, 23028, 0, 22599, 210, 6251, 51.64, 150.00
1762628537,0, NVIDIA A10, GPU-359b21ab-3dbf-5646-ba1f-a513e3866c50, 8.6, 570.148.08, 68, 0, 0, 23028, 0, 22599, 210, 6251, 51.26, 150.00
1762628538,0, NVIDIA A10, GPU-359b21ab-3dbf-5646-ba1f-a513e3866c50, 8.6, 570.148.08, 68, 0, 0, 23028, 0, 22599, 210, 405, 19.50, 150.00
1762628539,0, NVIDIA A10, GPU-359b21ab-3dbf-5646-ba1f-a513e3866c50, 8.6, 570.148.08, 67, 0, 0, 23028, 0, 22599, 210, 405, 19.22, 150.00
1762628540,0, NVIDIA A10, GPU-359b21ab-3dbf-5646-ba1f-a513e3866c50, 8.6, 570.148.08, 65, 0, 0, 23028, 0, 22599, 210, 405, 18.89, 150.00
1762628541,0, NVIDIA A10, GPU-359b21ab-3dbf-5646-ba1f-a513e3866c50, 8.6, 570.148.08, 65, 0, 0, 23028, 0, 22599, 210, 405, 18.80, 150.00
1762628542,0, NVIDIA A10, GPU-359b21ab-3dbf-5646-ba1f-a513e3866c50, 8.6, 570.148.08, 64, 0, 0, 23028, 0, 22599, 210, 405, 18.70, 150.00
1762628543,0, NVIDIA A10, GPU-359b21ab-3dbf-5646-ba1f-a513e3866c50, 8.6, 570.148.08, 63, 0, 0, 23028, 3, 22596, 210, 405, 23.43, 150.00
1762628544,0, NVIDIA A10, GPU-359b21ab-3dbf-5646-ba1f-a513e3866c50, 8.6, 570.148.08, 65, 0, 0, 23028, 3219, 19381, 1695, 6251, 67.86, 150.00
1762628545,0, NVIDIA A10, GPU-359b21ab-3dbf-5646-ba1f-a513e3866c50, 8.6, 570.148.08, 65, 0, 0, 23028, 2717, 19883, 1695, 6251, 72.47, 150.00
1762628546,0, NVIDIA A10, GPU-359b21ab-3dbf-5646-ba1f-a513e3866c50, 8.6, 570.148.08, 65, 0, 0, 23028, 2717, 19883, 1695, 6251, 71.68, 150.00
1762628547,0, NVIDIA A10, GPU-359b21ab-3dbf-5646-ba1f-a513e3866c50, 8.6, 570.148.08, 64, 0, 0, 23028, 2717, 19883, 1695, 6251, 71.39, 150.00
1762628548,0, NVIDIA A10, GPU-359b21ab-3dbf-5646-ba1f-a513e3866c50, 8.6, 570.148.08, 64, 0, 0, 23028, 2717, 19883, 1695, 6251, 71.21, 150.00
1762628549,0, NVIDIA A10, GPU-359b21ab-3dbf-5646-ba1f-a513e3866c50, 8.6, 570.148.08, 64, 0, 0, 23028, 2717, 19883, 1695, 6251, 71.17, 150.00
1762628550,0, NVIDIA A10, GPU-359b21ab-3dbf-5646-ba1f-a513e3866c50, 8.6, 570.148.08, 64, 0, 0, 23028, 4291, 18309, 1695, 6251, 95.21, 150.00
1762628551,0, NVIDIA A10, GPU-359b21ab-3dbf-5646-ba1f-a513e3866c50, 8.6, 570.148.08, 67, 57, 36, 23028, 19607, 2993, 1530, 6251, 118.69, 150.00
1762628552,0, NVIDIA A10, GPU-359b21ab-3dbf-5646-ba1f-a513e3866c50, 8.6, 570.148.08, 66, 29, 22, 23028, 19753, 2847, 1650, 6251, 129.95, 150.00
1762628553,0, NVIDIA A10, GPU-359b21ab-3dbf-5646-ba1f-a513e3866c50, 8.6, 570.148.08, 65, 0, 0, 23028, 21029, 1571, 1680, 6251, 99.03, 150.00
1762628554,0, NVIDIA A10, GPU-359b21ab-3dbf-5646-ba1f-a513e3866c50, 8.6, 570.148.08, 64, 0, 0, 23028, 21029, 1571, 1695, 6251, 72.02, 150.00
1762628555,0, NVIDIA A10, GPU-359b21ab-3dbf-5646-ba1f-a513e3866c50, 8.6, 570.148.08, 64, 0, 0, 23028, 21029, 1571, 1695, 6251, 70.32, 150.00
1762628556,0, NVIDIA A10, GPU-359b21ab-3dbf-5646-ba1f-a513e3866c50, 8.6, 570.148.08, 64, 0, 0, 23028, 21029, 1571, 1695, 6251, 70.28, 150.00
1762628557,0, NVIDIA A10, GPU-359b21ab-3dbf-5646-ba1f-a513e3866c50, 8.6, 570.148.08, 64, 0, 0, 23028, 21029, 1571, 1695, 6251, 70.10, 150.00
1762628558,0, NVIDIA A10, GPU-359b21ab-3dbf-5646-ba1f-a513e3866c50, 8.6, 570.148.08, 63, 0, 0, 23028, 21029, 1571, 1695, 6251, 69.91, 150.00
1762628559,0, NVIDIA A10, GPU-359b21ab-3dbf-5646-ba1f-a513e3866c50, 8.6, 570.148.08, 63, 0, 0, 23028, 21029, 1571, 1695, 6251, 70.00, 150.00
1762628560,0, NVIDIA A10, GPU-359b21ab-3dbf-5646-ba1f-a513e3866c50, 8.6, 570.148.08, 63, 0, 0, 23028, 21029, 1571, 1695, 6251, 69.90, 150.00
1762628561,0, NVIDIA A10, GPU-359b21ab-3dbf-5646-ba1f-a513e3866c50, 8.6, 570.148.08, 63, 0, 0, 23028, 21029, 1571, 1695, 6251, 69.76, 150.00
1762628562,0, NVIDIA A10, GPU-359b21ab-3dbf-5646-ba1f-a513e3866c50, 8.6, 570.148.08, 62, 0, 0, 23028, 21029, 1571, 1695, 6251, 69.57, 150.00
1762628564,0, NVIDIA A10, GPU-359b21ab-3dbf-5646-ba1f-a513e3866c50, 8.6, 570.148.08, 64, 94, 66, 23028, 21029, 1571, 1500, 6251, 86.93, 150.00
1762628565,0, NVIDIA A10, GPU-359b21ab-3dbf-5646-ba1f-a513e3866c50, 8.6, 570.148.08, 65, 93, 76, 23028, 21029, 1571, 1545, 6251, 149.52, 150.00
1762628566,0, NVIDIA A10, GPU-359b21ab-3dbf-5646-ba1f-a513e3866c50, 8.6, 570.148.08, 66, 93, 92, 23028, 21029, 1571, 1470, 6251, 149.58, 150.00
1762628567,0, NVIDIA A10, GPU-359b21ab-3dbf-5646-ba1f-a513e3866c50, 8.6, 570.148.08, 66, 92, 93, 23028, 21029, 1571, 1515, 6251, 152.39, 150.00
1762628568,0, NVIDIA A10, GPU-359b21ab-3dbf-5646-ba1f-a513e3866c50, 8.6, 570.148.08, 66, 92, 93, 23028, 21029, 1571, 1515, 6251, 148.65, 150.00
1762628569,0, NVIDIA A10, GPU-359b21ab-3dbf-5646-ba1f-a513e3866c50, 8.6, 570.148.08, 67, 92, 93, 23028, 21029, 1571, 1515, 6251, 151.67, 150.00
1762628570,0, NVIDIA A10, GPU-359b21ab-3dbf-5646-ba1f-a513e3866c50, 8.6, 570.148.08, 67, 93, 92, 23028, 21029, 1571, 1485, 6251, 149.95, 150.00
1762628571,0, NVIDIA A10, GPU-359b21ab-3dbf-5646-ba1f-a513e3866c50, 8.6, 570.148.08, 67, 92, 92, 23028, 21029, 1571, 1260, 6251, 152.65, 150.00
1762628572,0, NVIDIA A10, GPU-359b21ab-3dbf-5646-ba1f-a513e3866c50, 8.6, 570.148.08, 67, 93, 94, 23028, 21029, 1571, 1410, 6251, 148.85, 150.00
1762628573,0, NVIDIA A10, GPU-359b21ab-3dbf-5646-ba1f-a513e3866c50, 8.6, 570.148.08, 68, 93, 92, 23028, 21029, 1571, 1485, 6251, 147.01, 150.00
1762628574,0, NVIDIA A10, GPU-359b21ab-3dbf-5646-ba1f-a513e3866c50, 8.6, 570.148.08, 68, 93, 92, 23028, 21029, 1571, 1410, 6251, 148.16, 150.00
1762628575,0, NVIDIA A10, GPU-359b21ab-3dbf-5646-ba1f-a513e3866c50, 8.6, 570.148.08, 68, 93, 92, 23028, 21029, 1571, 1455, 6251, 150.93, 150.00
1762628576,0, NVIDIA A10, GPU-359b21ab-3dbf-5646-ba1f-a513e3866c50, 8.6, 570.148.08, 68, 93, 88, 23028, 21029, 1571, 1455, 6251, 150.58, 150.00
1762628577,0, NVIDIA A10, GPU-359b21ab-3dbf-5646-ba1f-a513e3866c50, 8.6, 570.148.08, 68, 93, 92, 23028, 21029, 1571, 1455, 6251, 148.77, 150.00
1762628578,0, NVIDIA A10, GPU-359b21ab-3dbf-5646-ba1f-a513e3866c50, 8.6, 570.148.08, 68, 93, 92, 23028, 21029, 1571, 1440, 6251, 150.07, 150.00
1762628579,0, NVIDIA A10, GPU-359b21ab-3dbf-5646-ba1f-a513e3866c50, 8.6, 570.148.08, 69, 92, 93, 23028, 21029, 1571, 1485, 6251, 145.95, 150.00
1762628580,0, NVIDIA A10, GPU-359b21ab-3dbf-5646-ba1f-a513e3866c50, 8.6, 570.148.08, 69, 92, 93, 23028, 21029, 1571, 1515, 6251, 151.24, 150.00
1762628581,0, NVIDIA A10, GPU-359b21ab-3dbf-5646-ba1f-a513e3866c50, 8.6, 570.148.08, 69, 93, 93, 23028, 21029, 1571, 1500, 6251, 148.28, 150.00
1762628582,0, NVIDIA A10, GPU-359b21ab-3dbf-5646-ba1f-a513e3866c50, 8.6, 570.148.08, 69, 93, 92, 23028, 21029, 1571, 1455, 6251, 149.83, 150.00
1762628583,0, NVIDIA A10, GPU-359b21ab-3dbf-5646-ba1f-a513e3866c50, 8.6, 570.148.08, 69, 93, 92, 23028, 21029, 1571, 1470, 6251, 148.15, 150.00
1762628584,0, NVIDIA A10, GPU-359b21ab-3dbf-5646-ba1f-a513e3866c50, 8.6, 570.148.08, 69, 93, 92, 23028, 21029, 1571, 1395, 6251, 148.54, 150.00
1762628585,0, NVIDIA A10, GPU-359b21ab-3dbf-5646-ba1f-a513e3866c50, 8.6, 570.148.08, 69, 92, 90, 23028, 21029, 1571, 1515, 6251, 151.70, 150.00
1762628586,0, NVIDIA A10, GPU-359b21ab-3dbf-5646-ba1f-a513e3866c50, 8.6, 570.148.08, 69, 92, 93, 23028, 21029, 1571, 1500, 6251, 148.17, 150.00
1762628587,0, NVIDIA A10, GPU-359b21ab-3dbf-5646-ba1f-a513e3866c50, 8.6, 570.148.08, 70, 93, 92, 23028, 21029, 1571, 1440, 6251, 148.57, 150.00
1762628588,0, NVIDIA A10, GPU-359b21ab-3dbf-5646-ba1f-a513e3866c50, 8.6, 570.148.08, 70, 92, 93, 23028, 21029, 1571, 1170, 6251, 148.83, 150.00
1762628589,0, NVIDIA A10, GPU-359b21ab-3dbf-5646-ba1f-a513e3866c50, 8.6, 570.148.08, 70, 92, 92, 23028, 21029, 1571, 1470, 6251, 147.21, 150.00
1762628590,0, NVIDIA A10, GPU-359b21ab-3dbf-5646-ba1f-a513e3866c50, 8.6, 570.148.08, 70, 96, 67, 23028, 21029, 1571, 1215, 6251, 148.20, 150.00
1762628591,0, NVIDIA A10, GPU-359b21ab-3dbf-5646-ba1f-a513e3866c50, 8.6, 570.148.08, 70, 92, 92, 23028, 21029, 1571, 1395, 6251, 149.93, 150.00
1762628592,0, NVIDIA A10, GPU-359b21ab-3dbf-5646-ba1f-a513e3866c50, 8.6, 570.148.08, 70, 92, 91, 23028, 21029, 1571, 1425, 6251, 149.15, 150.00
1762628593,0, NVIDIA A10, GPU-359b21ab-3dbf-5646-ba1f-a513e3866c50, 8.6, 570.148.08, 70, 92, 92, 23028, 21029, 1571, 1470, 6251, 150.78, 150.00
1762628594,0, NVIDIA A10, GPU-359b21ab-3dbf-5646-ba1f-a513e3866c50, 8.6, 570.148.08, 70, 92, 93, 23028, 21029, 1571, 1425, 6251, 151.77, 150.00
1762628595,0, NVIDIA A10, GPU-359b21ab-3dbf-5646-ba1f-a513e3866c50, 8.6, 570.148.08, 70, 93, 78, 23028, 21029, 1571, 1470, 6251, 151.01, 150.00
1762628596,0, NVIDIA A10, GPU-359b21ab-3dbf-5646-ba1f-a513e3866c50, 8.6, 570.148.08, 71, 92, 92, 23028, 21029, 1571, 1470, 6251, 150.01, 150.00
1762628597,0, NVIDIA A10, GPU-359b21ab-3dbf-5646-ba1f-a513e3866c50, 8.6, 570.148.08, 71, 91, 92, 23028, 21029, 1571, 1470, 6251, 152.88, 150.00
1762628599,0, NVIDIA A10, GPU-359b21ab-3dbf-5646-ba1f-a513e3866c50, 8.6, 570.148.08, 71, 95, 67, 23028, 21029, 1571, 1455, 6251, 148.57, 150.00
1762628600,0, NVIDIA A10, GPU-359b21ab-3dbf-5646-ba1f-a513e3866c50, 8.6, 570.148.08, 71, 93, 91, 23028, 21029, 1571, 1425, 6251, 149.59, 150.00
1762628601,0, NVIDIA A10, GPU-359b21ab-3dbf-5646-ba1f-a513e3866c50, 8.6, 570.148.08, 71, 92, 92, 23028, 21029, 1571, 1470, 6251, 148.11, 150.00
1762628602,0, NVIDIA A10, GPU-359b21ab-3dbf-5646-ba1f-a513e3866c50, 8.6, 570.148.08, 71, 92, 92, 23028, 21029, 1571, 1125, 6251, 151.44, 150.00
1762628603,0, NVIDIA A10, GPU-359b21ab-3dbf-5646-ba1f-a513e3866c50, 8.6, 570.148.08, 71, 93, 92, 23028, 21029, 1571, 1395, 6251, 147.53, 150.00
1762628604,0, NVIDIA A10, GPU-359b21ab-3dbf-5646-ba1f-a513e3866c50, 8.6, 570.148.08, 71, 92, 93, 23028, 21029, 1571, 1485, 6251, 147.13, 150.00
1762628605,0, NVIDIA A10, GPU-359b21ab-3dbf-5646-ba1f-a513e3866c50, 8.6, 570.148.08, 71, 93, 92, 23028, 21029, 1571, 1440, 6251, 150.08, 150.00
1762628606,0, NVIDIA A10, GPU-359b21ab-3dbf-5646-ba1f-a513e3866c50, 8.6, 570.148.08, 71, 93, 93, 23028, 21029, 1571, 1470, 6251, 148.44, 150.00
1762628607,0, NVIDIA A10, GPU-359b21ab-3dbf-5646-ba1f-a513e3866c50, 8.6, 570.148.08, 72, 93, 88, 23028, 21029, 1571, 1455, 6251, 150.42, 150.00
1762628608,0, NVIDIA A10, GPU-359b21ab-3dbf-5646-ba1f-a513e3866c50, 8.6, 570.148.08, 71, 93, 82, 23028, 21029, 1571, 1470, 6251, 150.51, 150.00
1762628609,0, NVIDIA A10, GPU-359b21ab-3dbf-5646-ba1f-a513e3866c50, 8.6, 570.148.08, 71, 93, 89, 23028, 21029, 1571, 1500, 6251, 147.60, 150.00
1762628610,0, NVIDIA A10, GPU-359b21ab-3dbf-5646-ba1f-a513e3866c50, 8.6, 570.148.08, 72, 93, 91, 23028, 21029, 1571, 1425, 6251, 149.14, 150.00
1762628611,0, NVIDIA A10, GPU-359b21ab-3dbf-5646-ba1f-a513e3866c50, 8.6, 570.148.08, 72, 93, 92, 23028, 21029, 1571, 1455, 6251, 151.69, 150.00
1762628612,0, NVIDIA A10, GPU-359b21ab-3dbf-5646-ba1f-a513e3866c50, 8.6, 570.148.08, 72, 96, 66, 23028, 21029, 1571, 1365, 6251, 145.82, 150.00
1762628613,0, NVIDIA A10, GPU-359b21ab-3dbf-5646-ba1f-a513e3866c50, 8.6, 570.148.08, 72, 92, 92, 23028, 21029, 1571, 1440, 6251, 146.56, 150.00
1762628614,0, NVIDIA A10, GPU-359b21ab-3dbf-5646-ba1f-a513e3866c50, 8.6, 570.148.08, 72, 90, 90, 23028, 21029, 1571, 1470, 6251, 148.81, 150.00
1762628615,0, NVIDIA A10, GPU-359b21ab-3dbf-5646-ba1f-a513e3866c50, 8.6, 570.148.08, 72, 95, 68, 23028, 21029, 1571, 1290, 6251, 147.90, 150.00
1762628616,0, NVIDIA A10, GPU-359b21ab-3dbf-5646-ba1f-a513e3866c50, 8.6, 570.148.08, 72, 92, 92, 23028, 21029, 1571, 1425, 6251, 147.78, 150.00
1762628617,0, NVIDIA A10, GPU-359b21ab-3dbf-5646-ba1f-a513e3866c50, 8.6, 570.148.08, 72, 92, 92, 23028, 21029, 1571, 1470, 6251, 152.15, 150.00
1762628618,0, NVIDIA A10, GPU-359b21ab-3dbf-5646-ba1f-a513e3866c50, 8.6, 570.148.08, 72, 92, 92, 23028, 21029, 1571, 1470, 6251, 149.32, 150.00
1762628619,0, NVIDIA A10, GPU-359b21ab-3dbf-5646-ba1f-a513e3866c50, 8.6, 570.148.08, 72, 90, 89, 23028, 21029, 1571, 1485, 6251, 147.76, 150.00
1762628620,0, NVIDIA A10, GPU-359b21ab-3dbf-5646-ba1f-a513e3866c50, 8.6, 570.148.08, 72, 92, 92, 23028, 21029, 1571, 1440, 6251, 148.52, 150.00
1762628621,0, NVIDIA A10, GPU-359b21ab-3dbf-5646-ba1f-a513e3866c50, 8.6, 570.148.08, 72, 92, 92, 23028, 21029, 1571, 1455, 6251, 151.22, 150.00
1762628622,0, NVIDIA A10, GPU-359b21ab-3dbf-5646-ba1f-a513e3866c50, 8.6, 570.148.08, 73, 91, 78, 23028, 21029, 1571, 1230, 6251, 151.63, 150.00
1762628623,0, NVIDIA A10, GPU-359b21ab-3dbf-5646-ba1f-a513e3866c50, 8.6, 570.148.08, 73, 92, 91, 23028, 21029, 1571, 1440, 6251, 146.55, 150.00
1762628624,0, NVIDIA A10, GPU-359b21ab-3dbf-5646-ba1f-a513e3866c50, 8.6, 570.148.08, 73, 93, 91, 23028, 21029, 1571, 1425, 6251, 149.83, 150.00
1762628625,0, NVIDIA A10, GPU-359b21ab-3dbf-5646-ba1f-a513e3866c50, 8.6, 570.148.08, 73, 91, 91, 23028, 21029, 1571, 1440, 6251, 148.04, 150.00
1762628626,0, NVIDIA A10, GPU-359b21ab-3dbf-5646-ba1f-a513e3866c50, 8.6, 570.148.08, 72, 95, 65, 23028, 21029, 1571, 1470, 6251, 146.59, 150.00
1762628627,0, NVIDIA A10, GPU-359b21ab-3dbf-5646-ba1f-a513e3866c50, 8.6, 570.148.08, 73, 92, 91, 23028, 21029, 1571, 1470, 6251, 147.97, 150.00
1762628628,0, NVIDIA A10, GPU-359b21ab-3dbf-5646-ba1f-a513e3866c50, 8.6, 570.148.08, 73, 92, 90, 23028, 21029, 1571, 1485, 6251, 147.62, 150.00
1762628629,0, NVIDIA A10, GPU-359b21ab-3dbf-5646-ba1f-a513e3866c50, 8.6, 570.148.08, 73, 91, 91, 23028, 21029, 1571, 1470, 6251, 149.60, 150.00
1762628630,0, NVIDIA A10, GPU-359b21ab-3dbf-5646-ba1f-a513e3866c50, 8.6, 570.148.08, 73, 93, 91, 23028, 21029, 1571, 1440, 6251, 150.22, 150.00
1762628631,0, NVIDIA A10, GPU-359b21ab-3dbf-5646-ba1f-a513e3866c50, 8.6, 570.148.08, 73, 92, 93, 23028, 21029, 1571, 1455, 6251, 146.57, 150.00
1762628633,0, NVIDIA A10, GPU-359b21ab-3dbf-5646-ba1f-a513e3866c50, 8.6, 570.148.08, 73, 92, 93, 23028, 21029, 1571, 1455, 6251, 151.00, 150.00
1762628634,0, NVIDIA A10, GPU-359b21ab-3dbf-5646-ba1f-a513e3866c50, 8.6, 570.148.08, 73, 93, 92, 23028, 21029, 1571, 1455, 6251, 148.28, 150.00
1762628635,0, NVIDIA A10, GPU-359b21ab-3dbf-5646-ba1f-a513e3866c50, 8.6, 570.148.08, 73, 93, 91, 23028, 21029, 1571, 1440, 6251, 148.63, 150.00
1762628636,0, NVIDIA A10, GPU-359b21ab-3dbf-5646-ba1f-a513e3866c50, 8.6, 570.148.08, 73, 92, 92, 23028, 21029, 1571, 1470, 6251, 147.70, 150.00
1762628637,0, NVIDIA A10, GPU-359b21ab-3dbf-5646-ba1f-a513e3866c50, 8.6, 570.148.08, 73, 92, 92, 23028, 21029, 1571, 1470, 6251, 149.34, 150.00
1762628638,0, NVIDIA A10, GPU-359b21ab-3dbf-5646-ba1f-a513e3866c50, 8.6, 570.148.08, 73, 93, 91, 23028, 21029, 1571, 1425, 6251, 150.30, 150.00
1762628639,0, NVIDIA A10, GPU-359b21ab-3dbf-5646-ba1f-a513e3866c50, 8.6, 570.148.08, 74, 96, 70, 23028, 21029, 1571, 1350, 6251, 150.53, 150.00
1762628640,0, NVIDIA A10, GPU-359b21ab-3dbf-5646-ba1f-a513e3866c50, 8.6, 570.148.08, 73, 92, 93, 23028, 21029, 1571, 1440, 6251, 147.69, 150.00
1762628641,0, NVIDIA A10, GPU-359b21ab-3dbf-5646-ba1f-a513e3866c50, 8.6, 570.148.08, 73, 93, 92, 23028, 21029, 1571, 1425, 6251, 150.43, 150.00
1762628642,0, NVIDIA A10, GPU-359b21ab-3dbf-5646-ba1f-a513e3866c50, 8.6, 570.148.08, 73, 93, 93, 23028, 21029, 1571, 1425, 6251, 147.67, 150.00
1762628643,0, NVIDIA A10, GPU-359b21ab-3dbf-5646-ba1f-a513e3866c50, 8.6, 570.148.08, 73, 92, 90, 23028, 21029, 1571, 1470, 6251, 147.60, 150.00
1762628644,0, NVIDIA A10, GPU-359b21ab-3dbf-5646-ba1f-a513e3866c50, 8.6, 570.148.08, 73, 92, 92, 23028, 21029, 1571, 1455, 6251, 148.04, 150.00
1762628645,0, NVIDIA A10, GPU-359b21ab-3dbf-5646-ba1f-a513e3866c50, 8.6, 570.148.08, 74, 92, 92, 23028, 21029, 1571, 1455, 6251, 151.87, 150.00
1762628646,0, NVIDIA A10, GPU-359b21ab-3dbf-5646-ba1f-a513e3866c50, 8.6, 570.148.08, 73, 92, 92, 23028, 21029, 1571, 1455, 6251, 152.15, 150.00
1762628647,0, NVIDIA A10, GPU-359b21ab-3dbf-5646-ba1f-a513e3866c50, 8.6, 570.148.08, 73, 92, 91, 23028, 21029, 1571, 1425, 6251, 149.62, 150.00
1762628648,0, NVIDIA A10, GPU-359b21ab-3dbf-5646-ba1f-a513e3866c50, 8.6, 570.148.08, 73, 92, 92, 23028, 21029, 1571, 1470, 6251, 149.05, 150.00
1762628649,0, NVIDIA A10, GPU-359b21ab-3dbf-5646-ba1f-a513e3866c50, 8.6, 570.148.08, 74, 92, 91, 23028, 21029, 1571, 1410, 6251, 150.27, 150.00
1762628650,0, NVIDIA A10, GPU-359b21ab-3dbf-5646-ba1f-a513e3866c50, 8.6, 570.148.08, 74, 92, 91, 23028, 21029, 1571, 1425, 6251, 148.21, 150.00
1762628651,0, NVIDIA A10, GPU-359b21ab-3dbf-5646-ba1f-a513e3866c50, 8.6, 570.148.08, 74, 92, 92, 23028, 21029, 1571, 1470, 6251, 149.82, 150.00
1762628652,0, NVIDIA A10, GPU-359b21ab-3dbf-5646-ba1f-a513e3866c50, 8.6, 570.148.08, 74, 92, 93, 23028, 21029, 1571, 1455, 6251, 151.84, 150.00
1762628653,0, NVIDIA A10, GPU-359b21ab-3dbf-5646-ba1f-a513e3866c50, 8.6, 570.148.08, 74, 93, 87, 23028, 21029, 1571, 1275, 6251, 148.15, 150.00
1762628654,0, NVIDIA A10, GPU-359b21ab-3dbf-5646-ba1f-a513e3866c50, 8.6, 570.148.08, 74, 92, 85, 23028, 21029, 1571, 1080, 6251, 150.38, 150.00
1762628655,0, NVIDIA A10, GPU-359b21ab-3dbf-5646-ba1f-a513e3866c50, 8.6, 570.148.08, 74, 93, 91, 23028, 21029, 1571, 1350, 6251, 152.19, 150.00
1762628656,0, NVIDIA A10, GPU-359b21ab-3dbf-5646-ba1f-a513e3866c50, 8.6, 570.148.08, 74, 93, 91, 23028, 21029, 1571, 1425, 6251, 149.84, 150.00
1762628657,0, NVIDIA A10, GPU-359b21ab-3dbf-5646-ba1f-a513e3866c50, 8.6, 570.148.08, 74, 92, 91, 23028, 21029, 1571, 1380, 6251, 152.27, 150.00
1762628658,0, NVIDIA A10, GPU-359b21ab-3dbf-5646-ba1f-a513e3866c50, 8.6, 570.148.08, 74, 94, 77, 23028, 21029, 1571, 1455, 6251, 148.67, 150.00
1762628659,0, NVIDIA A10, GPU-359b21ab-3dbf-5646-ba1f-a513e3866c50, 8.6, 570.148.08, 74, 92, 91, 23028, 21029, 1571, 1395, 6251, 148.87, 150.00
1762628660,0, NVIDIA A10, GPU-359b21ab-3dbf-5646-ba1f-a513e3866c50, 8.6, 570.148.08, 74, 92, 92, 23028, 21029, 1571, 1425, 6251, 152.51, 150.00
1762628661,0, NVIDIA A10, GPU-359b21ab-3dbf-5646-ba1f-a513e3866c50, 8.6, 570.148.08, 74, 93, 91, 23028, 21029, 1571, 1395, 6251, 149.93, 150.00
1762628662,0, NVIDIA A10, GPU-359b21ab-3dbf-5646-ba1f-a513e3866c50, 8.6, 570.148.08, 74, 93, 92, 23028, 21029, 1571, 1395, 6251, 148.87, 150.00
1762628663,0, NVIDIA A10, GPU-359b21ab-3dbf-5646-ba1f-a513e3866c50, 8.6, 570.148.08, 74, 91, 91, 23028, 21029, 1571, 1425, 6251, 147.53, 150.00
1762628664,0, NVIDIA A10, GPU-359b21ab-3dbf-5646-ba1f-a513e3866c50, 8.6, 570.148.08, 75, 92, 89, 23028, 21029, 1571, 1200, 6251, 153.02, 150.00
1762628665,0, NVIDIA A10, GPU-359b21ab-3dbf-5646-ba1f-a513e3866c50, 8.6, 570.148.08, 74, 92, 91, 23028, 21029, 1571, 1365, 6251, 148.24, 150.00
1762628667,0, NVIDIA A10, GPU-359b21ab-3dbf-5646-ba1f-a513e3866c50, 8.6, 570.148.08, 74, 92, 91, 23028, 21029, 1571, 1455, 6251, 146.96, 150.00
1762628668,0, NVIDIA A10, GPU-359b21ab-3dbf-5646-ba1f-a513e3866c50, 8.6, 570.148.08, 74, 92, 91, 23028, 21029, 1571, 1410, 6251, 149.99, 150.00
1762628669,0, NVIDIA A10, GPU-359b21ab-3dbf-5646-ba1f-a513e3866c50, 8.6, 570.148.08, 74, 93, 92, 23028, 21029, 1571, 1425, 6251, 150.49, 150.00
1762628670,0, NVIDIA A10, GPU-359b21ab-3dbf-5646-ba1f-a513e3866c50, 8.6, 570.148.08, 75, 96, 67, 23028, 21029, 1571, 1335, 6251, 153.10, 150.00
1762628671,0, NVIDIA A10, GPU-359b21ab-3dbf-5646-ba1f-a513e3866c50, 8.6, 570.148.08, 74, 93, 84, 23028, 21029, 1571, 1380, 6251, 148.28, 150.00
1762628672,0, NVIDIA A10, GPU-359b21ab-3dbf-5646-ba1f-a513e3866c50, 8.6, 570.148.08, 74, 93, 91, 23028, 21029, 1571, 1410, 6251, 148.77, 150.00
1762628673,0, NVIDIA A10, GPU-359b21ab-3dbf-5646-ba1f-a513e3866c50, 8.6, 570.148.08, 74, 92, 92, 23028, 21029, 1571, 1455, 6251, 150.10, 150.00
1762628674,0, NVIDIA A10, GPU-359b21ab-3dbf-5646-ba1f-a513e3866c50, 8.6, 570.148.08, 75, 92, 92, 23028, 21029, 1571, 1455, 6251, 149.27, 150.00
1762628675,0, NVIDIA A10, GPU-359b21ab-3dbf-5646-ba1f-a513e3866c50, 8.6, 570.148.08, 74, 93, 93, 23028, 21029, 1571, 1455, 6251, 148.04, 150.00
1762628676,0, NVIDIA A10, GPU-359b21ab-3dbf-5646-ba1f-a513e3866c50, 8.6, 570.148.08, 74, 93, 62, 23028, 21029, 1571, 1380, 6251, 148.57, 150.00
1762628677,0, NVIDIA A10, GPU-359b21ab-3dbf-5646-ba1f-a513e3866c50, 8.6, 570.148.08, 74, 92, 90, 23028, 21029, 1571, 1410, 6251, 149.54, 150.00
1762628678,0, NVIDIA A10, GPU-359b21ab-3dbf-5646-ba1f-a513e3866c50, 8.6, 570.148.08, 75, 92, 92, 23028, 21029, 1571, 1440, 6251, 150.55, 150.00
1762628679,0, NVIDIA A10, GPU-359b21ab-3dbf-5646-ba1f-a513e3866c50, 8.6, 570.148.08, 74, 93, 91, 23028, 21029, 1571, 1410, 6251, 149.95, 150.00
1762628680,0, NVIDIA A10, GPU-359b21ab-3dbf-5646-ba1f-a513e3866c50, 8.6, 570.148.08, 75, 92, 91, 23028, 21029, 1571, 1410, 6251, 148.46, 150.00
1762628681,0, NVIDIA A10, GPU-359b21ab-3dbf-5646-ba1f-a513e3866c50, 8.6, 570.148.08, 75, 92, 92, 23028, 21029, 1571, 1455, 6251, 146.12, 150.00
1762628682,0, NVIDIA A10, GPU-359b21ab-3dbf-5646-ba1f-a513e3866c50, 8.6, 570.148.08, 75, 93, 93, 23028, 21029, 1571, 1425, 6251, 148.37, 150.00
1762628683,0, NVIDIA A10, GPU-359b21ab-3dbf-5646-ba1f-a513e3866c50, 8.6, 570.148.08, 75, 93, 91, 23028, 21029, 1571, 1320, 6251, 149.81, 150.00
1762628684,0, NVIDIA A10, GPU-359b21ab-3dbf-5646-ba1f-a513e3866c50, 8.6, 570.148.08, 75, 92, 92, 23028, 21029, 1571, 1440, 6251, 149.65, 150.00
1762628685,0, NVIDIA A10, GPU-359b21ab-3dbf-5646-ba1f-a513e3866c50, 8.6, 570.148.08, 75, 93, 91, 23028, 21029, 1571, 1395, 6251, 150.11, 150.00
1762628686,0, NVIDIA A10, GPU-359b21ab-3dbf-5646-ba1f-a513e3866c50, 8.6, 570.148.08, 75, 92, 92, 23028, 21029, 1571, 1425, 6251, 149.82, 150.00
1762628687,0, NVIDIA A10, GPU-359b21ab-3dbf-5646-ba1f-a513e3866c50, 8.6, 570.148.08, 75, 93, 91, 23028, 21029, 1571, 1410, 6251, 150.26, 150.00
1762628688,0, NVIDIA A10, GPU-359b21ab-3dbf-5646-ba1f-a513e3866c50, 8.6, 570.148.08, 75, 92, 90, 23028, 21029, 1571, 1455, 6251, 149.15, 150.00
1762628689,0, NVIDIA A10, GPU-359b21ab-3dbf-5646-ba1f-a513e3866c50, 8.6, 570.148.08, 75, 92, 92, 23028, 21029, 1571, 1440, 6251, 147.88, 150.00
1762628690,0, NVIDIA A10, GPU-359b21ab-3dbf-5646-ba1f-a513e3866c50, 8.6, 570.148.08, 75, 93, 91, 23028, 21029, 1571, 1410, 6251, 150.11, 150.00
1762628691,0, NVIDIA A10, GPU-359b21ab-3dbf-5646-ba1f-a513e3866c50, 8.6, 570.148.08, 75, 93, 81, 23028, 21029, 1571, 1125, 6251, 151.73, 150.00
1762628692,0, NVIDIA A10, GPU-359b21ab-3dbf-5646-ba1f-a513e3866c50, 8.6, 570.148.08, 75, 92, 91, 23028, 21029, 1571, 1380, 6251, 152.51, 150.00
1762628693,0, NVIDIA A10, GPU-359b21ab-3dbf-5646-ba1f-a513e3866c50, 8.6, 570.148.08, 75, 92, 91, 23028, 21029, 1571, 1365, 6251, 148.43, 150.00
1762628694,0, NVIDIA A10, GPU-359b21ab-3dbf-5646-ba1f-a513e3866c50, 8.6, 570.148.08, 75, 93, 91, 23028, 21029, 1571, 1365, 6251, 148.95, 150.00
1762628695,0, NVIDIA A10, GPU-359b21ab-3dbf-5646-ba1f-a513e3866c50, 8.6, 570.148.08, 75, 92, 91, 23028, 21029, 1571, 1365, 6251, 145.49, 150.00
1762628696,0, NVIDIA A10, GPU-359b21ab-3dbf-5646-ba1f-a513e3866c50, 8.6, 570.148.08, 75, 93, 91, 23028, 21029, 1571, 1365, 6251, 149.36, 150.00
1762628697,0, NVIDIA A10, GPU-359b21ab-3dbf-5646-ba1f-a513e3866c50, 8.6, 570.148.08, 75, 92, 91, 23028, 21029, 1571, 1365, 6251, 147.59, 150.00
1762628698,0, NVIDIA A10, GPU-359b21ab-3dbf-5646-ba1f-a513e3866c50, 8.6, 570.148.08, 75, 93, 91, 23028, 21029, 1571, 1395, 6251, 149.52, 150.00
1762628699,0, NVIDIA A10, GPU-359b21ab-3dbf-5646-ba1f-a513e3866c50, 8.6, 570.148.08, 75, 93, 91, 23028, 21029, 1571, 1425, 6251, 147.90, 150.00
1762628701,0, NVIDIA A10, GPU-359b21ab-3dbf-5646-ba1f-a513e3866c50, 8.6, 570.148.08, 75, 92, 92, 23028, 21029, 1571, 1425, 6251, 147.21, 150.00
1762628702,0, NVIDIA A10, GPU-359b21ab-3dbf-5646-ba1f-a513e3866c50, 8.6, 570.148.08, 75, 92, 92, 23028, 21029, 1571, 1440, 6251, 150.05, 150.00
1762628703,0, NVIDIA A10, GPU-359b21ab-3dbf-5646-ba1f-a513e3866c50, 8.6, 570.148.08, 75, 92, 89, 23028, 21029, 1571, 1020, 6251, 147.94, 150.00
1762628704,0, NVIDIA A10, GPU-359b21ab-3dbf-5646-ba1f-a513e3866c50, 8.6, 570.148.08, 75, 93, 91, 23028, 21029, 1571, 1365, 6251, 148.48, 150.00
1762628705,0, NVIDIA A10, GPU-359b21ab-3dbf-5646-ba1f-a513e3866c50, 8.6, 570.148.08, 75, 93, 91, 23028, 21029, 1571, 1380, 6251, 148.65, 150.00
1762628706,0, NVIDIA A10, GPU-359b21ab-3dbf-5646-ba1f-a513e3866c50, 8.6, 570.148.08, 75, 93, 82, 23028, 21029, 1571, 1440, 6251, 148.74, 150.00
1762628707,0, NVIDIA A10, GPU-359b21ab-3dbf-5646-ba1f-a513e3866c50, 8.6, 570.148.08, 75, 93, 91, 23028, 21029, 1571, 1395, 6251, 147.20, 150.00
1762628708,0, NVIDIA A10, GPU-359b21ab-3dbf-5646-ba1f-a513e3866c50, 8.6, 570.148.08, 75, 92, 90, 23028, 21029, 1571, 1365, 6251, 151.20, 150.00
1762628709,0, NVIDIA A10, GPU-359b21ab-3dbf-5646-ba1f-a513e3866c50, 8.6, 570.148.08, 75, 92, 92, 23028, 21029, 1571, 1455, 6251, 151.07, 150.00
1762628710,0, NVIDIA A10, GPU-359b21ab-3dbf-5646-ba1f-a513e3866c50, 8.6, 570.148.08, 75, 92, 92, 23028, 21029, 1571, 1440, 6251, 150.08, 150.00
1762628711,0, NVIDIA A10, GPU-359b21ab-3dbf-5646-ba1f-a513e3866c50, 8.6, 570.148.08, 75, 92, 92, 23028, 21029, 1571, 1440, 6251, 147.85, 150.00
1762628712,0, NVIDIA A10, GPU-359b21ab-3dbf-5646-ba1f-a513e3866c50, 8.6, 570.148.08, 75, 92, 91, 23028, 21029, 1571, 1380, 6251, 150.92, 150.00
1762628713,0, NVIDIA A10, GPU-359b21ab-3dbf-5646-ba1f-a513e3866c50, 8.6, 570.148.08, 75, 92, 92, 23028, 21029, 1571, 1380, 6251, 149.36, 150.00
1762628714,0, NVIDIA A10, GPU-359b21ab-3dbf-5646-ba1f-a513e3866c50, 8.6, 570.148.08, 75, 92, 92, 23028, 21029, 1571, 1395, 6251, 150.78, 150.00
1762628715,0, NVIDIA A10, GPU-359b21ab-3dbf-5646-ba1f-a513e3866c50, 8.6, 570.148.08, 75, 92, 92, 23028, 21029, 1571, 1410, 6251, 149.75, 150.00
1762628716,0, NVIDIA A10, GPU-359b21ab-3dbf-5646-ba1f-a513e3866c50, 8.6, 570.148.08, 75, 96, 62, 23028, 21029, 1571, 1335, 6251, 149.41, 150.00
1762628717,0, NVIDIA A10, GPU-359b21ab-3dbf-5646-ba1f-a513e3866c50, 8.6, 570.148.08, 75, 92, 92, 23028, 21029, 1571, 1410, 6251, 148.10, 150.00
1762628718,0, NVIDIA A10, GPU-359b21ab-3dbf-5646-ba1f-a513e3866c50, 8.6, 570.148.08, 75, 95, 69, 23028, 21029, 1571, 1020, 6251, 150.17, 150.00
1762628719,0, NVIDIA A10, GPU-359b21ab-3dbf-5646-ba1f-a513e3866c50, 8.6, 570.148.08, 75, 92, 90, 23028, 21029, 1571, 1410, 6251, 147.45, 150.00
1762628720,0, NVIDIA A10, GPU-359b21ab-3dbf-5646-ba1f-a513e3866c50, 8.6, 570.148.08, 75, 95, 71, 23028, 21029, 1571, 1305, 6251, 151.98, 150.00
1762628721,0, NVIDIA A10, GPU-359b21ab-3dbf-5646-ba1f-a513e3866c50, 8.6, 570.148.08, 75, 92, 92, 23028, 21029, 1571, 1410, 6251, 150.69, 150.00
1762628722,0, NVIDIA A10, GPU-359b21ab-3dbf-5646-ba1f-a513e3866c50, 8.6, 570.148.08, 75, 91, 91, 23028, 21029, 1571, 1440, 6251, 147.44, 150.00
1762628723,0, NVIDIA A10, GPU-359b21ab-3dbf-5646-ba1f-a513e3866c50, 8.6, 570.148.08, 75, 92, 91, 23028, 21029, 1571, 1395, 6251, 148.00, 150.00
1762628724,0, NVIDIA A10, GPU-359b21ab-3dbf-5646-ba1f-a513e3866c50, 8.6, 570.148.08, 75, 93, 91, 23028, 21029, 1571, 1380, 6251, 150.06, 150.00
1762628725,0, NVIDIA A10, GPU-359b21ab-3dbf-5646-ba1f-a513e3866c50, 8.6, 570.148.08, 75, 92, 92, 23028, 21029, 1571, 1455, 6251, 149.48, 150.00
1762628726,0, NVIDIA A10, GPU-359b21ab-3dbf-5646-ba1f-a513e3866c50, 8.6, 570.148.08, 75, 95, 71, 23028, 21029, 1571, 1440, 6251, 151.50, 150.00
1762628727,0, NVIDIA A10, GPU-359b21ab-3dbf-5646-ba1f-a513e3866c50, 8.6, 570.148.08, 75, 92, 91, 23028, 21029, 1571, 1425, 6251, 149.98, 150.00
1762628728,0, NVIDIA A10, GPU-359b21ab-3dbf-5646-ba1f-a513e3866c50, 8.6, 570.148.08, 75, 92, 92, 23028, 21029, 1571, 1440, 6251, 147.94, 150.00
1762628729,0, NVIDIA A10, GPU-359b21ab-3dbf-5646-ba1f-a513e3866c50, 8.6, 570.148.08, 75, 92, 92, 23028, 21029, 1571, 1440, 6251, 148.30, 150.00
1762628730,0, NVIDIA A10, GPU-359b21ab-3dbf-5646-ba1f-a513e3866c50, 8.6, 570.148.08, 75, 92, 91, 23028, 21029, 1571, 1410, 6251, 147.84, 150.00
1762628731,0, NVIDIA A10, GPU-359b21ab-3dbf-5646-ba1f-a513e3866c50, 8.6, 570.148.08, 75, 92, 91, 23028, 21029, 1571, 1380, 6251, 147.94, 150.00
1762628732,0, NVIDIA A10, GPU-359b21ab-3dbf-5646-ba1f-a513e3866c50, 8.6, 570.148.08, 75, 92, 91, 23028, 21029, 1571, 1425, 6251, 147.88, 150.00
1762628733,0, NVIDIA A10, GPU-359b21ab-3dbf-5646-ba1f-a513e3866c50, 8.6, 570.148.08, 75, 92, 92, 23028, 21029, 1571, 1410, 6251, 148.23, 150.00
1762628735,0, NVIDIA A10, GPU-359b21ab-3dbf-5646-ba1f-a513e3866c50, 8.6, 570.148.08, 75, 92, 92, 23028, 21029, 1571, 990, 6251, 147.26, 150.00
1762628736,0, NVIDIA A10, GPU-359b21ab-3dbf-5646-ba1f-a513e3866c50, 8.6, 570.148.08, 75, 93, 92, 23028, 21029, 1571, 1410, 6251, 147.50, 150.00
1762628737,0, NVIDIA A10, GPU-359b21ab-3dbf-5646-ba1f-a513e3866c50, 8.6, 570.148.08, 75, 93, 92, 23028, 21029, 1571, 1425, 6251, 150.88, 150.00
1762628738,0, NVIDIA A10, GPU-359b21ab-3dbf-5646-ba1f-a513e3866c50, 8.6, 570.148.08, 75, 93, 91, 23028, 21029, 1571, 1410, 6251, 149.80, 150.00
1762628739,0, NVIDIA A10, GPU-359b21ab-3dbf-5646-ba1f-a513e3866c50, 8.6, 570.148.08, 75, 92, 92, 23028, 21029, 1571, 1425, 6251, 148.28, 150.00
1762628740,0, NVIDIA A10, GPU-359b21ab-3dbf-5646-ba1f-a513e3866c50, 8.6, 570.148.08, 75, 92, 92, 23028, 21029, 1571, 1425, 6251, 151.04, 150.00
1762628741,0, NVIDIA A10, GPU-359b21ab-3dbf-5646-ba1f-a513e3866c50, 8.6, 570.148.08, 75, 92, 92, 23028, 21029, 1571, 1440, 6251, 149.15, 150.00
1762628742,0, NVIDIA A10, GPU-359b21ab-3dbf-5646-ba1f-a513e3866c50, 8.6, 570.148.08, 75, 92, 89, 23028, 21029, 1571, 1440, 6251, 147.61, 150.00
1762628743,0, NVIDIA A10, GPU-359b21ab-3dbf-5646-ba1f-a513e3866c50, 8.6, 570.148.08, 75, 92, 92, 23028, 21029, 1571, 1440, 6251, 151.44, 150.00
1762628744,0, NVIDIA A10, GPU-359b21ab-3dbf-5646-ba1f-a513e3866c50, 8.6, 570.148.08, 76, 92, 92, 23028, 21029, 1571, 1035, 6251, 153.76, 150.00
1762628745,0, NVIDIA A10, GPU-359b21ab-3dbf-5646-ba1f-a513e3866c50, 8.6, 570.148.08, 75, 95, 71, 23028, 21029, 1571, 1440, 6251, 149.16, 150.00
1762628746,0, NVIDIA A10, GPU-359b21ab-3dbf-5646-ba1f-a513e3866c50, 8.6, 570.148.08, 75, 93, 91, 23028, 21029, 1571, 1380, 6251, 147.81, 150.00
1762628747,0, NVIDIA A10, GPU-359b21ab-3dbf-5646-ba1f-a513e3866c50, 8.6, 570.148.08, 75, 93, 92, 23028, 21029, 1571, 1425, 6251, 149.99, 150.00
1762628748,0, NVIDIA A10, GPU-359b21ab-3dbf-5646-ba1f-a513e3866c50, 8.6, 570.148.08, 75, 93, 91, 23028, 21029, 1571, 1395, 6251, 149.31, 150.00
1762628749,0, NVIDIA A10, GPU-359b21ab-3dbf-5646-ba1f-a513e3866c50, 8.6, 570.148.08, 75, 96, 62, 23028, 21029, 1571, 1215, 6251, 146.00, 150.00
1762628750,0, NVIDIA A10, GPU-359b21ab-3dbf-5646-ba1f-a513e3866c50, 8.6, 570.148.08, 75, 92, 92, 23028, 21029, 1571, 1425, 6251, 146.99, 150.00
1762628751,0, NVIDIA A10, GPU-359b21ab-3dbf-5646-ba1f-a513e3866c50, 8.6, 570.148.08, 76, 92, 92, 23028, 21029, 1571, 1395, 6251, 151.36, 150.00
1762628752,0, NVIDIA A10, GPU-359b21ab-3dbf-5646-ba1f-a513e3866c50, 8.6, 570.148.08, 75, 93, 91, 23028, 21029, 1571, 1410, 6251, 148.06, 150.00
1762628753,0, NVIDIA A10, GPU-359b21ab-3dbf-5646-ba1f-a513e3866c50, 8.6, 570.148.08, 76, 92, 92, 23028, 21029, 1571, 1410, 6251, 150.21, 150.00
1762628754,0, NVIDIA A10, GPU-359b21ab-3dbf-5646-ba1f-a513e3866c50, 8.6, 570.148.08, 75, 91, 91, 23028, 21029, 1571, 1425, 6251, 147.89, 150.00
1762628755,0, NVIDIA A10, GPU-359b21ab-3dbf-5646-ba1f-a513e3866c50, 8.6, 570.148.08, 75, 92, 92, 23028, 21029, 1571, 1425, 6251, 150.15, 150.00
1762628756,0, NVIDIA A10, GPU-359b21ab-3dbf-5646-ba1f-a513e3866c50, 8.6, 570.148.08, 75, 91, 91, 23028, 21029, 1571, 1455, 6251, 147.88, 150.00
1762628757,0, NVIDIA A10, GPU-359b21ab-3dbf-5646-ba1f-a513e3866c50, 8.6, 570.148.08, 76, 92, 92, 23028, 21029, 1571, 1440, 6251, 151.08, 150.00
1762628758,0, NVIDIA A10, GPU-359b21ab-3dbf-5646-ba1f-a513e3866c50, 8.6, 570.148.08, 76, 93, 91, 23028, 21029, 1571, 1140, 6251, 151.90, 150.00
1762628759,0, NVIDIA A10, GPU-359b21ab-3dbf-5646-ba1f-a513e3866c50, 8.6, 570.148.08, 76, 93, 91, 23028, 21029, 1571, 1365, 6251, 151.43, 150.00
1762628760,0, NVIDIA A10, GPU-359b21ab-3dbf-5646-ba1f-a513e3866c50, 8.6, 570.148.08, 76, 92, 91, 23028, 21029, 1571, 1440, 6251, 150.61, 150.00
1762628761,0, NVIDIA A10, GPU-359b21ab-3dbf-5646-ba1f-a513e3866c50, 8.6, 570.148.08, 75, 92, 92, 23028, 21029, 1571, 1425, 6251, 151.15, 150.00
1762628762,0, NVIDIA A10, GPU-359b21ab-3dbf-5646-ba1f-a513e3866c50, 8.6, 570.148.08, 76, 93, 91, 23028, 21029, 1571, 1410, 6251, 150.02, 150.00
1762628763,0, NVIDIA A10, GPU-359b21ab-3dbf-5646-ba1f-a513e3866c50, 8.6, 570.148.08, 75, 93, 92, 23028, 21029, 1571, 1425, 6251, 151.93, 150.00
1762628764,0, NVIDIA A10, GPU-359b21ab-3dbf-5646-ba1f-a513e3866c50, 8.6, 570.148.08, 73, 0, 0, 23028, 21029, 1571, 1695, 6251, 104.83, 150.00
1762628765,0, NVIDIA A10, GPU-359b21ab-3dbf-5646-ba1f-a513e3866c50, 8.6, 570.148.08, 72, 0, 0, 23028, 3, 22596, 1695, 6251, 81.83, 150.00
1762628766,0, NVIDIA A10, GPU-359b21ab-3dbf-5646-ba1f-a513e3866c50, 8.6, 570.148.08, 72, 0, 0, 23028, 3, 22596, 1695, 6251, 82.62, 150.00
1762628767,0, NVIDIA A10, GPU-359b21ab-3dbf-5646-ba1f-a513e3866c50, 8.6, 570.148.08, 71, 0, 0, 23028, 0, 22599, 1695, 6251, 78.10, 150.00
1762628768,0, NVIDIA A10, GPU-359b21ab-3dbf-5646-ba1f-a513e3866c50, 8.6, 570.148.08, 71, 0, 0, 23028, 0, 22599, 1695, 6251, 78.02, 150.00
1762628769,0, NVIDIA A10, GPU-359b21ab-3dbf-5646-ba1f-a513e3866c50, 8.6, 570.148.08, 69, 0, 0, 23028, 0, 22599, 330, 6251, 54.49, 150.00
1762628771,0, NVIDIA A10, GPU-359b21ab-3dbf-5646-ba1f-a513e3866c50, 8.6, 570.148.08, 68, 0, 0, 23028, 0, 22599, 210, 6251, 51.11, 150.00
1762628772,0, NVIDIA A10, GPU-359b21ab-3dbf-5646-ba1f-a513e3866c50, 8.6, 570.148.08, 67, 0, 0, 23028, 0, 22599, 210, 6251, 35.01, 150.00
1762628773,0, NVIDIA A10, GPU-359b21ab-3dbf-5646-ba1f-a513e3866c50, 8.6, 570.148.08, 66, 0, 0, 23028, 0, 22599, 210, 405, 19.04, 150.00
1762628774,0, NVIDIA A10, GPU-359b21ab-3dbf-5646-ba1f-a513e3866c50, 8.6, 570.148.08, 65, 0, 0, 23028, 0, 22599, 210, 405, 18.89, 150.00
1762628775,0, NVIDIA A10, GPU-359b21ab-3dbf-5646-ba1f-a513e3866c50, 8.6, 570.148.08, 64, 0, 0, 23028, 0, 22599, 210, 405, 18.80, 150.00
1762628776,0, NVIDIA A10, GPU-359b21ab-3dbf-5646-ba1f-a513e3866c50, 8.6, 570.148.08, 64, 0, 0, 23028, 0, 22599, 210, 405, 18.70, 150.00
1762628777,0, NVIDIA A10, GPU-359b21ab-3dbf-5646-ba1f-a513e3866c50, 8.6, 570.148.08, 63, 0, 0, 23028, 0, 22599, 210, 405, 18.61, 150.00
1762628778,0, NVIDIA A10, GPU-359b21ab-3dbf-5646-ba1f-a513e3866c50, 8.6, 570.148.08, 64, 7, 1, 23028, 275, 22325, 1680, 6251, 36.06, 150.00
1762628779,0, NVIDIA A10, GPU-359b21ab-3dbf-5646-ba1f-a513e3866c50, 8.6, 570.148.08, 64, 0, 0, 23028, 3219, 19381, 1695, 6251, 71.12, 150.00
1762628780,0, NVIDIA A10, GPU-359b21ab-3dbf-5646-ba1f-a513e3866c50, 8.6, 570.148.08, 64, 0, 0, 23028, 2717, 19883, 1695, 6251, 72.40, 150.00
1762628781,0, NVIDIA A10, GPU-359b21ab-3dbf-5646-ba1f-a513e3866c50, 8.6, 570.148.08, 64, 0, 0, 23028, 2717, 19883, 1695, 6251, 71.70, 150.00
1762628782,0, NVIDIA A10, GPU-359b21ab-3dbf-5646-ba1f-a513e3866c50, 8.6, 570.148.08, 64, 0, 0, 23028, 2717, 19883, 1695, 6251, 70.91, 150.00
1762628783,0, NVIDIA A10, GPU-359b21ab-3dbf-5646-ba1f-a513e3866c50, 8.6, 570.148.08, 64, 0, 0, 23028, 2717, 19883, 1695, 6251, 70.85, 150.00
1762628784,0, NVIDIA A10, GPU-359b21ab-3dbf-5646-ba1f-a513e3866c50, 8.6, 570.148.08, 64, 1, 0, 23028, 2845, 19755, 1695, 6251, 71.07, 150.00
1762628785,0, NVIDIA A10, GPU-359b21ab-3dbf-5646-ba1f-a513e3866c50, 8.6, 570.148.08, 64, 0, 0, 23028, 2733, 19867, 1695, 6251, 100.72, 150.00
1762628786,0, NVIDIA A10, GPU-359b21ab-3dbf-5646-ba1f-a513e3866c50, 8.6, 570.148.08, 67, 51, 41, 23028, 19633, 2967, 1425, 6251, 135.31, 150.00
1762628787,0, NVIDIA A10, GPU-359b21ab-3dbf-5646-ba1f-a513e3866c50, 8.6, 570.148.08, 67, 46, 37, 23028, 19795, 2805, 1680, 6251, 129.53, 150.00
1762628788,0, NVIDIA A10, GPU-359b21ab-3dbf-5646-ba1f-a513e3866c50, 8.6, 570.148.08, 65, 0, 0, 23028, 21029, 1571, 1695, 6251, 86.23, 150.00
1762628789,0, NVIDIA A10, GPU-359b21ab-3dbf-5646-ba1f-a513e3866c50, 8.6, 570.148.08, 64, 0, 0, 23028, 21029, 1571, 1695, 6251, 72.03, 150.00
1762628790,0, NVIDIA A10, GPU-359b21ab-3dbf-5646-ba1f-a513e3866c50, 8.6, 570.148.08, 64, 0, 0, 23028, 21029, 1571, 1695, 6251, 70.84, 150.00
1762628791,0, NVIDIA A10, GPU-359b21ab-3dbf-5646-ba1f-a513e3866c50, 8.6, 570.148.08, 64, 0, 0, 23028, 21029, 1571, 1695, 6251, 70.66, 150.00
1762628792,0, NVIDIA A10, GPU-359b21ab-3dbf-5646-ba1f-a513e3866c50, 8.6, 570.148.08, 63, 0, 0, 23028, 21029, 1571, 1695, 6251, 70.38, 150.00
1762628793,0, NVIDIA A10, GPU-359b21ab-3dbf-5646-ba1f-a513e3866c50, 8.6, 570.148.08, 63, 0, 0, 23028, 21029, 1571, 1695, 6251, 70.24, 150.00
1762628794,0, NVIDIA A10, GPU-359b21ab-3dbf-5646-ba1f-a513e3866c50, 8.6, 570.148.08, 63, 0, 0, 23028, 21029, 1571, 1695, 6251, 70.00, 150.00
1762628795,0, NVIDIA A10, GPU-359b21ab-3dbf-5646-ba1f-a513e3866c50, 8.6, 570.148.08, 63, 0, 0, 23028, 21029, 1571, 1695, 6251, 69.81, 150.00
1762628796,0, NVIDIA A10, GPU-359b21ab-3dbf-5646-ba1f-a513e3866c50, 8.6, 570.148.08, 62, 0, 0, 23028, 21029, 1571, 1695, 6251, 69.62, 150.00
1762628797,0, NVIDIA A10, GPU-359b21ab-3dbf-5646-ba1f-a513e3866c50, 8.6, 570.148.08, 62, 0, 0, 23028, 21029, 1571, 1695, 6251, 69.43, 150.00
1762628798,0, NVIDIA A10, GPU-359b21ab-3dbf-5646-ba1f-a513e3866c50, 8.6, 570.148.08, 65, 91, 91, 23028, 21029, 1571, 1545, 6251, 100.65, 150.00
1762628799,0, NVIDIA A10, GPU-359b21ab-3dbf-5646-ba1f-a513e3866c50, 8.6, 570.148.08, 65, 92, 93, 23028, 21029, 1571, 1500, 6251, 150.56, 150.00
1762628800,0, NVIDIA A10, GPU-359b21ab-3dbf-5646-ba1f-a513e3866c50, 8.6, 570.148.08, 66, 92, 93, 23028, 21029, 1571, 1530, 6251, 149.68, 150.00
1762628801,0, NVIDIA A10, GPU-359b21ab-3dbf-5646-ba1f-a513e3866c50, 8.6, 570.148.08, 66, 91, 91, 23028, 21029, 1571, 1530, 6251, 150.03, 150.00
1762628802,0, NVIDIA A10, GPU-359b21ab-3dbf-5646-ba1f-a513e3866c50, 8.6, 570.148.08, 66, 92, 92, 23028, 21029, 1571, 1500, 6251, 150.42, 150.00
1762628803,0, NVIDIA A10, GPU-359b21ab-3dbf-5646-ba1f-a513e3866c50, 8.6, 570.148.08, 67, 91, 91, 23028, 21029, 1571, 1530, 6251, 148.42, 150.00
1762628804,0, NVIDIA A10, GPU-359b21ab-3dbf-5646-ba1f-a513e3866c50, 8.6, 570.148.08, 67, 91, 91, 23028, 21029, 1571, 1530, 6251, 148.12, 150.00
1762628805,0, NVIDIA A10, GPU-359b21ab-3dbf-5646-ba1f-a513e3866c50, 8.6, 570.148.08, 67, 91, 91, 23028, 21029, 1571, 1530, 6251, 151.06, 150.00
1762628806,0, NVIDIA A10, GPU-359b21ab-3dbf-5646-ba1f-a513e3866c50, 8.6, 570.148.08, 67, 92, 93, 23028, 21029, 1571, 1515, 6251, 148.97, 150.00
1762628807,0, NVIDIA A10, GPU-359b21ab-3dbf-5646-ba1f-a513e3866c50, 8.6, 570.148.08, 68, 93, 92, 23028, 21029, 1571, 1470, 6251, 150.09, 150.00
1762628808,0, NVIDIA A10, GPU-359b21ab-3dbf-5646-ba1f-a513e3866c50, 8.6, 570.148.08, 68, 97, 54, 23028, 21029, 1571, 1320, 6251, 147.84, 150.00
1762628809,0, NVIDIA A10, GPU-359b21ab-3dbf-5646-ba1f-a513e3866c50, 8.6, 570.148.08, 68, 93, 92, 23028, 21029, 1571, 1425, 6251, 148.27, 150.00
1762628811,0, NVIDIA A10, GPU-359b21ab-3dbf-5646-ba1f-a513e3866c50, 8.6, 570.148.08, 68, 91, 91, 23028, 21029, 1571, 1515, 6251, 151.73, 150.00
1762628812,0, NVIDIA A10, GPU-359b21ab-3dbf-5646-ba1f-a513e3866c50, 8.6, 570.148.08, 69, 96, 61, 23028, 21029, 1571, 1125, 6251, 150.00, 150.00
1762628813,0, NVIDIA A10, GPU-359b21ab-3dbf-5646-ba1f-a513e3866c50, 8.6, 570.148.08, 68, 92, 92, 23028, 21029, 1571, 1035, 6251, 148.84, 150.00
1762628814,0, NVIDIA A10, GPU-359b21ab-3dbf-5646-ba1f-a513e3866c50, 8.6, 570.148.08, 69, 95, 71, 23028, 21029, 1571, 810, 6251, 149.64, 150.00
1762628815,0, NVIDIA A10, GPU-359b21ab-3dbf-5646-ba1f-a513e3866c50, 8.6, 570.148.08, 69, 92, 91, 23028, 21029, 1571, 1395, 6251, 148.87, 150.00
1762628816,0, NVIDIA A10, GPU-359b21ab-3dbf-5646-ba1f-a513e3866c50, 8.6, 570.148.08, 69, 92, 91, 23028, 21029, 1571, 1440, 6251, 147.39, 150.00
1762628817,0, NVIDIA A10, GPU-359b21ab-3dbf-5646-ba1f-a513e3866c50, 8.6, 570.148.08, 69, 94, 73, 23028, 21029, 1571, 1110, 6251, 151.38, 150.00
1762628818,0, NVIDIA A10, GPU-359b21ab-3dbf-5646-ba1f-a513e3866c50, 8.6, 570.148.08, 69, 92, 92, 23028, 21029, 1571, 1410, 6251, 150.57, 150.00
1762628819,0, NVIDIA A10, GPU-359b21ab-3dbf-5646-ba1f-a513e3866c50, 8.6, 570.148.08, 69, 97, 56, 23028, 21029, 1571, 1440, 6251, 147.53, 150.00
1762628820,0, NVIDIA A10, GPU-359b21ab-3dbf-5646-ba1f-a513e3866c50, 8.6, 570.148.08, 69, 92, 92, 23028, 21029, 1571, 1455, 6251, 147.61, 150.00
1762628821,0, NVIDIA A10, GPU-359b21ab-3dbf-5646-ba1f-a513e3866c50, 8.6, 570.148.08, 70, 92, 91, 23028, 21029, 1571, 1500, 6251, 148.01, 150.00
1762628822,0, NVIDIA A10, GPU-359b21ab-3dbf-5646-ba1f-a513e3866c50, 8.6, 570.148.08, 70, 93, 92, 23028, 21029, 1571, 1425, 6251, 149.40, 150.00
1762628823,0, NVIDIA A10, GPU-359b21ab-3dbf-5646-ba1f-a513e3866c50, 8.6, 570.148.08, 70, 92, 92, 23028, 21029, 1571, 1470, 6251, 148.52, 150.00
1762628824,0, NVIDIA A10, GPU-359b21ab-3dbf-5646-ba1f-a513e3866c50, 8.6, 570.148.08, 70, 90, 90, 23028, 21029, 1571, 1500, 6251, 150.82, 150.00
1762628825,0, NVIDIA A10, GPU-359b21ab-3dbf-5646-ba1f-a513e3866c50, 8.6, 570.148.08, 70, 92, 93, 23028, 21029, 1571, 1470, 6251, 151.05, 150.00
1762628826,0, NVIDIA A10, GPU-359b21ab-3dbf-5646-ba1f-a513e3866c50, 8.6, 570.148.08, 70, 92, 93, 23028, 21029, 1571, 1500, 6251, 148.99, 150.00
1762628827,0, NVIDIA A10, GPU-359b21ab-3dbf-5646-ba1f-a513e3866c50, 8.6, 570.148.08, 71, 92, 91, 23028, 21029, 1571, 1500, 6251, 148.20, 150.00
1762628828,0, NVIDIA A10, GPU-359b21ab-3dbf-5646-ba1f-a513e3866c50, 8.6, 570.148.08, 71, 92, 92, 23028, 21029, 1571, 1470, 6251, 149.48, 150.00
1762628829,0, NVIDIA A10, GPU-359b21ab-3dbf-5646-ba1f-a513e3866c50, 8.6, 570.148.08, 71, 92, 91, 23028, 21029, 1571, 1500, 6251, 148.71, 150.00
1762628830,0, NVIDIA A10, GPU-359b21ab-3dbf-5646-ba1f-a513e3866c50, 8.6, 570.148.08, 71, 92, 93, 23028, 21029, 1571, 1470, 6251, 149.66, 150.00
1762628831,0, NVIDIA A10, GPU-359b21ab-3dbf-5646-ba1f-a513e3866c50, 8.6, 570.148.08, 71, 97, 52, 23028, 21029, 1571, 1080, 6251, 148.21, 150.00
1762628832,0, NVIDIA A10, GPU-359b21ab-3dbf-5646-ba1f-a513e3866c50, 8.6, 570.148.08, 71, 93, 92, 23028, 21029, 1571, 1380, 6251, 148.53, 150.00
1762628833,0, NVIDIA A10, GPU-359b21ab-3dbf-5646-ba1f-a513e3866c50, 8.6, 570.148.08, 71, 95, 65, 23028, 21029, 1571, 1485, 6251, 144.98, 150.00
1762628834,0, NVIDIA A10, GPU-359b21ab-3dbf-5646-ba1f-a513e3866c50, 8.6, 570.148.08, 71, 96, 59, 23028, 21029, 1571, 1215, 6251, 147.01, 150.00
1762628835,0, NVIDIA A10, GPU-359b21ab-3dbf-5646-ba1f-a513e3866c50, 8.6, 570.148.08, 71, 92, 90, 23028, 21029, 1571, 1425, 6251, 147.45, 150.00
1762628836,0, NVIDIA A10, GPU-359b21ab-3dbf-5646-ba1f-a513e3866c50, 8.6, 570.148.08, 71, 92, 91, 23028, 21029, 1571, 1485, 6251, 147.61, 150.00
1762628837,0, NVIDIA A10, GPU-359b21ab-3dbf-5646-ba1f-a513e3866c50, 8.6, 570.148.08, 71, 93, 91, 23028, 21029, 1571, 1440, 6251, 150.26, 150.00
1762628838,0, NVIDIA A10, GPU-359b21ab-3dbf-5646-ba1f-a513e3866c50, 8.6, 570.148.08, 71, 100, 46, 23028, 21029, 1571, 1200, 6251, 149.06, 150.00
1762628839,0, NVIDIA A10, GPU-359b21ab-3dbf-5646-ba1f-a513e3866c50, 8.6, 570.148.08, 72, 91, 90, 23028, 21029, 1571, 945, 6251, 150.15, 150.00
1762628840,0, NVIDIA A10, GPU-359b21ab-3dbf-5646-ba1f-a513e3866c50, 8.6, 570.148.08, 72, 92, 92, 23028, 21029, 1571, 1365, 6251, 147.91, 150.00
1762628841,0, NVIDIA A10, GPU-359b21ab-3dbf-5646-ba1f-a513e3866c50, 8.6, 570.148.08, 71, 94, 79, 23028, 21029, 1571, 1455, 6251, 145.96, 150.00
1762628842,0, NVIDIA A10, GPU-359b21ab-3dbf-5646-ba1f-a513e3866c50, 8.6, 570.148.08, 71, 94, 68, 23028, 21029, 1571, 1470, 6251, 146.88, 150.00
1762628843,0, NVIDIA A10, GPU-359b21ab-3dbf-5646-ba1f-a513e3866c50, 8.6, 570.148.08, 71, 93, 92, 23028, 21029, 1571, 1470, 6251, 148.63, 150.00
1762628844,0, NVIDIA A10, GPU-359b21ab-3dbf-5646-ba1f-a513e3866c50, 8.6, 570.148.08, 72, 91, 91, 23028, 21029, 1571, 1485, 6251, 148.09, 150.00
1762628846,0, NVIDIA A10, GPU-359b21ab-3dbf-5646-ba1f-a513e3866c50, 8.6, 570.148.08, 72, 93, 92, 23028, 21029, 1571, 1425, 6251, 149.58, 150.00
1762628847,0, NVIDIA A10, GPU-359b21ab-3dbf-5646-ba1f-a513e3866c50, 8.6, 570.148.08, 72, 92, 91, 23028, 21029, 1571, 1455, 6251, 146.97, 150.00
1762628848,0, NVIDIA A10, GPU-359b21ab-3dbf-5646-ba1f-a513e3866c50, 8.6, 570.148.08, 72, 92, 91, 23028, 21029, 1571, 1485, 6251, 147.29, 150.00
1762628849,0, NVIDIA A10, GPU-359b21ab-3dbf-5646-ba1f-a513e3866c50, 8.6, 570.148.08, 72, 92, 91, 23028, 21029, 1571, 1470, 6251, 154.39, 150.00
1762628850,0, NVIDIA A10, GPU-359b21ab-3dbf-5646-ba1f-a513e3866c50, 8.6, 570.148.08, 72, 93, 92, 23028, 21029, 1571, 1425, 6251, 149.91, 150.00
1762628851,0, NVIDIA A10, GPU-359b21ab-3dbf-5646-ba1f-a513e3866c50, 8.6, 570.148.08, 72, 92, 92, 23028, 21029, 1571, 1470, 6251, 150.96, 150.00
1762628852,0, NVIDIA A10, GPU-359b21ab-3dbf-5646-ba1f-a513e3866c50, 8.6, 570.148.08, 72, 92, 91, 23028, 21029, 1571, 1485, 6251, 149.09, 150.00
1762628853,0, NVIDIA A10, GPU-359b21ab-3dbf-5646-ba1f-a513e3866c50, 8.6, 570.148.08, 72, 92, 91, 23028, 21029, 1571, 1440, 6251, 150.73, 150.00
1762628854,0, NVIDIA A10, GPU-359b21ab-3dbf-5646-ba1f-a513e3866c50, 8.6, 570.148.08, 72, 91, 91, 23028, 21029, 1571, 1455, 6251, 148.60, 150.00
1762628855,0, NVIDIA A10, GPU-359b21ab-3dbf-5646-ba1f-a513e3866c50, 8.6, 570.148.08, 72, 92, 91, 23028, 21029, 1571, 1485, 6251, 154.12, 150.00
1762628856,0, NVIDIA A10, GPU-359b21ab-3dbf-5646-ba1f-a513e3866c50, 8.6, 570.148.08, 72, 93, 81, 23028, 21029, 1571, 1470, 6251, 147.80, 150.00
1762628857,0, NVIDIA A10, GPU-359b21ab-3dbf-5646-ba1f-a513e3866c50, 8.6, 570.148.08, 72, 94, 75, 23028, 21029, 1571, 1095, 6251, 152.03, 150.00
1762628858,0, NVIDIA A10, GPU-359b21ab-3dbf-5646-ba1f-a513e3866c50, 8.6, 570.148.08, 72, 92, 90, 23028, 21029, 1571, 1380, 6251, 148.34, 150.00
1762628859,0, NVIDIA A10, GPU-359b21ab-3dbf-5646-ba1f-a513e3866c50, 8.6, 570.148.08, 73, 93, 93, 23028, 21029, 1571, 1470, 6251, 151.82, 150.00
1762628860,0, NVIDIA A10, GPU-359b21ab-3dbf-5646-ba1f-a513e3866c50, 8.6, 570.148.08, 73, 93, 92, 23028, 21029, 1571, 1455, 6251, 148.65, 150.00
1762628861,0, NVIDIA A10, GPU-359b21ab-3dbf-5646-ba1f-a513e3866c50, 8.6, 570.148.08, 73, 97, 48, 23028, 21029, 1571, 1065, 6251, 148.44, 150.00
1762628862,0, NVIDIA A10, GPU-359b21ab-3dbf-5646-ba1f-a513e3866c50, 8.6, 570.148.08, 73, 92, 92, 23028, 21029, 1571, 1380, 6251, 148.04, 150.00
1762628863,0, NVIDIA A10, GPU-359b21ab-3dbf-5646-ba1f-a513e3866c50, 8.6, 570.148.08, 72, 92, 86, 23028, 21029, 1571, 1470, 6251, 150.40, 150.00
1762628864,0, NVIDIA A10, GPU-359b21ab-3dbf-5646-ba1f-a513e3866c50, 8.6, 570.148.08, 73, 93, 91, 23028, 21029, 1571, 1410, 6251, 149.56, 150.00
1762628865,0, NVIDIA A10, GPU-359b21ab-3dbf-5646-ba1f-a513e3866c50, 8.6, 570.148.08, 73, 92, 91, 23028, 21029, 1571, 1470, 6251, 153.54, 150.00
1762628866,0, NVIDIA A10, GPU-359b21ab-3dbf-5646-ba1f-a513e3866c50, 8.6, 570.148.08, 73, 92, 91, 23028, 21029, 1571, 1470, 6251, 153.08, 150.00
1762628867,0, NVIDIA A10, GPU-359b21ab-3dbf-5646-ba1f-a513e3866c50, 8.6, 570.148.08, 73, 92, 91, 23028, 21029, 1571, 1470, 6251, 149.03, 150.00
1762628868,0, NVIDIA A10, GPU-359b21ab-3dbf-5646-ba1f-a513e3866c50, 8.6, 570.148.08, 73, 92, 91, 23028, 21029, 1571, 1485, 6251, 147.39, 150.00
1762628869,0, NVIDIA A10, GPU-359b21ab-3dbf-5646-ba1f-a513e3866c50, 8.6, 570.148.08, 73, 96, 58, 23028, 21029, 1571, 1425, 6251, 148.31, 150.00
1762628870,0, NVIDIA A10, GPU-359b21ab-3dbf-5646-ba1f-a513e3866c50, 8.6, 570.148.08, 73, 92, 90, 23028, 21029, 1571, 1410, 6251, 147.89, 150.00
1762628871,0, NVIDIA A10, GPU-359b21ab-3dbf-5646-ba1f-a513e3866c50, 8.6, 570.148.08, 73, 91, 91, 23028, 21029, 1571, 1455, 6251, 147.23, 150.00
1762628872,0, NVIDIA A10, GPU-359b21ab-3dbf-5646-ba1f-a513e3866c50, 8.6, 570.148.08, 73, 93, 91, 23028, 21029, 1571, 1425, 6251, 149.74, 150.00
1762628873,0, NVIDIA A10, GPU-359b21ab-3dbf-5646-ba1f-a513e3866c50, 8.6, 570.148.08, 73, 91, 90, 23028, 21029, 1571, 1470, 6251, 148.60, 150.00
1762628874,0, NVIDIA A10, GPU-359b21ab-3dbf-5646-ba1f-a513e3866c50, 8.6, 570.148.08, 73, 92, 91, 23028, 21029, 1571, 1470, 6251, 148.97, 150.00
1762628875,0, NVIDIA A10, GPU-359b21ab-3dbf-5646-ba1f-a513e3866c50, 8.6, 570.148.08, 73, 91, 90, 23028, 21029, 1571, 1470, 6251, 148.86, 150.00
1762628876,0, NVIDIA A10, GPU-359b21ab-3dbf-5646-ba1f-a513e3866c50, 8.6, 570.148.08, 73, 91, 91, 23028, 21029, 1571, 1470, 6251, 150.47, 150.00
1762628877,0, NVIDIA A10, GPU-359b21ab-3dbf-5646-ba1f-a513e3866c50, 8.6, 570.148.08, 73, 92, 92, 23028, 21029, 1571, 1485, 6251, 149.67, 150.00
1762628878,0, NVIDIA A10, GPU-359b21ab-3dbf-5646-ba1f-a513e3866c50, 8.6, 570.148.08, 73, 92, 92, 23028, 21029, 1571, 1290, 6251, 154.24, 150.00
1762628880,0, NVIDIA A10, GPU-359b21ab-3dbf-5646-ba1f-a513e3866c50, 8.6, 570.148.08, 73, 92, 92, 23028, 21029, 1571, 1380, 6251, 148.88, 150.00
1762628881,0, NVIDIA A10, GPU-359b21ab-3dbf-5646-ba1f-a513e3866c50, 8.6, 570.148.08, 74, 99, 49, 23028, 21029, 1571, 1380, 6251, 148.78, 150.00
1762628882,0, NVIDIA A10, GPU-359b21ab-3dbf-5646-ba1f-a513e3866c50, 8.6, 570.148.08, 73, 93, 92, 23028, 21029, 1571, 1410, 6251, 149.00, 150.00
1762628883,0, NVIDIA A10, GPU-359b21ab-3dbf-5646-ba1f-a513e3866c50, 8.6, 570.148.08, 73, 91, 90, 23028, 21029, 1571, 1470, 6251, 150.13, 150.00
1762628884,0, NVIDIA A10, GPU-359b21ab-3dbf-5646-ba1f-a513e3866c50, 8.6, 570.148.08, 73, 92, 90, 23028, 21029, 1571, 1440, 6251, 150.03, 150.00
1762628885,0, NVIDIA A10, GPU-359b21ab-3dbf-5646-ba1f-a513e3866c50, 8.6, 570.148.08, 74, 92, 91, 23028, 21029, 1571, 1455, 6251, 149.14, 150.00
1762628886,0, NVIDIA A10, GPU-359b21ab-3dbf-5646-ba1f-a513e3866c50, 8.6, 570.148.08, 74, 93, 93, 23028, 21029, 1571, 1470, 6251, 150.15, 150.00
1762628887,0, NVIDIA A10, GPU-359b21ab-3dbf-5646-ba1f-a513e3866c50, 8.6, 570.148.08, 74, 91, 90, 23028, 21029, 1571, 1470, 6251, 152.47, 150.00
1762628888,0, NVIDIA A10, GPU-359b21ab-3dbf-5646-ba1f-a513e3866c50, 8.6, 570.148.08, 74, 98, 51, 23028, 21029, 1571, 1095, 6251, 149.64, 150.00
1762628889,0, NVIDIA A10, GPU-359b21ab-3dbf-5646-ba1f-a513e3866c50, 8.6, 570.148.08, 74, 93, 91, 23028, 21029, 1571, 1380, 6251, 147.81, 150.00
1762628890,0, NVIDIA A10, GPU-359b21ab-3dbf-5646-ba1f-a513e3866c50, 8.6, 570.148.08, 74, 93, 93, 23028, 21029, 1571, 1470, 6251, 150.64, 150.00
1762628891,0, NVIDIA A10, GPU-359b21ab-3dbf-5646-ba1f-a513e3866c50, 8.6, 570.148.08, 74, 91, 79, 23028, 21029, 1571, 1035, 6251, 152.88, 150.00
1762628892,0, NVIDIA A10, GPU-359b21ab-3dbf-5646-ba1f-a513e3866c50, 8.6, 570.148.08, 74, 93, 92, 23028, 21029, 1571, 1395, 6251, 148.52, 150.00
1762628893,0, NVIDIA A10, GPU-359b21ab-3dbf-5646-ba1f-a513e3866c50, 8.6, 570.148.08, 74, 92, 89, 23028, 21029, 1571, 1455, 6251, 151.05, 150.00
1762628894,0, NVIDIA A10, GPU-359b21ab-3dbf-5646-ba1f-a513e3866c50, 8.6, 570.148.08, 74, 93, 91, 23028, 21029, 1571, 990, 6251, 149.14, 150.00
1762628895,0, NVIDIA A10, GPU-359b21ab-3dbf-5646-ba1f-a513e3866c50, 8.6, 570.148.08, 74, 92, 91, 23028, 21029, 1571, 1365, 6251, 148.11, 150.00
1762628896,0, NVIDIA A10, GPU-359b21ab-3dbf-5646-ba1f-a513e3866c50, 8.6, 570.148.08, 74, 92, 91, 23028, 21029, 1571, 1410, 6251, 148.43, 150.00
1762628897,0, NVIDIA A10, GPU-359b21ab-3dbf-5646-ba1f-a513e3866c50, 8.6, 570.148.08, 74, 93, 93, 23028, 21029, 1571, 1425, 6251, 149.36, 150.00
1762628898,0, NVIDIA A10, GPU-359b21ab-3dbf-5646-ba1f-a513e3866c50, 8.6, 570.148.08, 75, 100, 43, 23028, 21029, 1571, 1080, 6251, 149.36, 150.00
1762628899,0, NVIDIA A10, GPU-359b21ab-3dbf-5646-ba1f-a513e3866c50, 8.6, 570.148.08, 74, 92, 91, 23028, 21029, 1571, 1455, 6251, 146.23, 150.00
1762628900,0, NVIDIA A10, GPU-359b21ab-3dbf-5646-ba1f-a513e3866c50, 8.6, 570.148.08, 74, 92, 91, 23028, 21029, 1571, 1470, 6251, 150.81, 150.00
1762628901,0, NVIDIA A10, GPU-359b21ab-3dbf-5646-ba1f-a513e3866c50, 8.6, 570.148.08, 74, 93, 92, 23028, 21029, 1571, 1425, 6251, 148.89, 150.00
1762628902,0, NVIDIA A10, GPU-359b21ab-3dbf-5646-ba1f-a513e3866c50, 8.6, 570.148.08, 74, 97, 55, 23028, 21029, 1571, 1365, 6251, 146.37, 150.00
1762628903,0, NVIDIA A10, GPU-359b21ab-3dbf-5646-ba1f-a513e3866c50, 8.6, 570.148.08, 74, 92, 90, 23028, 21029, 1571, 1380, 6251, 148.10, 150.00
1762628904,0, NVIDIA A10, GPU-359b21ab-3dbf-5646-ba1f-a513e3866c50, 8.6, 570.148.08, 74, 92, 93, 23028, 21029, 1571, 1365, 6251, 151.92, 150.00
1762628905,0, NVIDIA A10, GPU-359b21ab-3dbf-5646-ba1f-a513e3866c50, 8.6, 570.148.08, 74, 92, 92, 23028, 21029, 1571, 1365, 6251, 149.74, 150.00
1762628906,0, NVIDIA A10, GPU-359b21ab-3dbf-5646-ba1f-a513e3866c50, 8.6, 570.148.08, 75, 93, 92, 23028, 21029, 1571, 1395, 6251, 152.69, 150.00
1762628907,0, NVIDIA A10, GPU-359b21ab-3dbf-5646-ba1f-a513e3866c50, 8.6, 570.148.08, 74, 93, 92, 23028, 21029, 1571, 1425, 6251, 148.23, 150.00
1762628908,0, NVIDIA A10, GPU-359b21ab-3dbf-5646-ba1f-a513e3866c50, 8.6, 570.148.08, 75, 99, 46, 23028, 21029, 1571, 1050, 6251, 153.53, 150.00
1762628909,0, NVIDIA A10, GPU-359b21ab-3dbf-5646-ba1f-a513e3866c50, 8.6, 570.148.08, 74, 93, 91, 23028, 21029, 1571, 1365, 6251, 148.96, 150.00
1762628910,0, NVIDIA A10, GPU-359b21ab-3dbf-5646-ba1f-a513e3866c50, 8.6, 570.148.08, 74, 91, 89, 23028, 21029, 1571, 1440, 6251, 150.10, 150.00
1762628911,0, NVIDIA A10, GPU-359b21ab-3dbf-5646-ba1f-a513e3866c50, 8.6, 570.148.08, 74, 93, 91, 23028, 21029, 1571, 1395, 6251, 149.91, 150.00
1762628912,0, NVIDIA A10, GPU-359b21ab-3dbf-5646-ba1f-a513e3866c50, 8.6, 570.148.08, 75, 92, 91, 23028, 21029, 1571, 1440, 6251, 150.27, 150.00
1762628914,0, NVIDIA A10, GPU-359b21ab-3dbf-5646-ba1f-a513e3866c50, 8.6, 570.148.08, 75, 91, 90, 23028, 21029, 1571, 1455, 6251, 150.09, 150.00
1762628915,0, NVIDIA A10, GPU-359b21ab-3dbf-5646-ba1f-a513e3866c50, 8.6, 570.148.08, 74, 92, 91, 23028, 21029, 1571, 1470, 6251, 151.26, 150.00
1762628916,0, NVIDIA A10, GPU-359b21ab-3dbf-5646-ba1f-a513e3866c50, 8.6, 570.148.08, 75, 92, 92, 23028, 21029, 1571, 1455, 6251, 150.00, 150.00
1762628917,0, NVIDIA A10, GPU-359b21ab-3dbf-5646-ba1f-a513e3866c50, 8.6, 570.148.08, 75, 92, 92, 23028, 21029, 1571, 1440, 6251, 149.35, 150.00
1762628918,0, NVIDIA A10, GPU-359b21ab-3dbf-5646-ba1f-a513e3866c50, 8.6, 570.148.08, 75, 91, 86, 23028, 21029, 1571, 1065, 6251, 151.27, 150.00
1762628919,0, NVIDIA A10, GPU-359b21ab-3dbf-5646-ba1f-a513e3866c50, 8.6, 570.148.08, 75, 95, 63, 23028, 21029, 1571, 915, 6251, 148.47, 150.00
1762628920,0, NVIDIA A10, GPU-359b21ab-3dbf-5646-ba1f-a513e3866c50, 8.6, 570.148.08, 75, 98, 44, 23028, 21029, 1571, 1005, 6251, 145.59, 150.00
1762628921,0, NVIDIA A10, GPU-359b21ab-3dbf-5646-ba1f-a513e3866c50, 8.6, 570.148.08, 74, 96, 59, 23028, 21029, 1571, 1020, 6251, 146.57, 150.00
1762628922,0, NVIDIA A10, GPU-359b21ab-3dbf-5646-ba1f-a513e3866c50, 8.6, 570.148.08, 75, 94, 75, 23028, 21029, 1571, 1035, 6251, 148.56, 150.00
1762628923,0, NVIDIA A10, GPU-359b21ab-3dbf-5646-ba1f-a513e3866c50, 8.6, 570.148.08, 75, 93, 91, 23028, 21029, 1571, 1305, 6251, 149.49, 150.00
1762628924,0, NVIDIA A10, GPU-359b21ab-3dbf-5646-ba1f-a513e3866c50, 8.6, 570.148.08, 75, 93, 91, 23028, 21029, 1571, 1260, 6251, 147.72, 150.00
1762628925,0, NVIDIA A10, GPU-359b21ab-3dbf-5646-ba1f-a513e3866c50, 8.6, 570.148.08, 75, 93, 92, 23028, 21029, 1571, 1320, 6251, 148.03, 150.00
1762628926,0, NVIDIA A10, GPU-359b21ab-3dbf-5646-ba1f-a513e3866c50, 8.6, 570.148.08, 75, 93, 78, 23028, 21029, 1571, 1335, 6251, 146.97, 150.00
1762628927,0, NVIDIA A10, GPU-359b21ab-3dbf-5646-ba1f-a513e3866c50, 8.6, 570.148.08, 74, 93, 91, 23028, 21029, 1571, 1365, 6251, 148.56, 150.00
1762628928,0, NVIDIA A10, GPU-359b21ab-3dbf-5646-ba1f-a513e3866c50, 8.6, 570.148.08, 73, 0, 0, 23028, 21029, 1571, 1680, 6251, 128.23, 150.00
1762628929,0, NVIDIA A10, GPU-359b21ab-3dbf-5646-ba1f-a513e3866c50, 8.6, 570.148.08, 72, 0, 0, 23028, 21029, 1571, 1695, 6251, 89.71, 150.00
1762628930,0, NVIDIA A10, GPU-359b21ab-3dbf-5646-ba1f-a513e3866c50, 8.6, 570.148.08, 71, 0, 0, 23028, 3, 22596, 1695, 6251, 81.24, 150.00
