ts_unix,index,name,uuid,compute_cap,driver_version,temperature.gpu,utilization.gpu,utilization.memory,memory.total,memory.used,memory.free,clocks.sm,clocks.mem,power.draw,power.limit
1762642200,0, NVIDIA A10, GPU-359b21ab-3dbf-5646-ba1f-a513e3866c50, 8.6, 570.148.08, 34, 0, 0, 23028, 0, 22599, 210, 405, 15.91, 150.00
1762642201,0, NVIDIA A10, GPU-359b21ab-3dbf-5646-ba1f-a513e3866c50, 8.6, 570.148.08, 35, 0, 0, 23028, 0, 22599, 945, 6251, 28.72, 150.00
1762642202,0, NVIDIA A10, GPU-359b21ab-3dbf-5646-ba1f-a513e3866c50, 8.6, 570.148.08, 35, 0, 0, 23028, 0, 22599, 210, 405, 41.44, 150.00
1762642203,0, NVIDIA A10, GPU-359b21ab-3dbf-5646-ba1f-a513e3866c50, 8.6, 570.148.08, 35, 0, 0, 23028, 0, 22599, 210, 405, 28.63, 150.00
1762642204,0, NVIDIA A10, GPU-359b21ab-3dbf-5646-ba1f-a513e3866c50, 8.6, 570.148.08, 34, 0, 0, 23028, 0, 22599, 210, 405, 15.86, 150.00
1762642205,0, NVIDIA A10, GPU-359b21ab-3dbf-5646-ba1f-a513e3866c50, 8.6, 570.148.08, 34, 0, 0, 23028, 0, 22599, 210, 405, 15.86, 150.00
1762642206,0, NVIDIA A10, GPU-359b21ab-3dbf-5646-ba1f-a513e3866c50, 8.6, 570.148.08, 34, 0, 0, 23028, 0, 22599, 210, 405, 15.86, 150.00
1762642207,0, NVIDIA A10, GPU-359b21ab-3dbf-5646-ba1f-a513e3866c50, 8.6, 570.148.08, 34, 0, 0, 23028, 0, 22599, 210, 405, 15.86, 150.00
1762642208,0, NVIDIA A10, GPU-359b21ab-3dbf-5646-ba1f-a513e3866c50, 8.6, 570.148.08, 34, 0, 0, 23028, 0, 22599, 210, 405, 15.86, 150.00
1762642209,0, NVIDIA A10, GPU-359b21ab-3dbf-5646-ba1f-a513e3866c50, 8.6, 570.148.08, 34, 0, 0, 23028, 0, 22599, 210, 405, 15.86, 150.00
1762642210,0, NVIDIA A10, GPU-359b21ab-3dbf-5646-ba1f-a513e3866c50, 8.6, 570.148.08, 34, 0, 0, 23028, 0, 22599, 210, 405, 15.86, 150.00
1762642211,0, NVIDIA A10, GPU-359b21ab-3dbf-5646-ba1f-a513e3866c50, 8.6, 570.148.08, 34, 0, 0, 23028, 0, 22599, 210, 405, 15.86, 150.00
1762642212,0, NVIDIA A10, GPU-359b21ab-3dbf-5646-ba1f-a513e3866c50, 8.6, 570.148.08, 34, 0, 0, 23028, 0, 22599, 210, 405, 15.86, 150.00
1762642213,0, NVIDIA A10, GPU-359b21ab-3dbf-5646-ba1f-a513e3866c50, 8.6, 570.148.08, 34, 0, 0, 23028, 0, 22599, 210, 405, 15.86, 150.00
1762642214,0, NVIDIA A10, GPU-359b21ab-3dbf-5646-ba1f-a513e3866c50, 8.6, 570.148.08, 36, 0, 0, 23028, 3227, 19373, 1695, 6251, 31.83, 150.00
1762642215,0, NVIDIA A10, GPU-359b21ab-3dbf-5646-ba1f-a513e3866c50, 8.6, 570.148.08, 36, 12, 1, 23028, 2725, 19875, 1695, 6251, 56.76, 150.00
1762642216,0, NVIDIA A10, GPU-359b21ab-3dbf-5646-ba1f-a513e3866c50, 8.6, 570.148.08, 37, 0, 0, 23028, 2725, 19875, 1695, 6251, 56.23, 150.00
1762642217,0, NVIDIA A10, GPU-359b21ab-3dbf-5646-ba1f-a513e3866c50, 8.6, 570.148.08, 37, 0, 0, 23028, 2725, 19875, 1695, 6251, 56.15, 150.00
1762642218,0, NVIDIA A10, GPU-359b21ab-3dbf-5646-ba1f-a513e3866c50, 8.6, 570.148.08, 37, 0, 0, 23028, 2725, 19875, 1695, 6251, 56.11, 150.00
1762642219,0, NVIDIA A10, GPU-359b21ab-3dbf-5646-ba1f-a513e3866c50, 8.6, 570.148.08, 37, 0, 0, 23028, 2725, 19875, 1695, 6251, 56.48, 150.00
1762642220,0, NVIDIA A10, GPU-359b21ab-3dbf-5646-ba1f-a513e3866c50, 8.6, 570.148.08, 38, 0, 0, 23028, 4299, 18301, 1695, 6251, 77.49, 150.00
1762642221,0, NVIDIA A10, GPU-359b21ab-3dbf-5646-ba1f-a513e3866c50, 8.6, 570.148.08, 42, 56, 45, 23028, 19623, 2977, 1680, 6251, 99.51, 150.00
1762642222,0, NVIDIA A10, GPU-359b21ab-3dbf-5646-ba1f-a513e3866c50, 8.6, 570.148.08, 43, 57, 42, 23028, 19793, 2807, 1680, 6251, 125.99, 150.00
1762642223,0, NVIDIA A10, GPU-359b21ab-3dbf-5646-ba1f-a513e3866c50, 8.6, 570.148.08, 40, 0, 0, 23028, 21037, 1563, 1695, 6251, 74.08, 150.00
1762642224,0, NVIDIA A10, GPU-359b21ab-3dbf-5646-ba1f-a513e3866c50, 8.6, 570.148.08, 44, 91, 92, 23028, 21037, 1563, 1650, 6251, 110.58, 150.00
1762642225,0, NVIDIA A10, GPU-359b21ab-3dbf-5646-ba1f-a513e3866c50, 8.6, 570.148.08, 45, 93, 93, 23028, 21037, 1563, 1620, 6251, 153.91, 150.00
1762642226,0, NVIDIA A10, GPU-359b21ab-3dbf-5646-ba1f-a513e3866c50, 8.6, 570.148.08, 46, 92, 93, 23028, 21037, 1563, 1635, 6251, 150.87, 150.00
1762642227,0, NVIDIA A10, GPU-359b21ab-3dbf-5646-ba1f-a513e3866c50, 8.6, 570.148.08, 46, 92, 80, 23028, 21037, 1563, 1485, 6251, 147.02, 150.00
1762642228,0, NVIDIA A10, GPU-359b21ab-3dbf-5646-ba1f-a513e3866c50, 8.6, 570.148.08, 47, 93, 93, 23028, 21037, 1563, 1620, 6251, 145.22, 150.00
1762642229,0, NVIDIA A10, GPU-359b21ab-3dbf-5646-ba1f-a513e3866c50, 8.6, 570.148.08, 48, 92, 93, 23028, 21037, 1563, 1590, 6251, 147.99, 150.00
1762642230,0, NVIDIA A10, GPU-359b21ab-3dbf-5646-ba1f-a513e3866c50, 8.6, 570.148.08, 48, 93, 94, 23028, 21037, 1563, 1605, 6251, 149.37, 150.00
1762642231,0, NVIDIA A10, GPU-359b21ab-3dbf-5646-ba1f-a513e3866c50, 8.6, 570.148.08, 49, 92, 93, 23028, 21037, 1563, 1590, 6251, 151.19, 150.00
1762642232,0, NVIDIA A10, GPU-359b21ab-3dbf-5646-ba1f-a513e3866c50, 8.6, 570.148.08, 50, 93, 94, 23028, 21037, 1563, 1605, 6251, 154.59, 150.00
1762642233,0, NVIDIA A10, GPU-359b21ab-3dbf-5646-ba1f-a513e3866c50, 8.6, 570.148.08, 50, 92, 81, 23028, 21037, 1563, 1260, 6251, 155.24, 150.00
1762642234,0, NVIDIA A10, GPU-359b21ab-3dbf-5646-ba1f-a513e3866c50, 8.6, 570.148.08, 50, 93, 91, 23028, 21037, 1563, 1590, 6251, 149.48, 150.00
1762642236,0, NVIDIA A10, GPU-359b21ab-3dbf-5646-ba1f-a513e3866c50, 8.6, 570.148.08, 51, 93, 93, 23028, 21037, 1563, 1575, 6251, 147.77, 150.00
1762642237,0, NVIDIA A10, GPU-359b21ab-3dbf-5646-ba1f-a513e3866c50, 8.6, 570.148.08, 51, 93, 93, 23028, 21037, 1563, 1560, 6251, 147.84, 150.00
1762642238,0, NVIDIA A10, GPU-359b21ab-3dbf-5646-ba1f-a513e3866c50, 8.6, 570.148.08, 52, 93, 93, 23028, 21037, 1563, 1575, 6251, 148.10, 150.00
1762642239,0, NVIDIA A10, GPU-359b21ab-3dbf-5646-ba1f-a513e3866c50, 8.6, 570.148.08, 53, 93, 93, 23028, 21037, 1563, 1530, 6251, 148.23, 150.00
1762642240,0, NVIDIA A10, GPU-359b21ab-3dbf-5646-ba1f-a513e3866c50, 8.6, 570.148.08, 53, 93, 93, 23028, 21037, 1563, 1575, 6251, 148.07, 150.00
1762642241,0, NVIDIA A10, GPU-359b21ab-3dbf-5646-ba1f-a513e3866c50, 8.6, 570.148.08, 53, 94, 84, 23028, 21037, 1563, 1530, 6251, 145.96, 150.00
1762642242,0, NVIDIA A10, GPU-359b21ab-3dbf-5646-ba1f-a513e3866c50, 8.6, 570.148.08, 54, 92, 92, 23028, 21037, 1563, 1590, 6251, 151.44, 150.00
1762642243,0, NVIDIA A10, GPU-359b21ab-3dbf-5646-ba1f-a513e3866c50, 8.6, 570.148.08, 54, 93, 93, 23028, 21037, 1563, 1590, 6251, 154.48, 150.00
1762642244,0, NVIDIA A10, GPU-359b21ab-3dbf-5646-ba1f-a513e3866c50, 8.6, 570.148.08, 55, 92, 93, 23028, 21037, 1563, 1590, 6251, 151.55, 150.00
1762642245,0, NVIDIA A10, GPU-359b21ab-3dbf-5646-ba1f-a513e3866c50, 8.6, 570.148.08, 55, 92, 92, 23028, 21037, 1563, 1575, 6251, 150.44, 150.00
1762642246,0, NVIDIA A10, GPU-359b21ab-3dbf-5646-ba1f-a513e3866c50, 8.6, 570.148.08, 55, 93, 93, 23028, 21037, 1563, 1575, 6251, 149.04, 150.00
1762642247,0, NVIDIA A10, GPU-359b21ab-3dbf-5646-ba1f-a513e3866c50, 8.6, 570.148.08, 56, 93, 80, 23028, 21037, 1563, 1335, 6251, 146.13, 150.00
1762642248,0, NVIDIA A10, GPU-359b21ab-3dbf-5646-ba1f-a513e3866c50, 8.6, 570.148.08, 56, 92, 91, 23028, 21037, 1563, 1575, 6251, 145.29, 150.00
1762642249,0, NVIDIA A10, GPU-359b21ab-3dbf-5646-ba1f-a513e3866c50, 8.6, 570.148.08, 57, 92, 93, 23028, 21037, 1563, 1575, 6251, 147.86, 150.00
1762642250,0, NVIDIA A10, GPU-359b21ab-3dbf-5646-ba1f-a513e3866c50, 8.6, 570.148.08, 57, 92, 93, 23028, 21037, 1563, 1590, 6251, 147.88, 150.00
1762642251,0, NVIDIA A10, GPU-359b21ab-3dbf-5646-ba1f-a513e3866c50, 8.6, 570.148.08, 57, 93, 93, 23028, 21037, 1563, 1590, 6251, 148.43, 150.00
1762642252,0, NVIDIA A10, GPU-359b21ab-3dbf-5646-ba1f-a513e3866c50, 8.6, 570.148.08, 57, 93, 93, 23028, 21037, 1563, 1590, 6251, 148.72, 150.00
1762642253,0, NVIDIA A10, GPU-359b21ab-3dbf-5646-ba1f-a513e3866c50, 8.6, 570.148.08, 58, 93, 93, 23028, 21037, 1563, 1575, 6251, 148.30, 150.00
1762642254,0, NVIDIA A10, GPU-359b21ab-3dbf-5646-ba1f-a513e3866c50, 8.6, 570.148.08, 59, 93, 88, 23028, 21037, 1563, 1515, 6251, 155.14, 150.00
1762642255,0, NVIDIA A10, GPU-359b21ab-3dbf-5646-ba1f-a513e3866c50, 8.6, 570.148.08, 58, 93, 93, 23028, 21037, 1563, 1575, 6251, 152.59, 150.00
1762642256,0, NVIDIA A10, GPU-359b21ab-3dbf-5646-ba1f-a513e3866c50, 8.6, 570.148.08, 59, 93, 93, 23028, 21037, 1563, 1575, 6251, 153.34, 150.00
1762642257,0, NVIDIA A10, GPU-359b21ab-3dbf-5646-ba1f-a513e3866c50, 8.6, 570.148.08, 59, 93, 93, 23028, 21037, 1563, 1575, 6251, 151.39, 150.00
1762642258,0, NVIDIA A10, GPU-359b21ab-3dbf-5646-ba1f-a513e3866c50, 8.6, 570.148.08, 59, 93, 93, 23028, 21037, 1563, 1545, 6251, 149.10, 150.00
1762642259,0, NVIDIA A10, GPU-359b21ab-3dbf-5646-ba1f-a513e3866c50, 8.6, 570.148.08, 60, 92, 92, 23028, 21037, 1563, 1545, 6251, 147.81, 150.00
1762642260,0, NVIDIA A10, GPU-359b21ab-3dbf-5646-ba1f-a513e3866c50, 8.6, 570.148.08, 60, 93, 79, 23028, 21037, 1563, 1320, 6251, 145.44, 150.00
1762642261,0, NVIDIA A10, GPU-359b21ab-3dbf-5646-ba1f-a513e3866c50, 8.6, 570.148.08, 60, 93, 91, 23028, 21037, 1563, 1560, 6251, 145.08, 150.00
1762642262,0, NVIDIA A10, GPU-359b21ab-3dbf-5646-ba1f-a513e3866c50, 8.6, 570.148.08, 60, 92, 92, 23028, 21037, 1563, 1545, 6251, 147.61, 150.00
1762642263,0, NVIDIA A10, GPU-359b21ab-3dbf-5646-ba1f-a513e3866c50, 8.6, 570.148.08, 61, 93, 93, 23028, 21037, 1563, 1560, 6251, 147.90, 150.00
1762642264,0, NVIDIA A10, GPU-359b21ab-3dbf-5646-ba1f-a513e3866c50, 8.6, 570.148.08, 61, 92, 92, 23028, 21037, 1563, 1545, 6251, 147.91, 150.00
1762642265,0, NVIDIA A10, GPU-359b21ab-3dbf-5646-ba1f-a513e3866c50, 8.6, 570.148.08, 61, 92, 92, 23028, 21037, 1563, 1545, 6251, 147.83, 150.00
1762642266,0, NVIDIA A10, GPU-359b21ab-3dbf-5646-ba1f-a513e3866c50, 8.6, 570.148.08, 61, 93, 93, 23028, 21037, 1563, 1560, 6251, 148.68, 150.00
1762642267,0, NVIDIA A10, GPU-359b21ab-3dbf-5646-ba1f-a513e3866c50, 8.6, 570.148.08, 62, 94, 81, 23028, 21037, 1563, 1500, 6251, 146.89, 150.00
1762642268,0, NVIDIA A10, GPU-359b21ab-3dbf-5646-ba1f-a513e3866c50, 8.6, 570.148.08, 60, 0, 0, 23028, 21037, 1563, 1680, 6251, 133.38, 150.00
1762642270,0, NVIDIA A10, GPU-359b21ab-3dbf-5646-ba1f-a513e3866c50, 8.6, 570.148.08, 59, 0, 0, 23028, 0, 22599, 1695, 6251, 71.52, 150.00
1762642271,0, NVIDIA A10, GPU-359b21ab-3dbf-5646-ba1f-a513e3866c50, 8.6, 570.148.08, 58, 0, 0, 23028, 0, 22599, 1695, 6251, 67.50, 150.00
1762642272,0, NVIDIA A10, GPU-359b21ab-3dbf-5646-ba1f-a513e3866c50, 8.6, 570.148.08, 57, 0, 0, 23028, 0, 22599, 330, 6251, 47.90, 150.00
1762642273,0, NVIDIA A10, GPU-359b21ab-3dbf-5646-ba1f-a513e3866c50, 8.6, 570.148.08, 56, 0, 0, 23028, 0, 22599, 210, 6251, 45.81, 150.00
1762642274,0, NVIDIA A10, GPU-359b21ab-3dbf-5646-ba1f-a513e3866c50, 8.6, 570.148.08, 56, 0, 0, 23028, 0, 22599, 210, 6251, 45.38, 150.00
1762642275,0, NVIDIA A10, GPU-359b21ab-3dbf-5646-ba1f-a513e3866c50, 8.6, 570.148.08, 56, 0, 0, 23028, 0, 22599, 210, 405, 31.49, 150.00
1762642276,0, NVIDIA A10, GPU-359b21ab-3dbf-5646-ba1f-a513e3866c50, 8.6, 570.148.08, 55, 0, 0, 23028, 0, 22599, 210, 405, 17.69, 150.00
1762642277,0, NVIDIA A10, GPU-359b21ab-3dbf-5646-ba1f-a513e3866c50, 8.6, 570.148.08, 54, 0, 0, 23028, 0, 22599, 210, 405, 17.40, 150.00
1762642278,0, NVIDIA A10, GPU-359b21ab-3dbf-5646-ba1f-a513e3866c50, 8.6, 570.148.08, 53, 0, 0, 23028, 0, 22599, 210, 405, 17.50, 150.00
1762642279,0, NVIDIA A10, GPU-359b21ab-3dbf-5646-ba1f-a513e3866c50, 8.6, 570.148.08, 53, 0, 0, 23028, 0, 22599, 210, 405, 17.31, 150.00
1762642280,0, NVIDIA A10, GPU-359b21ab-3dbf-5646-ba1f-a513e3866c50, 8.6, 570.148.08, 52, 0, 0, 23028, 0, 22599, 210, 405, 17.16, 150.00
1762642281,0, NVIDIA A10, GPU-359b21ab-3dbf-5646-ba1f-a513e3866c50, 8.6, 570.148.08, 52, 0, 0, 23028, 0, 22599, 210, 405, 17.16, 150.00
1762642282,0, NVIDIA A10, GPU-359b21ab-3dbf-5646-ba1f-a513e3866c50, 8.6, 570.148.08, 51, 0, 0, 23028, 0, 22599, 210, 405, 17.07, 150.00
1762642283,0, NVIDIA A10, GPU-359b21ab-3dbf-5646-ba1f-a513e3866c50, 8.6, 570.148.08, 51, 0, 0, 23028, 0, 22599, 210, 405, 17.07, 150.00
1762642284,0, NVIDIA A10, GPU-359b21ab-3dbf-5646-ba1f-a513e3866c50, 8.6, 570.148.08, 52, 0, 0, 23028, 869, 21731, 1695, 6251, 31.40, 150.00
1762642285,0, NVIDIA A10, GPU-359b21ab-3dbf-5646-ba1f-a513e3866c50, 8.6, 570.148.08, 52, 5, 0, 23028, 3227, 19373, 1695, 6251, 63.05, 150.00
1762642286,0, NVIDIA A10, GPU-359b21ab-3dbf-5646-ba1f-a513e3866c50, 8.6, 570.148.08, 52, 0, 0, 23028, 2725, 19875, 1695, 6251, 62.36, 150.00
1762642287,0, NVIDIA A10, GPU-359b21ab-3dbf-5646-ba1f-a513e3866c50, 8.6, 570.148.08, 52, 0, 0, 23028, 2725, 19875, 1695, 6251, 62.09, 150.00
1762642288,0, NVIDIA A10, GPU-359b21ab-3dbf-5646-ba1f-a513e3866c50, 8.6, 570.148.08, 52, 0, 0, 23028, 2725, 19875, 1695, 6251, 62.00, 150.00
1762642289,0, NVIDIA A10, GPU-359b21ab-3dbf-5646-ba1f-a513e3866c50, 8.6, 570.148.08, 52, 0, 0, 23028, 2725, 19875, 1695, 6251, 62.18, 150.00
1762642290,0, NVIDIA A10, GPU-359b21ab-3dbf-5646-ba1f-a513e3866c50, 8.6, 570.148.08, 53, 0, 0, 23028, 4299, 18301, 1680, 6251, 78.63, 150.00
1762642291,0, NVIDIA A10, GPU-359b21ab-3dbf-5646-ba1f-a513e3866c50, 8.6, 570.148.08, 55, 58, 35, 23028, 19577, 3023, 1605, 6251, 104.38, 150.00
1762642292,0, NVIDIA A10, GPU-359b21ab-3dbf-5646-ba1f-a513e3866c50, 8.6, 570.148.08, 55, 56, 38, 23028, 19775, 2825, 1665, 6251, 125.00, 150.00
1762642293,0, NVIDIA A10, GPU-359b21ab-3dbf-5646-ba1f-a513e3866c50, 8.6, 570.148.08, 54, 0, 0, 23028, 21037, 1563, 1695, 6251, 92.15, 150.00
1762642294,0, NVIDIA A10, GPU-359b21ab-3dbf-5646-ba1f-a513e3866c50, 8.6, 570.148.08, 56, 92, 92, 23028, 21037, 1563, 1590, 6251, 96.84, 150.00
1762642295,0, NVIDIA A10, GPU-359b21ab-3dbf-5646-ba1f-a513e3866c50, 8.6, 570.148.08, 57, 92, 92, 23028, 21037, 1563, 1590, 6251, 148.46, 150.00
1762642296,0, NVIDIA A10, GPU-359b21ab-3dbf-5646-ba1f-a513e3866c50, 8.6, 570.148.08, 58, 92, 92, 23028, 21037, 1563, 1575, 6251, 153.10, 150.00
1762642297,0, NVIDIA A10, GPU-359b21ab-3dbf-5646-ba1f-a513e3866c50, 8.6, 570.148.08, 58, 91, 91, 23028, 21037, 1563, 1590, 6251, 149.12, 150.00
1762642298,0, NVIDIA A10, GPU-359b21ab-3dbf-5646-ba1f-a513e3866c50, 8.6, 570.148.08, 58, 92, 92, 23028, 21037, 1563, 1575, 6251, 147.15, 150.00
1762642299,0, NVIDIA A10, GPU-359b21ab-3dbf-5646-ba1f-a513e3866c50, 8.6, 570.148.08, 59, 92, 92, 23028, 21037, 1563, 1575, 6251, 151.61, 150.00
1762642300,0, NVIDIA A10, GPU-359b21ab-3dbf-5646-ba1f-a513e3866c50, 8.6, 570.148.08, 59, 92, 93, 23028, 21037, 1563, 1575, 6251, 147.64, 150.00
1762642301,0, NVIDIA A10, GPU-359b21ab-3dbf-5646-ba1f-a513e3866c50, 8.6, 570.148.08, 60, 92, 92, 23028, 21037, 1563, 1575, 6251, 152.05, 150.00
1762642302,0, NVIDIA A10, GPU-359b21ab-3dbf-5646-ba1f-a513e3866c50, 8.6, 570.148.08, 60, 91, 84, 23028, 21037, 1563, 1230, 6251, 151.33, 150.00
1762642303,0, NVIDIA A10, GPU-359b21ab-3dbf-5646-ba1f-a513e3866c50, 8.6, 570.148.08, 60, 94, 66, 23028, 21037, 1563, 1050, 6251, 150.27, 150.00
1762642304,0, NVIDIA A10, GPU-359b21ab-3dbf-5646-ba1f-a513e3866c50, 8.6, 570.148.08, 60, 95, 56, 23028, 21037, 1563, 1470, 6251, 145.71, 150.00
1762642305,0, NVIDIA A10, GPU-359b21ab-3dbf-5646-ba1f-a513e3866c50, 8.6, 570.148.08, 60, 92, 91, 23028, 21037, 1563, 1545, 6251, 152.16, 150.00
1762642306,0, NVIDIA A10, GPU-359b21ab-3dbf-5646-ba1f-a513e3866c50, 8.6, 570.148.08, 61, 92, 91, 23028, 21037, 1563, 1560, 6251, 148.32, 150.00
1762642307,0, NVIDIA A10, GPU-359b21ab-3dbf-5646-ba1f-a513e3866c50, 8.6, 570.148.08, 61, 92, 91, 23028, 21037, 1563, 1560, 6251, 148.29, 150.00
1762642309,0, NVIDIA A10, GPU-359b21ab-3dbf-5646-ba1f-a513e3866c50, 8.6, 570.148.08, 62, 92, 92, 23028, 21037, 1563, 1560, 6251, 152.12, 150.00
1762642310,0, NVIDIA A10, GPU-359b21ab-3dbf-5646-ba1f-a513e3866c50, 8.6, 570.148.08, 62, 92, 92, 23028, 21037, 1563, 1560, 6251, 148.28, 150.00
1762642311,0, NVIDIA A10, GPU-359b21ab-3dbf-5646-ba1f-a513e3866c50, 8.6, 570.148.08, 62, 92, 92, 23028, 21037, 1563, 1545, 6251, 148.15, 150.00
1762642312,0, NVIDIA A10, GPU-359b21ab-3dbf-5646-ba1f-a513e3866c50, 8.6, 570.148.08, 62, 92, 92, 23028, 21037, 1563, 1560, 6251, 152.30, 150.00
1762642313,0, NVIDIA A10, GPU-359b21ab-3dbf-5646-ba1f-a513e3866c50, 8.6, 570.148.08, 63, 92, 92, 23028, 21037, 1563, 1560, 6251, 148.89, 150.00
1762642314,0, NVIDIA A10, GPU-359b21ab-3dbf-5646-ba1f-a513e3866c50, 8.6, 570.148.08, 63, 92, 92, 23028, 21037, 1563, 1545, 6251, 148.65, 150.00
1762642315,0, NVIDIA A10, GPU-359b21ab-3dbf-5646-ba1f-a513e3866c50, 8.6, 570.148.08, 63, 92, 91, 23028, 21037, 1563, 1560, 6251, 151.31, 150.00
1762642316,0, NVIDIA A10, GPU-359b21ab-3dbf-5646-ba1f-a513e3866c50, 8.6, 570.148.08, 63, 92, 92, 23028, 21037, 1563, 1545, 6251, 148.07, 150.00
1762642317,0, NVIDIA A10, GPU-359b21ab-3dbf-5646-ba1f-a513e3866c50, 8.6, 570.148.08, 64, 92, 91, 23028, 21037, 1563, 1545, 6251, 151.89, 150.00
1762642318,0, NVIDIA A10, GPU-359b21ab-3dbf-5646-ba1f-a513e3866c50, 8.6, 570.148.08, 64, 92, 92, 23028, 21037, 1563, 975, 6251, 148.96, 150.00
1762642319,0, NVIDIA A10, GPU-359b21ab-3dbf-5646-ba1f-a513e3866c50, 8.6, 570.148.08, 64, 93, 76, 23028, 21037, 1563, 1320, 6251, 150.14, 150.00
1762642320,0, NVIDIA A10, GPU-359b21ab-3dbf-5646-ba1f-a513e3866c50, 8.6, 570.148.08, 64, 92, 87, 23028, 21037, 1563, 1500, 6251, 146.44, 150.00
1762642321,0, NVIDIA A10, GPU-359b21ab-3dbf-5646-ba1f-a513e3866c50, 8.6, 570.148.08, 64, 92, 90, 23028, 21037, 1563, 1545, 6251, 148.07, 150.00
1762642322,0, NVIDIA A10, GPU-359b21ab-3dbf-5646-ba1f-a513e3866c50, 8.6, 570.148.08, 65, 92, 90, 23028, 21037, 1563, 1545, 6251, 150.54, 150.00
1762642323,0, NVIDIA A10, GPU-359b21ab-3dbf-5646-ba1f-a513e3866c50, 8.6, 570.148.08, 65, 92, 91, 23028, 21037, 1563, 1530, 6251, 148.22, 150.00
1762642324,0, NVIDIA A10, GPU-359b21ab-3dbf-5646-ba1f-a513e3866c50, 8.6, 570.148.08, 65, 92, 91, 23028, 21037, 1563, 1545, 6251, 148.42, 150.00
1762642325,0, NVIDIA A10, GPU-359b21ab-3dbf-5646-ba1f-a513e3866c50, 8.6, 570.148.08, 65, 92, 91, 23028, 21037, 1563, 1545, 6251, 151.40, 150.00
1762642326,0, NVIDIA A10, GPU-359b21ab-3dbf-5646-ba1f-a513e3866c50, 8.6, 570.148.08, 66, 92, 92, 23028, 21037, 1563, 1530, 6251, 148.49, 150.00
1762642327,0, NVIDIA A10, GPU-359b21ab-3dbf-5646-ba1f-a513e3866c50, 8.6, 570.148.08, 66, 92, 91, 23028, 21037, 1563, 1530, 6251, 148.51, 150.00
1762642328,0, NVIDIA A10, GPU-359b21ab-3dbf-5646-ba1f-a513e3866c50, 8.6, 570.148.08, 66, 92, 92, 23028, 21037, 1563, 1530, 6251, 151.46, 150.00
1762642329,0, NVIDIA A10, GPU-359b21ab-3dbf-5646-ba1f-a513e3866c50, 8.6, 570.148.08, 66, 92, 92, 23028, 21037, 1563, 1530, 6251, 148.52, 150.00
1762642330,0, NVIDIA A10, GPU-359b21ab-3dbf-5646-ba1f-a513e3866c50, 8.6, 570.148.08, 66, 92, 91, 23028, 21037, 1563, 1530, 6251, 150.00, 150.00
1762642331,0, NVIDIA A10, GPU-359b21ab-3dbf-5646-ba1f-a513e3866c50, 8.6, 570.148.08, 66, 93, 92, 23028, 21037, 1563, 1530, 6251, 151.73, 150.00
1762642332,0, NVIDIA A10, GPU-359b21ab-3dbf-5646-ba1f-a513e3866c50, 8.6, 570.148.08, 67, 92, 91, 23028, 21037, 1563, 1530, 6251, 148.83, 150.00
1762642333,0, NVIDIA A10, GPU-359b21ab-3dbf-5646-ba1f-a513e3866c50, 8.6, 570.148.08, 67, 92, 80, 23028, 21037, 1563, 1020, 6251, 151.90, 150.00
1762642334,0, NVIDIA A10, GPU-359b21ab-3dbf-5646-ba1f-a513e3866c50, 8.6, 570.148.08, 67, 95, 62, 23028, 21037, 1563, 1035, 6251, 151.53, 150.00
1762642335,0, NVIDIA A10, GPU-359b21ab-3dbf-5646-ba1f-a513e3866c50, 8.6, 570.148.08, 67, 95, 56, 23028, 21037, 1563, 1425, 6251, 145.69, 150.00
1762642336,0, NVIDIA A10, GPU-359b21ab-3dbf-5646-ba1f-a513e3866c50, 8.6, 570.148.08, 67, 95, 68, 23028, 21037, 1563, 1500, 6251, 150.98, 150.00
1762642337,0, NVIDIA A10, GPU-359b21ab-3dbf-5646-ba1f-a513e3866c50, 8.6, 570.148.08, 67, 92, 91, 23028, 21037, 1563, 1515, 6251, 148.45, 150.00
1762642338,0, NVIDIA A10, GPU-359b21ab-3dbf-5646-ba1f-a513e3866c50, 8.6, 570.148.08, 67, 92, 91, 23028, 21037, 1563, 1530, 6251, 148.20, 150.00
1762642339,0, NVIDIA A10, GPU-359b21ab-3dbf-5646-ba1f-a513e3866c50, 8.6, 570.148.08, 68, 92, 91, 23028, 21037, 1563, 1515, 6251, 152.35, 150.00
1762642340,0, NVIDIA A10, GPU-359b21ab-3dbf-5646-ba1f-a513e3866c50, 8.6, 570.148.08, 68, 92, 91, 23028, 21037, 1563, 1530, 6251, 149.32, 150.00
1762642341,0, NVIDIA A10, GPU-359b21ab-3dbf-5646-ba1f-a513e3866c50, 8.6, 570.148.08, 68, 92, 92, 23028, 21037, 1563, 1515, 6251, 148.27, 150.00
1762642342,0, NVIDIA A10, GPU-359b21ab-3dbf-5646-ba1f-a513e3866c50, 8.6, 570.148.08, 66, 100, 10, 23028, 0, 22599, 1695, 6251, 117.16, 150.00
1762642344,0, NVIDIA A10, GPU-359b21ab-3dbf-5646-ba1f-a513e3866c50, 8.6, 570.148.08, 65, 0, 0, 23028, 0, 22599, 1695, 6251, 74.28, 150.00
1762642345,0, NVIDIA A10, GPU-359b21ab-3dbf-5646-ba1f-a513e3866c50, 8.6, 570.148.08, 64, 0, 0, 23028, 0, 22599, 1695, 6251, 71.74, 150.00
1762642346,0, NVIDIA A10, GPU-359b21ab-3dbf-5646-ba1f-a513e3866c50, 8.6, 570.148.08, 64, 0, 0, 23028, 0, 22599, 345, 6251, 51.04, 150.00
1762642347,0, NVIDIA A10, GPU-359b21ab-3dbf-5646-ba1f-a513e3866c50, 8.6, 570.148.08, 62, 0, 0, 23028, 0, 22599, 225, 6251, 48.64, 150.00
1762642348,0, NVIDIA A10, GPU-359b21ab-3dbf-5646-ba1f-a513e3866c50, 8.6, 570.148.08, 62, 0, 0, 23028, 0, 22599, 210, 6251, 48.07, 150.00
1762642349,0, NVIDIA A10, GPU-359b21ab-3dbf-5646-ba1f-a513e3866c50, 8.6, 570.148.08, 61, 0, 0, 23028, 0, 22599, 210, 6251, 47.78, 150.00
1762642350,0, NVIDIA A10, GPU-359b21ab-3dbf-5646-ba1f-a513e3866c50, 8.6, 570.148.08, 61, 0, 0, 23028, 0, 22599, 210, 6251, 47.54, 150.00
1762642351,0, NVIDIA A10, GPU-359b21ab-3dbf-5646-ba1f-a513e3866c50, 8.6, 570.148.08, 60, 0, 0, 23028, 0, 22599, 210, 6251, 47.37, 150.00
1762642352,0, NVIDIA A10, GPU-359b21ab-3dbf-5646-ba1f-a513e3866c50, 8.6, 570.148.08, 60, 0, 0, 23028, 0, 22599, 210, 6251, 47.18, 150.00
1762642353,0, NVIDIA A10, GPU-359b21ab-3dbf-5646-ba1f-a513e3866c50, 8.6, 570.148.08, 60, 0, 0, 23028, 0, 22599, 210, 405, 32.72, 150.00
1762642354,0, NVIDIA A10, GPU-359b21ab-3dbf-5646-ba1f-a513e3866c50, 8.6, 570.148.08, 58, 0, 0, 23028, 0, 22599, 210, 405, 18.16, 150.00
1762642355,0, NVIDIA A10, GPU-359b21ab-3dbf-5646-ba1f-a513e3866c50, 8.6, 570.148.08, 57, 0, 0, 23028, 0, 22599, 210, 405, 17.93, 150.00
1762642356,0, NVIDIA A10, GPU-359b21ab-3dbf-5646-ba1f-a513e3866c50, 8.6, 570.148.08, 57, 0, 0, 23028, 0, 22599, 210, 405, 17.69, 150.00
1762642357,0, NVIDIA A10, GPU-359b21ab-3dbf-5646-ba1f-a513e3866c50, 8.6, 570.148.08, 56, 0, 0, 23028, 3, 22596, 210, 405, 22.08, 150.00
1762642358,0, NVIDIA A10, GPU-359b21ab-3dbf-5646-ba1f-a513e3866c50, 8.6, 570.148.08, 58, 0, 0, 23028, 3227, 19373, 1695, 6251, 62.86, 150.00
1762642359,0, NVIDIA A10, GPU-359b21ab-3dbf-5646-ba1f-a513e3866c50, 8.6, 570.148.08, 58, 0, 0, 23028, 2725, 19875, 1695, 6251, 67.09, 150.00
1762642360,0, NVIDIA A10, GPU-359b21ab-3dbf-5646-ba1f-a513e3866c50, 8.6, 570.148.08, 58, 0, 0, 23028, 2725, 19875, 1695, 6251, 66.46, 150.00
1762642361,0, NVIDIA A10, GPU-359b21ab-3dbf-5646-ba1f-a513e3866c50, 8.6, 570.148.08, 58, 0, 0, 23028, 2725, 19875, 1695, 6251, 66.28, 150.00
1762642362,0, NVIDIA A10, GPU-359b21ab-3dbf-5646-ba1f-a513e3866c50, 8.6, 570.148.08, 58, 0, 0, 23028, 2725, 19875, 1695, 6251, 66.06, 150.00
1762642363,0, NVIDIA A10, GPU-359b21ab-3dbf-5646-ba1f-a513e3866c50, 8.6, 570.148.08, 58, 13, 7, 23028, 3417, 19183, 1155, 6251, 69.72, 150.00
1762642364,0, NVIDIA A10, GPU-359b21ab-3dbf-5646-ba1f-a513e3866c50, 8.6, 570.148.08, 58, 35, 42, 23028, 19445, 3155, 1695, 6251, 87.50, 150.00
1762642365,0, NVIDIA A10, GPU-359b21ab-3dbf-5646-ba1f-a513e3866c50, 8.6, 570.148.08, 61, 43, 41, 23028, 19685, 2915, 1650, 6251, 145.60, 150.00
1762642366,0, NVIDIA A10, GPU-359b21ab-3dbf-5646-ba1f-a513e3866c50, 8.6, 570.148.08, 59, 0, 0, 23028, 19839, 2761, 1695, 6251, 115.99, 150.00
1762642367,0, NVIDIA A10, GPU-359b21ab-3dbf-5646-ba1f-a513e3866c50, 8.6, 570.148.08, 59, 0, 0, 23028, 21037, 1563, 1695, 6251, 70.42, 150.00
1762642368,0, NVIDIA A10, GPU-359b21ab-3dbf-5646-ba1f-a513e3866c50, 8.6, 570.148.08, 61, 92, 91, 23028, 21037, 1563, 1545, 6251, 133.82, 150.00
1762642369,0, NVIDIA A10, GPU-359b21ab-3dbf-5646-ba1f-a513e3866c50, 8.6, 570.148.08, 62, 91, 91, 23028, 21037, 1563, 1530, 6251, 151.77, 150.00
1762642370,0, NVIDIA A10, GPU-359b21ab-3dbf-5646-ba1f-a513e3866c50, 8.6, 570.148.08, 63, 92, 91, 23028, 21037, 1563, 1530, 6251, 146.39, 150.00
1762642371,0, NVIDIA A10, GPU-359b21ab-3dbf-5646-ba1f-a513e3866c50, 8.6, 570.148.08, 63, 91, 91, 23028, 21037, 1563, 1545, 6251, 146.32, 150.00
1762642372,0, NVIDIA A10, GPU-359b21ab-3dbf-5646-ba1f-a513e3866c50, 8.6, 570.148.08, 63, 91, 91, 23028, 21037, 1563, 1530, 6251, 148.87, 150.00
1762642373,0, NVIDIA A10, GPU-359b21ab-3dbf-5646-ba1f-a513e3866c50, 8.6, 570.148.08, 63, 92, 91, 23028, 21037, 1563, 1545, 6251, 150.39, 150.00
1762642374,0, NVIDIA A10, GPU-359b21ab-3dbf-5646-ba1f-a513e3866c50, 8.6, 570.148.08, 64, 92, 92, 23028, 21037, 1563, 1545, 6251, 148.09, 150.00
1762642375,0, NVIDIA A10, GPU-359b21ab-3dbf-5646-ba1f-a513e3866c50, 8.6, 570.148.08, 64, 91, 91, 23028, 21037, 1563, 1530, 6251, 146.95, 150.00
1762642376,0, NVIDIA A10, GPU-359b21ab-3dbf-5646-ba1f-a513e3866c50, 8.6, 570.148.08, 64, 92, 92, 23028, 21037, 1563, 1545, 6251, 147.49, 150.00
1762642377,0, NVIDIA A10, GPU-359b21ab-3dbf-5646-ba1f-a513e3866c50, 8.6, 570.148.08, 65, 92, 91, 23028, 21037, 1563, 1530, 6251, 152.26, 150.00
1762642378,0, NVIDIA A10, GPU-359b21ab-3dbf-5646-ba1f-a513e3866c50, 8.6, 570.148.08, 65, 91, 91, 23028, 21037, 1563, 1530, 6251, 149.23, 150.00
1762642379,0, NVIDIA A10, GPU-359b21ab-3dbf-5646-ba1f-a513e3866c50, 8.6, 570.148.08, 65, 92, 91, 23028, 21037, 1563, 1545, 6251, 147.27, 150.00
1762642380,0, NVIDIA A10, GPU-359b21ab-3dbf-5646-ba1f-a513e3866c50, 8.6, 570.148.08, 65, 91, 91, 23028, 21037, 1563, 1530, 6251, 147.27, 150.00
1762642381,0, NVIDIA A10, GPU-359b21ab-3dbf-5646-ba1f-a513e3866c50, 8.6, 570.148.08, 65, 91, 90, 23028, 21037, 1563, 1545, 6251, 150.89, 150.00
1762642382,0, NVIDIA A10, GPU-359b21ab-3dbf-5646-ba1f-a513e3866c50, 8.6, 570.148.08, 65, 92, 91, 23028, 21037, 1563, 1530, 6251, 151.04, 150.00
1762642384,0, NVIDIA A10, GPU-359b21ab-3dbf-5646-ba1f-a513e3866c50, 8.6, 570.148.08, 66, 92, 89, 23028, 21037, 1563, 1530, 6251, 149.32, 150.00
1762642385,0, NVIDIA A10, GPU-359b21ab-3dbf-5646-ba1f-a513e3866c50, 8.6, 570.148.08, 66, 97, 56, 23028, 21037, 1563, 1515, 6251, 146.44, 150.00
1762642386,0, NVIDIA A10, GPU-359b21ab-3dbf-5646-ba1f-a513e3866c50, 8.6, 570.148.08, 66, 97, 43, 23028, 21037, 1563, 1335, 6251, 147.29, 150.00
1762642387,0, NVIDIA A10, GPU-359b21ab-3dbf-5646-ba1f-a513e3866c50, 8.6, 570.148.08, 66, 99, 42, 23028, 21037, 1563, 1170, 6251, 150.10, 150.00
1762642388,0, NVIDIA A10, GPU-359b21ab-3dbf-5646-ba1f-a513e3866c50, 8.6, 570.148.08, 67, 93, 75, 23028, 21037, 1563, 1065, 6251, 150.05, 150.00
1762642389,0, NVIDIA A10, GPU-359b21ab-3dbf-5646-ba1f-a513e3866c50, 8.6, 570.148.08, 67, 92, 91, 23028, 21037, 1563, 1125, 6251, 151.67, 150.00
1762642390,0, NVIDIA A10, GPU-359b21ab-3dbf-5646-ba1f-a513e3866c50, 8.6, 570.148.08, 67, 92, 91, 23028, 21037, 1563, 1440, 6251, 148.48, 150.00
1762642391,0, NVIDIA A10, GPU-359b21ab-3dbf-5646-ba1f-a513e3866c50, 8.6, 570.148.08, 67, 91, 91, 23028, 21037, 1563, 1515, 6251, 147.12, 150.00
1762642392,0, NVIDIA A10, GPU-359b21ab-3dbf-5646-ba1f-a513e3866c50, 8.6, 570.148.08, 67, 92, 91, 23028, 21037, 1563, 1515, 6251, 147.32, 150.00
1762642393,0, NVIDIA A10, GPU-359b21ab-3dbf-5646-ba1f-a513e3866c50, 8.6, 570.148.08, 68, 92, 91, 23028, 21037, 1563, 1530, 6251, 148.92, 150.00
1762642394,0, NVIDIA A10, GPU-359b21ab-3dbf-5646-ba1f-a513e3866c50, 8.6, 570.148.08, 68, 92, 91, 23028, 21037, 1563, 1515, 6251, 151.48, 150.00
1762642395,0, NVIDIA A10, GPU-359b21ab-3dbf-5646-ba1f-a513e3866c50, 8.6, 570.148.08, 68, 92, 91, 23028, 21037, 1563, 1515, 6251, 149.59, 150.00
1762642396,0, NVIDIA A10, GPU-359b21ab-3dbf-5646-ba1f-a513e3866c50, 8.6, 570.148.08, 68, 92, 91, 23028, 21037, 1563, 1515, 6251, 147.36, 150.00
1762642397,0, NVIDIA A10, GPU-359b21ab-3dbf-5646-ba1f-a513e3866c50, 8.6, 570.148.08, 68, 92, 91, 23028, 21037, 1563, 1515, 6251, 146.93, 150.00
1762642398,0, NVIDIA A10, GPU-359b21ab-3dbf-5646-ba1f-a513e3866c50, 8.6, 570.148.08, 68, 92, 91, 23028, 21037, 1563, 1515, 6251, 146.68, 150.00
1762642399,0, NVIDIA A10, GPU-359b21ab-3dbf-5646-ba1f-a513e3866c50, 8.6, 570.148.08, 69, 92, 91, 23028, 21037, 1563, 1500, 6251, 152.86, 150.00
1762642400,0, NVIDIA A10, GPU-359b21ab-3dbf-5646-ba1f-a513e3866c50, 8.6, 570.148.08, 69, 92, 91, 23028, 21037, 1563, 1500, 6251, 150.84, 150.00
1762642401,0, NVIDIA A10, GPU-359b21ab-3dbf-5646-ba1f-a513e3866c50, 8.6, 570.148.08, 69, 92, 91, 23028, 21037, 1563, 1500, 6251, 149.37, 150.00
1762642402,0, NVIDIA A10, GPU-359b21ab-3dbf-5646-ba1f-a513e3866c50, 8.6, 570.148.08, 69, 92, 91, 23028, 21037, 1563, 1500, 6251, 146.61, 150.00
1762642403,0, NVIDIA A10, GPU-359b21ab-3dbf-5646-ba1f-a513e3866c50, 8.6, 570.148.08, 69, 92, 91, 23028, 21037, 1563, 1500, 6251, 146.98, 150.00
1762642404,0, NVIDIA A10, GPU-359b21ab-3dbf-5646-ba1f-a513e3866c50, 8.6, 570.148.08, 69, 91, 90, 23028, 21037, 1563, 1500, 6251, 146.22, 150.00
1762642405,0, NVIDIA A10, GPU-359b21ab-3dbf-5646-ba1f-a513e3866c50, 8.6, 570.148.08, 69, 94, 73, 23028, 21037, 1563, 1500, 6251, 151.42, 150.00
1762642406,0, NVIDIA A10, GPU-359b21ab-3dbf-5646-ba1f-a513e3866c50, 8.6, 570.148.08, 69, 100, 40, 23028, 21037, 1563, 1440, 6251, 150.58, 150.00
1762642407,0, NVIDIA A10, GPU-359b21ab-3dbf-5646-ba1f-a513e3866c50, 8.6, 570.148.08, 69, 99, 41, 23028, 21037, 1563, 1245, 6251, 150.85, 150.00
1762642408,0, NVIDIA A10, GPU-359b21ab-3dbf-5646-ba1f-a513e3866c50, 8.6, 570.148.08, 69, 93, 65, 23028, 21037, 1563, 1035, 6251, 149.33, 150.00
1762642409,0, NVIDIA A10, GPU-359b21ab-3dbf-5646-ba1f-a513e3866c50, 8.6, 570.148.08, 69, 92, 91, 23028, 21037, 1563, 975, 6251, 148.72, 150.00
1762642410,0, NVIDIA A10, GPU-359b21ab-3dbf-5646-ba1f-a513e3866c50, 8.6, 570.148.08, 70, 92, 91, 23028, 21037, 1563, 1380, 6251, 147.15, 150.00
1762642411,0, NVIDIA A10, GPU-359b21ab-3dbf-5646-ba1f-a513e3866c50, 8.6, 570.148.08, 70, 92, 91, 23028, 21037, 1563, 1440, 6251, 146.95, 150.00
1762642412,0, NVIDIA A10, GPU-359b21ab-3dbf-5646-ba1f-a513e3866c50, 8.6, 570.148.08, 70, 92, 91, 23028, 21037, 1563, 1500, 6251, 147.45, 150.00
1762642413,0, NVIDIA A10, GPU-359b21ab-3dbf-5646-ba1f-a513e3866c50, 8.6, 570.148.08, 70, 92, 91, 23028, 21037, 1563, 1500, 6251, 150.78, 150.00
1762642414,0, NVIDIA A10, GPU-359b21ab-3dbf-5646-ba1f-a513e3866c50, 8.6, 570.148.08, 70, 92, 91, 23028, 21037, 1563, 1500, 6251, 151.58, 150.00
1762642415,0, NVIDIA A10, GPU-359b21ab-3dbf-5646-ba1f-a513e3866c50, 8.6, 570.148.08, 70, 92, 91, 23028, 21037, 1563, 1485, 6251, 150.73, 150.00
1762642416,0, NVIDIA A10, GPU-359b21ab-3dbf-5646-ba1f-a513e3866c50, 8.6, 570.148.08, 70, 92, 91, 23028, 21037, 1563, 1500, 6251, 149.30, 150.00
1762642417,0, NVIDIA A10, GPU-359b21ab-3dbf-5646-ba1f-a513e3866c50, 8.6, 570.148.08, 71, 92, 91, 23028, 21037, 1563, 1500, 6251, 148.42, 150.00
1762642419,0, NVIDIA A10, GPU-359b21ab-3dbf-5646-ba1f-a513e3866c50, 8.6, 570.148.08, 71, 92, 91, 23028, 21037, 1563, 1485, 6251, 146.91, 150.00
1762642420,0, NVIDIA A10, GPU-359b21ab-3dbf-5646-ba1f-a513e3866c50, 8.6, 570.148.08, 71, 92, 91, 23028, 21037, 1563, 1500, 6251, 147.19, 150.00
1762642421,0, NVIDIA A10, GPU-359b21ab-3dbf-5646-ba1f-a513e3866c50, 8.6, 570.148.08, 71, 92, 91, 23028, 21037, 1563, 1500, 6251, 146.76, 150.00
1762642422,0, NVIDIA A10, GPU-359b21ab-3dbf-5646-ba1f-a513e3866c50, 8.6, 570.148.08, 69, 69, 7, 23028, 0, 22599, 1695, 6251, 118.97, 150.00
1762642423,0, NVIDIA A10, GPU-359b21ab-3dbf-5646-ba1f-a513e3866c50, 8.6, 570.148.08, 68, 0, 0, 23028, 0, 22599, 1695, 6251, 78.60, 150.00
1762642424,0, NVIDIA A10, GPU-359b21ab-3dbf-5646-ba1f-a513e3866c50, 8.6, 570.148.08, 67, 0, 0, 23028, 0, 22599, 1695, 6251, 75.23, 150.00
1762642425,0, NVIDIA A10, GPU-359b21ab-3dbf-5646-ba1f-a513e3866c50, 8.6, 570.148.08, 66, 0, 0, 23028, 0, 22599, 345, 6251, 52.54, 150.00
1762642426,0, NVIDIA A10, GPU-359b21ab-3dbf-5646-ba1f-a513e3866c50, 8.6, 570.148.08, 65, 0, 0, 23028, 0, 22599, 225, 6251, 49.93, 150.00
1762642427,0, NVIDIA A10, GPU-359b21ab-3dbf-5646-ba1f-a513e3866c50, 8.6, 570.148.08, 64, 0, 0, 23028, 0, 22599, 210, 6251, 49.30, 150.00
1762642428,0, NVIDIA A10, GPU-359b21ab-3dbf-5646-ba1f-a513e3866c50, 8.6, 570.148.08, 64, 0, 0, 23028, 0, 22599, 210, 405, 33.85, 150.00
1762642429,0, NVIDIA A10, GPU-359b21ab-3dbf-5646-ba1f-a513e3866c50, 8.6, 570.148.08, 63, 0, 0, 23028, 0, 22599, 210, 405, 18.51, 150.00
1762642430,0, NVIDIA A10, GPU-359b21ab-3dbf-5646-ba1f-a513e3866c50, 8.6, 570.148.08, 62, 0, 0, 23028, 0, 22599, 210, 405, 18.36, 150.00
1762642431,0, NVIDIA A10, GPU-359b21ab-3dbf-5646-ba1f-a513e3866c50, 8.6, 570.148.08, 61, 0, 0, 23028, 0, 22599, 210, 405, 18.22, 150.00
1762642432,0, NVIDIA A10, GPU-359b21ab-3dbf-5646-ba1f-a513e3866c50, 8.6, 570.148.08, 61, 0, 0, 23028, 0, 22599, 210, 405, 18.17, 150.00
1762642433,0, NVIDIA A10, GPU-359b21ab-3dbf-5646-ba1f-a513e3866c50, 8.6, 570.148.08, 60, 0, 0, 23028, 0, 22599, 210, 405, 18.12, 150.00
1762642434,0, NVIDIA A10, GPU-359b21ab-3dbf-5646-ba1f-a513e3866c50, 8.6, 570.148.08, 60, 0, 0, 23028, 0, 22599, 210, 405, 18.03, 150.00
1762642435,0, NVIDIA A10, GPU-359b21ab-3dbf-5646-ba1f-a513e3866c50, 8.6, 570.148.08, 60, 1, 0, 23028, 327, 22273, 1695, 6251, 31.36, 150.00
1762642436,0, NVIDIA A10, GPU-359b21ab-3dbf-5646-ba1f-a513e3866c50, 8.6, 570.148.08, 61, 30, 2, 23028, 3219, 19381, 1695, 6251, 68.28, 150.00
1762642437,0, NVIDIA A10, GPU-359b21ab-3dbf-5646-ba1f-a513e3866c50, 8.6, 570.148.08, 61, 0, 0, 23028, 2717, 19883, 1695, 6251, 68.52, 150.00
1762642438,0, NVIDIA A10, GPU-359b21ab-3dbf-5646-ba1f-a513e3866c50, 8.6, 570.148.08, 61, 0, 0, 23028, 2717, 19883, 1695, 6251, 67.86, 150.00
1762642439,0, NVIDIA A10, GPU-359b21ab-3dbf-5646-ba1f-a513e3866c50, 8.6, 570.148.08, 60, 0, 0, 23028, 2717, 19883, 1695, 6251, 67.44, 150.00
1762642440,0, NVIDIA A10, GPU-359b21ab-3dbf-5646-ba1f-a513e3866c50, 8.6, 570.148.08, 60, 0, 0, 23028, 2717, 19883, 1695, 6251, 67.53, 150.00
1762642441,0, NVIDIA A10, GPU-359b21ab-3dbf-5646-ba1f-a513e3866c50, 8.6, 570.148.08, 62, 82, 45, 23028, 3409, 19191, 1185, 6251, 75.93, 150.00
1762642442,0, NVIDIA A10, GPU-359b21ab-3dbf-5646-ba1f-a513e3866c50, 8.6, 570.148.08, 61, 37, 45, 23028, 19437, 3163, 1695, 6251, 84.84, 150.00
1762642443,0, NVIDIA A10, GPU-359b21ab-3dbf-5646-ba1f-a513e3866c50, 8.6, 570.148.08, 63, 39, 37, 23028, 19665, 2935, 1650, 6251, 143.66, 150.00
1762642444,0, NVIDIA A10, GPU-359b21ab-3dbf-5646-ba1f-a513e3866c50, 8.6, 570.148.08, 63, 33, 30, 23028, 19825, 2775, 1695, 6251, 123.25, 150.00
1762642445,0, NVIDIA A10, GPU-359b21ab-3dbf-5646-ba1f-a513e3866c50, 8.6, 570.148.08, 61, 0, 0, 23028, 21029, 1571, 1695, 6251, 80.26, 150.00
1762642446,0, NVIDIA A10, GPU-359b21ab-3dbf-5646-ba1f-a513e3866c50, 8.6, 570.148.08, 61, 0, 0, 23028, 21029, 1571, 1695, 6251, 76.22, 150.00
1762642447,0, NVIDIA A10, GPU-359b21ab-3dbf-5646-ba1f-a513e3866c50, 8.6, 570.148.08, 61, 0, 0, 23028, 21029, 1571, 1695, 6251, 67.69, 150.00
1762642448,0, NVIDIA A10, GPU-359b21ab-3dbf-5646-ba1f-a513e3866c50, 8.6, 570.148.08, 60, 0, 0, 23028, 21029, 1571, 1695, 6251, 67.44, 150.00
1762642449,0, NVIDIA A10, GPU-359b21ab-3dbf-5646-ba1f-a513e3866c50, 8.6, 570.148.08, 60, 0, 0, 23028, 21029, 1571, 1695, 6251, 67.25, 150.00
1762642450,0, NVIDIA A10, GPU-359b21ab-3dbf-5646-ba1f-a513e3866c50, 8.6, 570.148.08, 60, 0, 0, 23028, 21029, 1571, 1695, 6251, 67.13, 150.00
1762642451,0, NVIDIA A10, GPU-359b21ab-3dbf-5646-ba1f-a513e3866c50, 8.6, 570.148.08, 60, 0, 0, 23028, 21029, 1571, 1695, 6251, 66.89, 150.00
1762642452,0, NVIDIA A10, GPU-359b21ab-3dbf-5646-ba1f-a513e3866c50, 8.6, 570.148.08, 59, 0, 0, 23028, 21029, 1571, 1695, 6251, 66.87, 150.00
1762642453,0, NVIDIA A10, GPU-359b21ab-3dbf-5646-ba1f-a513e3866c50, 8.6, 570.148.08, 59, 0, 0, 23028, 21029, 1571, 1695, 6251, 66.72, 150.00
1762642454,0, NVIDIA A10, GPU-359b21ab-3dbf-5646-ba1f-a513e3866c50, 8.6, 570.148.08, 59, 0, 0, 23028, 21029, 1571, 1695, 6251, 66.59, 150.00
1762642455,0, NVIDIA A10, GPU-359b21ab-3dbf-5646-ba1f-a513e3866c50, 8.6, 570.148.08, 62, 92, 92, 23028, 21029, 1571, 1530, 6251, 102.39, 150.00
1762642456,0, NVIDIA A10, GPU-359b21ab-3dbf-5646-ba1f-a513e3866c50, 8.6, 570.148.08, 63, 92, 94, 23028, 21029, 1571, 1560, 6251, 151.29, 150.00
1762642457,0, NVIDIA A10, GPU-359b21ab-3dbf-5646-ba1f-a513e3866c50, 8.6, 570.148.08, 63, 92, 94, 23028, 21029, 1571, 1545, 6251, 152.50, 150.00
1762642458,0, NVIDIA A10, GPU-359b21ab-3dbf-5646-ba1f-a513e3866c50, 8.6, 570.148.08, 64, 93, 92, 23028, 21029, 1571, 1485, 6251, 150.81, 150.00
1762642459,0, NVIDIA A10, GPU-359b21ab-3dbf-5646-ba1f-a513e3866c50, 8.6, 570.148.08, 64, 93, 92, 23028, 21029, 1571, 1500, 6251, 149.14, 150.00
1762642460,0, NVIDIA A10, GPU-359b21ab-3dbf-5646-ba1f-a513e3866c50, 8.6, 570.148.08, 64, 92, 93, 23028, 21029, 1571, 1485, 6251, 145.82, 150.00
1762642462,0, NVIDIA A10, GPU-359b21ab-3dbf-5646-ba1f-a513e3866c50, 8.6, 570.148.08, 64, 92, 94, 23028, 21029, 1571, 1545, 6251, 148.76, 150.00
1762642463,0, NVIDIA A10, GPU-359b21ab-3dbf-5646-ba1f-a513e3866c50, 8.6, 570.148.08, 65, 93, 94, 23028, 21029, 1571, 1560, 6251, 149.77, 150.00
1762642464,0, NVIDIA A10, GPU-359b21ab-3dbf-5646-ba1f-a513e3866c50, 8.6, 570.148.08, 65, 93, 92, 23028, 21029, 1571, 1500, 6251, 149.75, 150.00
1762642465,0, NVIDIA A10, GPU-359b21ab-3dbf-5646-ba1f-a513e3866c50, 8.6, 570.148.08, 65, 92, 94, 23028, 21029, 1571, 1545, 6251, 150.08, 150.00
1762642466,0, NVIDIA A10, GPU-359b21ab-3dbf-5646-ba1f-a513e3866c50, 8.6, 570.148.08, 66, 92, 93, 23028, 21029, 1571, 1530, 6251, 150.69, 150.00
1762642467,0, NVIDIA A10, GPU-359b21ab-3dbf-5646-ba1f-a513e3866c50, 8.6, 570.148.08, 66, 93, 93, 23028, 21029, 1571, 1500, 6251, 154.13, 150.00
1762642468,0, NVIDIA A10, GPU-359b21ab-3dbf-5646-ba1f-a513e3866c50, 8.6, 570.148.08, 66, 92, 94, 23028, 21029, 1571, 1530, 6251, 147.12, 150.00
1762642469,0, NVIDIA A10, GPU-359b21ab-3dbf-5646-ba1f-a513e3866c50, 8.6, 570.148.08, 66, 94, 85, 23028, 21029, 1571, 1410, 6251, 157.60, 150.00
1762642470,0, NVIDIA A10, GPU-359b21ab-3dbf-5646-ba1f-a513e3866c50, 8.6, 570.148.08, 66, 93, 93, 23028, 21029, 1571, 1515, 6251, 147.77, 150.00
1762642471,0, NVIDIA A10, GPU-359b21ab-3dbf-5646-ba1f-a513e3866c50, 8.6, 570.148.08, 67, 93, 93, 23028, 21029, 1571, 1515, 6251, 148.39, 150.00
1762642472,0, NVIDIA A10, GPU-359b21ab-3dbf-5646-ba1f-a513e3866c50, 8.6, 570.148.08, 67, 93, 92, 23028, 21029, 1571, 1440, 6251, 148.54, 150.00
1762642473,0, NVIDIA A10, GPU-359b21ab-3dbf-5646-ba1f-a513e3866c50, 8.6, 570.148.08, 67, 92, 94, 23028, 21029, 1571, 1485, 6251, 146.57, 150.00
1762642474,0, NVIDIA A10, GPU-359b21ab-3dbf-5646-ba1f-a513e3866c50, 8.6, 570.148.08, 68, 94, 86, 23028, 21029, 1571, 1095, 6251, 154.47, 150.00
1762642475,0, NVIDIA A10, GPU-359b21ab-3dbf-5646-ba1f-a513e3866c50, 8.6, 570.148.08, 67, 94, 83, 23028, 21029, 1571, 1410, 6251, 153.21, 150.00
1762642476,0, NVIDIA A10, GPU-359b21ab-3dbf-5646-ba1f-a513e3866c50, 8.6, 570.148.08, 67, 93, 90, 23028, 21029, 1571, 1515, 6251, 144.94, 150.00
1762642477,0, NVIDIA A10, GPU-359b21ab-3dbf-5646-ba1f-a513e3866c50, 8.6, 570.148.08, 68, 92, 94, 23028, 21029, 1571, 1500, 6251, 146.60, 150.00
1762642478,0, NVIDIA A10, GPU-359b21ab-3dbf-5646-ba1f-a513e3866c50, 8.6, 570.148.08, 68, 92, 92, 23028, 21029, 1571, 1515, 6251, 147.45, 150.00
1762642479,0, NVIDIA A10, GPU-359b21ab-3dbf-5646-ba1f-a513e3866c50, 8.6, 570.148.08, 68, 93, 83, 23028, 21029, 1571, 1470, 6251, 152.83, 150.00
1762642480,0, NVIDIA A10, GPU-359b21ab-3dbf-5646-ba1f-a513e3866c50, 8.6, 570.148.08, 68, 92, 91, 23028, 21029, 1571, 1440, 6251, 149.60, 150.00
1762642481,0, NVIDIA A10, GPU-359b21ab-3dbf-5646-ba1f-a513e3866c50, 8.6, 570.148.08, 68, 92, 92, 23028, 21029, 1571, 1455, 6251, 147.97, 150.00
1762642482,0, NVIDIA A10, GPU-359b21ab-3dbf-5646-ba1f-a513e3866c50, 8.6, 570.148.08, 68, 93, 91, 23028, 21029, 1571, 1500, 6251, 149.66, 150.00
1762642483,0, NVIDIA A10, GPU-359b21ab-3dbf-5646-ba1f-a513e3866c50, 8.6, 570.148.08, 69, 92, 93, 23028, 21029, 1571, 1500, 6251, 147.90, 150.00
1762642484,0, NVIDIA A10, GPU-359b21ab-3dbf-5646-ba1f-a513e3866c50, 8.6, 570.148.08, 69, 92, 93, 23028, 21029, 1571, 1470, 6251, 149.67, 150.00
1762642485,0, NVIDIA A10, GPU-359b21ab-3dbf-5646-ba1f-a513e3866c50, 8.6, 570.148.08, 69, 94, 83, 23028, 21029, 1571, 1365, 6251, 156.86, 150.00
1762642486,0, NVIDIA A10, GPU-359b21ab-3dbf-5646-ba1f-a513e3866c50, 8.6, 570.148.08, 69, 93, 93, 23028, 21029, 1571, 1485, 6251, 147.78, 150.00
1762642487,0, NVIDIA A10, GPU-359b21ab-3dbf-5646-ba1f-a513e3866c50, 8.6, 570.148.08, 69, 92, 91, 23028, 21029, 1571, 1455, 6251, 150.56, 150.00
1762642488,0, NVIDIA A10, GPU-359b21ab-3dbf-5646-ba1f-a513e3866c50, 8.6, 570.148.08, 69, 92, 92, 23028, 21029, 1571, 1515, 6251, 146.14, 150.00
1762642489,0, NVIDIA A10, GPU-359b21ab-3dbf-5646-ba1f-a513e3866c50, 8.6, 570.148.08, 69, 94, 82, 23028, 21029, 1571, 1500, 6251, 151.73, 150.00
1762642490,0, NVIDIA A10, GPU-359b21ab-3dbf-5646-ba1f-a513e3866c50, 8.6, 570.148.08, 69, 92, 93, 23028, 21029, 1571, 1485, 6251, 150.46, 150.00
1762642491,0, NVIDIA A10, GPU-359b21ab-3dbf-5646-ba1f-a513e3866c50, 8.6, 570.148.08, 70, 92, 91, 23028, 21029, 1571, 1440, 6251, 150.29, 150.00
1762642492,0, NVIDIA A10, GPU-359b21ab-3dbf-5646-ba1f-a513e3866c50, 8.6, 570.148.08, 70, 92, 93, 23028, 21029, 1571, 1380, 6251, 150.40, 150.00
1762642493,0, NVIDIA A10, GPU-359b21ab-3dbf-5646-ba1f-a513e3866c50, 8.6, 570.148.08, 70, 92, 93, 23028, 21029, 1571, 1440, 6251, 147.66, 150.00
1762642494,0, NVIDIA A10, GPU-359b21ab-3dbf-5646-ba1f-a513e3866c50, 8.6, 570.148.08, 70, 92, 93, 23028, 21029, 1571, 1470, 6251, 152.04, 150.00
1762642496,0, NVIDIA A10, GPU-359b21ab-3dbf-5646-ba1f-a513e3866c50, 8.6, 570.148.08, 70, 92, 91, 23028, 21029, 1571, 1425, 6251, 148.48, 150.00
1762642497,0, NVIDIA A10, GPU-359b21ab-3dbf-5646-ba1f-a513e3866c50, 8.6, 570.148.08, 71, 92, 93, 23028, 21029, 1571, 1500, 6251, 151.27, 150.00
1762642498,0, NVIDIA A10, GPU-359b21ab-3dbf-5646-ba1f-a513e3866c50, 8.6, 570.148.08, 70, 92, 92, 23028, 21029, 1571, 1440, 6251, 150.22, 150.00
1762642499,0, NVIDIA A10, GPU-359b21ab-3dbf-5646-ba1f-a513e3866c50, 8.6, 570.148.08, 71, 93, 92, 23028, 21029, 1571, 1440, 6251, 148.14, 150.00
1762642500,0, NVIDIA A10, GPU-359b21ab-3dbf-5646-ba1f-a513e3866c50, 8.6, 570.148.08, 71, 93, 91, 23028, 21029, 1571, 1410, 6251, 149.63, 150.00
1762642501,0, NVIDIA A10, GPU-359b21ab-3dbf-5646-ba1f-a513e3866c50, 8.6, 570.148.08, 71, 94, 79, 23028, 21029, 1571, 840, 6251, 151.35, 150.00
1762642502,0, NVIDIA A10, GPU-359b21ab-3dbf-5646-ba1f-a513e3866c50, 8.6, 570.148.08, 71, 92, 92, 23028, 21029, 1571, 1425, 6251, 147.53, 150.00
1762642503,0, NVIDIA A10, GPU-359b21ab-3dbf-5646-ba1f-a513e3866c50, 8.6, 570.148.08, 71, 92, 92, 23028, 21029, 1571, 1380, 6251, 150.30, 150.00
1762642504,0, NVIDIA A10, GPU-359b21ab-3dbf-5646-ba1f-a513e3866c50, 8.6, 570.148.08, 71, 93, 91, 23028, 21029, 1571, 1455, 6251, 147.09, 150.00
1762642505,0, NVIDIA A10, GPU-359b21ab-3dbf-5646-ba1f-a513e3866c50, 8.6, 570.148.08, 71, 94, 81, 23028, 21029, 1571, 1380, 6251, 147.34, 150.00
1762642506,0, NVIDIA A10, GPU-359b21ab-3dbf-5646-ba1f-a513e3866c50, 8.6, 570.148.08, 71, 92, 92, 23028, 21029, 1571, 1470, 6251, 146.49, 150.00
1762642507,0, NVIDIA A10, GPU-359b21ab-3dbf-5646-ba1f-a513e3866c50, 8.6, 570.148.08, 71, 93, 91, 23028, 21029, 1571, 1305, 6251, 147.93, 150.00
1762642508,0, NVIDIA A10, GPU-359b21ab-3dbf-5646-ba1f-a513e3866c50, 8.6, 570.148.08, 72, 93, 92, 23028, 21029, 1571, 1425, 6251, 147.15, 150.00
1762642509,0, NVIDIA A10, GPU-359b21ab-3dbf-5646-ba1f-a513e3866c50, 8.6, 570.148.08, 72, 93, 94, 23028, 21029, 1571, 1470, 6251, 149.73, 150.00
1762642510,0, NVIDIA A10, GPU-359b21ab-3dbf-5646-ba1f-a513e3866c50, 8.6, 570.148.08, 72, 93, 93, 23028, 21029, 1571, 1110, 6251, 153.30, 150.00
1762642511,0, NVIDIA A10, GPU-359b21ab-3dbf-5646-ba1f-a513e3866c50, 8.6, 570.148.08, 72, 93, 91, 23028, 21029, 1571, 1410, 6251, 146.16, 150.00
1762642512,0, NVIDIA A10, GPU-359b21ab-3dbf-5646-ba1f-a513e3866c50, 8.6, 570.148.08, 72, 92, 93, 23028, 21029, 1571, 1455, 6251, 148.46, 150.00
1762642513,0, NVIDIA A10, GPU-359b21ab-3dbf-5646-ba1f-a513e3866c50, 8.6, 570.148.08, 72, 93, 91, 23028, 21029, 1571, 1425, 6251, 149.53, 150.00
1762642514,0, NVIDIA A10, GPU-359b21ab-3dbf-5646-ba1f-a513e3866c50, 8.6, 570.148.08, 72, 93, 92, 23028, 21029, 1571, 1425, 6251, 152.64, 150.00
1762642515,0, NVIDIA A10, GPU-359b21ab-3dbf-5646-ba1f-a513e3866c50, 8.6, 570.148.08, 72, 92, 93, 23028, 21029, 1571, 1455, 6251, 151.72, 150.00
1762642516,0, NVIDIA A10, GPU-359b21ab-3dbf-5646-ba1f-a513e3866c50, 8.6, 570.148.08, 72, 93, 86, 23028, 21029, 1571, 1485, 6251, 152.93, 150.00
1762642517,0, NVIDIA A10, GPU-359b21ab-3dbf-5646-ba1f-a513e3866c50, 8.6, 570.148.08, 72, 92, 92, 23028, 21029, 1571, 1425, 6251, 146.88, 150.00
1762642518,0, NVIDIA A10, GPU-359b21ab-3dbf-5646-ba1f-a513e3866c50, 8.6, 570.148.08, 72, 93, 86, 23028, 21029, 1571, 1020, 6251, 152.53, 150.00
1762642519,0, NVIDIA A10, GPU-359b21ab-3dbf-5646-ba1f-a513e3866c50, 8.6, 570.148.08, 72, 94, 80, 23028, 21029, 1571, 1395, 6251, 150.28, 150.00
1762642520,0, NVIDIA A10, GPU-359b21ab-3dbf-5646-ba1f-a513e3866c50, 8.6, 570.148.08, 72, 92, 93, 23028, 21029, 1571, 1440, 6251, 149.80, 150.00
1762642521,0, NVIDIA A10, GPU-359b21ab-3dbf-5646-ba1f-a513e3866c50, 8.6, 570.148.08, 73, 93, 93, 23028, 21029, 1571, 1455, 6251, 152.13, 150.00
1762642522,0, NVIDIA A10, GPU-359b21ab-3dbf-5646-ba1f-a513e3866c50, 8.6, 570.148.08, 72, 93, 91, 23028, 21029, 1571, 1470, 6251, 146.99, 150.00
1762642523,0, NVIDIA A10, GPU-359b21ab-3dbf-5646-ba1f-a513e3866c50, 8.6, 570.148.08, 73, 93, 91, 23028, 21029, 1571, 1425, 6251, 147.50, 150.00
1762642524,0, NVIDIA A10, GPU-359b21ab-3dbf-5646-ba1f-a513e3866c50, 8.6, 570.148.08, 72, 93, 91, 23028, 21029, 1571, 1425, 6251, 150.27, 150.00
1762642525,0, NVIDIA A10, GPU-359b21ab-3dbf-5646-ba1f-a513e3866c50, 8.6, 570.148.08, 73, 93, 91, 23028, 21029, 1571, 1440, 6251, 150.65, 150.00
1762642526,0, NVIDIA A10, GPU-359b21ab-3dbf-5646-ba1f-a513e3866c50, 8.6, 570.148.08, 73, 94, 87, 23028, 21029, 1571, 1275, 6251, 156.47, 150.00
1762642527,0, NVIDIA A10, GPU-359b21ab-3dbf-5646-ba1f-a513e3866c50, 8.6, 570.148.08, 73, 93, 91, 23028, 21029, 1571, 1395, 6251, 157.30, 150.00
1762642528,0, NVIDIA A10, GPU-359b21ab-3dbf-5646-ba1f-a513e3866c50, 8.6, 570.148.08, 73, 93, 92, 23028, 21029, 1571, 1425, 6251, 148.73, 150.00
1762642529,0, NVIDIA A10, GPU-359b21ab-3dbf-5646-ba1f-a513e3866c50, 8.6, 570.148.08, 73, 93, 92, 23028, 21029, 1571, 1395, 6251, 149.55, 150.00
1762642531,0, NVIDIA A10, GPU-359b21ab-3dbf-5646-ba1f-a513e3866c50, 8.6, 570.148.08, 73, 92, 92, 23028, 21029, 1571, 1440, 6251, 146.35, 150.00
1762642532,0, NVIDIA A10, GPU-359b21ab-3dbf-5646-ba1f-a513e3866c50, 8.6, 570.148.08, 73, 93, 93, 23028, 21029, 1571, 1470, 6251, 150.98, 150.00
1762642533,0, NVIDIA A10, GPU-359b21ab-3dbf-5646-ba1f-a513e3866c50, 8.6, 570.148.08, 73, 93, 93, 23028, 21029, 1571, 1470, 6251, 149.26, 150.00
1762642534,0, NVIDIA A10, GPU-359b21ab-3dbf-5646-ba1f-a513e3866c50, 8.6, 570.148.08, 73, 94, 81, 23028, 21029, 1571, 1455, 6251, 148.45, 150.00
1762642535,0, NVIDIA A10, GPU-359b21ab-3dbf-5646-ba1f-a513e3866c50, 8.6, 570.148.08, 73, 93, 93, 23028, 21029, 1571, 1455, 6251, 148.62, 150.00
1762642536,0, NVIDIA A10, GPU-359b21ab-3dbf-5646-ba1f-a513e3866c50, 8.6, 570.148.08, 73, 93, 93, 23028, 21029, 1571, 1470, 6251, 151.03, 150.00
1762642537,0, NVIDIA A10, GPU-359b21ab-3dbf-5646-ba1f-a513e3866c50, 8.6, 570.148.08, 73, 93, 93, 23028, 21029, 1571, 1470, 6251, 148.99, 150.00
1762642538,0, NVIDIA A10, GPU-359b21ab-3dbf-5646-ba1f-a513e3866c50, 8.6, 570.148.08, 73, 92, 92, 23028, 21029, 1571, 1455, 6251, 153.89, 150.00
1762642539,0, NVIDIA A10, GPU-359b21ab-3dbf-5646-ba1f-a513e3866c50, 8.6, 570.148.08, 73, 92, 92, 23028, 21029, 1571, 1440, 6251, 149.88, 150.00
1762642540,0, NVIDIA A10, GPU-359b21ab-3dbf-5646-ba1f-a513e3866c50, 8.6, 570.148.08, 73, 93, 92, 23028, 21029, 1571, 1470, 6251, 146.40, 150.00
1762642541,0, NVIDIA A10, GPU-359b21ab-3dbf-5646-ba1f-a513e3866c50, 8.6, 570.148.08, 73, 92, 92, 23028, 21029, 1571, 1455, 6251, 148.39, 150.00
1762642542,0, NVIDIA A10, GPU-359b21ab-3dbf-5646-ba1f-a513e3866c50, 8.6, 570.148.08, 73, 93, 91, 23028, 21029, 1571, 1425, 6251, 150.04, 150.00
1762642543,0, NVIDIA A10, GPU-359b21ab-3dbf-5646-ba1f-a513e3866c50, 8.6, 570.148.08, 74, 93, 91, 23028, 21029, 1571, 1440, 6251, 153.32, 150.00
1762642544,0, NVIDIA A10, GPU-359b21ab-3dbf-5646-ba1f-a513e3866c50, 8.6, 570.148.08, 74, 92, 91, 23028, 21029, 1571, 1395, 6251, 147.71, 150.00
1762642545,0, NVIDIA A10, GPU-359b21ab-3dbf-5646-ba1f-a513e3866c50, 8.6, 570.148.08, 74, 92, 91, 23028, 21029, 1571, 1395, 6251, 148.63, 150.00
1762642546,0, NVIDIA A10, GPU-359b21ab-3dbf-5646-ba1f-a513e3866c50, 8.6, 570.148.08, 74, 93, 93, 23028, 21029, 1571, 1440, 6251, 147.80, 150.00
1762642547,0, NVIDIA A10, GPU-359b21ab-3dbf-5646-ba1f-a513e3866c50, 8.6, 570.148.08, 74, 92, 92, 23028, 21029, 1571, 1470, 6251, 148.01, 150.00
1762642548,0, NVIDIA A10, GPU-359b21ab-3dbf-5646-ba1f-a513e3866c50, 8.6, 570.148.08, 74, 93, 91, 23028, 21029, 1571, 1425, 6251, 149.00, 150.00
1762642549,0, NVIDIA A10, GPU-359b21ab-3dbf-5646-ba1f-a513e3866c50, 8.6, 570.148.08, 74, 93, 82, 23028, 21029, 1571, 1155, 6251, 151.27, 150.00
1762642550,0, NVIDIA A10, GPU-359b21ab-3dbf-5646-ba1f-a513e3866c50, 8.6, 570.148.08, 74, 93, 91, 23028, 21029, 1571, 1365, 6251, 148.22, 150.00
1762642551,0, NVIDIA A10, GPU-359b21ab-3dbf-5646-ba1f-a513e3866c50, 8.6, 570.148.08, 74, 93, 91, 23028, 21029, 1571, 1395, 6251, 147.37, 150.00
1762642552,0, NVIDIA A10, GPU-359b21ab-3dbf-5646-ba1f-a513e3866c50, 8.6, 570.148.08, 74, 92, 91, 23028, 21029, 1571, 1290, 6251, 149.15, 150.00
1762642553,0, NVIDIA A10, GPU-359b21ab-3dbf-5646-ba1f-a513e3866c50, 8.6, 570.148.08, 74, 92, 90, 23028, 21029, 1571, 1350, 6251, 148.17, 150.00
1762642554,0, NVIDIA A10, GPU-359b21ab-3dbf-5646-ba1f-a513e3866c50, 8.6, 570.148.08, 74, 93, 92, 23028, 21029, 1571, 1365, 6251, 151.43, 150.00
1762642555,0, NVIDIA A10, GPU-359b21ab-3dbf-5646-ba1f-a513e3866c50, 8.6, 570.148.08, 74, 93, 93, 23028, 21029, 1571, 1425, 6251, 147.72, 150.00
1762642556,0, NVIDIA A10, GPU-359b21ab-3dbf-5646-ba1f-a513e3866c50, 8.6, 570.148.08, 74, 93, 92, 23028, 21029, 1571, 1425, 6251, 152.35, 150.00
1762642557,0, NVIDIA A10, GPU-359b21ab-3dbf-5646-ba1f-a513e3866c50, 8.6, 570.148.08, 74, 92, 90, 23028, 21029, 1571, 1410, 6251, 150.54, 150.00
1762642558,0, NVIDIA A10, GPU-359b21ab-3dbf-5646-ba1f-a513e3866c50, 8.6, 570.148.08, 75, 92, 92, 23028, 21029, 1571, 1425, 6251, 156.21, 150.00
1762642559,0, NVIDIA A10, GPU-359b21ab-3dbf-5646-ba1f-a513e3866c50, 8.6, 570.148.08, 75, 92, 91, 23028, 21029, 1571, 1170, 6251, 148.44, 150.00
1762642560,0, NVIDIA A10, GPU-359b21ab-3dbf-5646-ba1f-a513e3866c50, 8.6, 570.148.08, 75, 93, 91, 23028, 21029, 1571, 1380, 6251, 148.52, 150.00
1762642561,0, NVIDIA A10, GPU-359b21ab-3dbf-5646-ba1f-a513e3866c50, 8.6, 570.148.08, 75, 92, 93, 23028, 21029, 1571, 1455, 6251, 152.70, 150.00
1762642562,0, NVIDIA A10, GPU-359b21ab-3dbf-5646-ba1f-a513e3866c50, 8.6, 570.148.08, 75, 93, 91, 23028, 21029, 1571, 1410, 6251, 150.16, 150.00
1762642563,0, NVIDIA A10, GPU-359b21ab-3dbf-5646-ba1f-a513e3866c50, 8.6, 570.148.08, 75, 92, 91, 23028, 21029, 1571, 1410, 6251, 149.13, 150.00
1762642565,0, NVIDIA A10, GPU-359b21ab-3dbf-5646-ba1f-a513e3866c50, 8.6, 570.148.08, 75, 93, 93, 23028, 21029, 1571, 1425, 6251, 151.21, 150.00
1762642566,0, NVIDIA A10, GPU-359b21ab-3dbf-5646-ba1f-a513e3866c50, 8.6, 570.148.08, 75, 92, 93, 23028, 21029, 1571, 1470, 6251, 149.63, 150.00
1762642567,0, NVIDIA A10, GPU-359b21ab-3dbf-5646-ba1f-a513e3866c50, 8.6, 570.148.08, 75, 92, 93, 23028, 21029, 1571, 1440, 6251, 147.94, 150.00
1762642568,0, NVIDIA A10, GPU-359b21ab-3dbf-5646-ba1f-a513e3866c50, 8.6, 570.148.08, 75, 93, 91, 23028, 21029, 1571, 1410, 6251, 149.86, 150.00
1762642569,0, NVIDIA A10, GPU-359b21ab-3dbf-5646-ba1f-a513e3866c50, 8.6, 570.148.08, 75, 93, 92, 23028, 21029, 1571, 1410, 6251, 148.59, 150.00
1762642570,0, NVIDIA A10, GPU-359b21ab-3dbf-5646-ba1f-a513e3866c50, 8.6, 570.148.08, 75, 93, 91, 23028, 21029, 1571, 1440, 6251, 153.86, 150.00
1762642571,0, NVIDIA A10, GPU-359b21ab-3dbf-5646-ba1f-a513e3866c50, 8.6, 570.148.08, 75, 93, 92, 23028, 21029, 1571, 1425, 6251, 153.10, 150.00
1762642572,0, NVIDIA A10, GPU-359b21ab-3dbf-5646-ba1f-a513e3866c50, 8.6, 570.148.08, 75, 93, 93, 23028, 21029, 1571, 1455, 6251, 154.80, 150.00
1762642573,0, NVIDIA A10, GPU-359b21ab-3dbf-5646-ba1f-a513e3866c50, 8.6, 570.148.08, 75, 92, 91, 23028, 21029, 1571, 1410, 6251, 149.40, 150.00
1762642574,0, NVIDIA A10, GPU-359b21ab-3dbf-5646-ba1f-a513e3866c50, 8.6, 570.148.08, 75, 93, 91, 23028, 21029, 1571, 1425, 6251, 147.99, 150.00
1762642575,0, NVIDIA A10, GPU-359b21ab-3dbf-5646-ba1f-a513e3866c50, 8.6, 570.148.08, 75, 93, 93, 23028, 21029, 1571, 1440, 6251, 152.43, 150.00
1762642576,0, NVIDIA A10, GPU-359b21ab-3dbf-5646-ba1f-a513e3866c50, 8.6, 570.148.08, 75, 93, 91, 23028, 21029, 1571, 1410, 6251, 149.87, 150.00
1762642577,0, NVIDIA A10, GPU-359b21ab-3dbf-5646-ba1f-a513e3866c50, 8.6, 570.148.08, 75, 92, 91, 23028, 21029, 1571, 1410, 6251, 148.43, 150.00
1762642578,0, NVIDIA A10, GPU-359b21ab-3dbf-5646-ba1f-a513e3866c50, 8.6, 570.148.08, 75, 92, 91, 23028, 21029, 1571, 1380, 6251, 154.18, 150.00
1762642579,0, NVIDIA A10, GPU-359b21ab-3dbf-5646-ba1f-a513e3866c50, 8.6, 570.148.08, 76, 92, 89, 23028, 21029, 1571, 1275, 6251, 149.14, 150.00
1762642580,0, NVIDIA A10, GPU-359b21ab-3dbf-5646-ba1f-a513e3866c50, 8.6, 570.148.08, 75, 93, 91, 23028, 21029, 1571, 1395, 6251, 145.98, 150.00
1762642581,0, NVIDIA A10, GPU-359b21ab-3dbf-5646-ba1f-a513e3866c50, 8.6, 570.148.08, 75, 93, 91, 23028, 21029, 1571, 1410, 6251, 149.69, 150.00
1762642582,0, NVIDIA A10, GPU-359b21ab-3dbf-5646-ba1f-a513e3866c50, 8.6, 570.148.08, 75, 94, 80, 23028, 21029, 1571, 1455, 6251, 146.14, 150.00
1762642583,0, NVIDIA A10, GPU-359b21ab-3dbf-5646-ba1f-a513e3866c50, 8.6, 570.148.08, 75, 92, 91, 23028, 21029, 1571, 1395, 6251, 149.64, 150.00
1762642584,0, NVIDIA A10, GPU-359b21ab-3dbf-5646-ba1f-a513e3866c50, 8.6, 570.148.08, 75, 93, 92, 23028, 21029, 1571, 1440, 6251, 153.47, 150.00
1762642585,0, NVIDIA A10, GPU-359b21ab-3dbf-5646-ba1f-a513e3866c50, 8.6, 570.148.08, 75, 93, 93, 23028, 21029, 1571, 1425, 6251, 149.13, 150.00
1762642586,0, NVIDIA A10, GPU-359b21ab-3dbf-5646-ba1f-a513e3866c50, 8.6, 570.148.08, 75, 93, 93, 23028, 21029, 1571, 1440, 6251, 147.60, 150.00
1762642587,0, NVIDIA A10, GPU-359b21ab-3dbf-5646-ba1f-a513e3866c50, 8.6, 570.148.08, 75, 93, 93, 23028, 21029, 1571, 1455, 6251, 150.71, 150.00
1762642588,0, NVIDIA A10, GPU-359b21ab-3dbf-5646-ba1f-a513e3866c50, 8.6, 570.148.08, 75, 93, 91, 23028, 21029, 1571, 1410, 6251, 154.00, 150.00
1762642589,0, NVIDIA A10, GPU-359b21ab-3dbf-5646-ba1f-a513e3866c50, 8.6, 570.148.08, 75, 93, 91, 23028, 21029, 1571, 1395, 6251, 148.28, 150.00
1762642590,0, NVIDIA A10, GPU-359b21ab-3dbf-5646-ba1f-a513e3866c50, 8.6, 570.148.08, 76, 93, 91, 23028, 21029, 1571, 1380, 6251, 148.10, 150.00
1762642591,0, NVIDIA A10, GPU-359b21ab-3dbf-5646-ba1f-a513e3866c50, 8.6, 570.148.08, 76, 93, 89, 23028, 21029, 1571, 1065, 6251, 148.48, 150.00
1762642592,0, NVIDIA A10, GPU-359b21ab-3dbf-5646-ba1f-a513e3866c50, 8.6, 570.148.08, 75, 93, 91, 23028, 21029, 1571, 1050, 6251, 149.83, 150.00
1762642593,0, NVIDIA A10, GPU-359b21ab-3dbf-5646-ba1f-a513e3866c50, 8.6, 570.148.08, 75, 92, 92, 23028, 21029, 1571, 1425, 6251, 146.04, 150.00
1762642594,0, NVIDIA A10, GPU-359b21ab-3dbf-5646-ba1f-a513e3866c50, 8.6, 570.148.08, 75, 93, 93, 23028, 21029, 1571, 1425, 6251, 151.41, 150.00
1762642595,0, NVIDIA A10, GPU-359b21ab-3dbf-5646-ba1f-a513e3866c50, 8.6, 570.148.08, 75, 93, 93, 23028, 21029, 1571, 1395, 6251, 147.86, 150.00
1762642596,0, NVIDIA A10, GPU-359b21ab-3dbf-5646-ba1f-a513e3866c50, 8.6, 570.148.08, 76, 93, 91, 23028, 21029, 1571, 1425, 6251, 156.51, 150.00
1762642597,0, NVIDIA A10, GPU-359b21ab-3dbf-5646-ba1f-a513e3866c50, 8.6, 570.148.08, 75, 93, 93, 23028, 21029, 1571, 1425, 6251, 153.93, 150.00
1762642598,0, NVIDIA A10, GPU-359b21ab-3dbf-5646-ba1f-a513e3866c50, 8.6, 570.148.08, 76, 92, 92, 23028, 21029, 1571, 1425, 6251, 151.63, 150.00
1762642600,0, NVIDIA A10, GPU-359b21ab-3dbf-5646-ba1f-a513e3866c50, 8.6, 570.148.08, 75, 92, 91, 23028, 21029, 1571, 1410, 6251, 149.81, 150.00
1762642601,0, NVIDIA A10, GPU-359b21ab-3dbf-5646-ba1f-a513e3866c50, 8.6, 570.148.08, 76, 92, 92, 23028, 21029, 1571, 1425, 6251, 151.53, 150.00
1762642602,0, NVIDIA A10, GPU-359b21ab-3dbf-5646-ba1f-a513e3866c50, 8.6, 570.148.08, 76, 93, 91, 23028, 21029, 1571, 1170, 6251, 149.72, 150.00
1762642603,0, NVIDIA A10, GPU-359b21ab-3dbf-5646-ba1f-a513e3866c50, 8.6, 570.148.08, 76, 92, 91, 23028, 21029, 1571, 1365, 6251, 148.10, 150.00
1762642604,0, NVIDIA A10, GPU-359b21ab-3dbf-5646-ba1f-a513e3866c50, 8.6, 570.148.08, 76, 92, 92, 23028, 21029, 1571, 1425, 6251, 148.43, 150.00
1762642605,0, NVIDIA A10, GPU-359b21ab-3dbf-5646-ba1f-a513e3866c50, 8.6, 570.148.08, 76, 93, 92, 23028, 21029, 1571, 1425, 6251, 152.31, 150.00
1762642606,0, NVIDIA A10, GPU-359b21ab-3dbf-5646-ba1f-a513e3866c50, 8.6, 570.148.08, 76, 93, 91, 23028, 21029, 1571, 1275, 6251, 151.93, 150.00
1762642607,0, NVIDIA A10, GPU-359b21ab-3dbf-5646-ba1f-a513e3866c50, 8.6, 570.148.08, 76, 93, 91, 23028, 21029, 1571, 1080, 6251, 146.24, 150.00
1762642608,0, NVIDIA A10, GPU-359b21ab-3dbf-5646-ba1f-a513e3866c50, 8.6, 570.148.08, 76, 93, 91, 23028, 21029, 1571, 1335, 6251, 151.19, 150.00
1762642609,0, NVIDIA A10, GPU-359b21ab-3dbf-5646-ba1f-a513e3866c50, 8.6, 570.148.08, 76, 94, 81, 23028, 21029, 1571, 1290, 6251, 147.54, 150.00
1762642610,0, NVIDIA A10, GPU-359b21ab-3dbf-5646-ba1f-a513e3866c50, 8.6, 570.148.08, 76, 93, 92, 23028, 21029, 1571, 1365, 6251, 149.26, 150.00
1762642611,0, NVIDIA A10, GPU-359b21ab-3dbf-5646-ba1f-a513e3866c50, 8.6, 570.148.08, 76, 92, 91, 23028, 21029, 1571, 1380, 6251, 149.56, 150.00
1762642612,0, NVIDIA A10, GPU-359b21ab-3dbf-5646-ba1f-a513e3866c50, 8.6, 570.148.08, 76, 93, 93, 23028, 21029, 1571, 1455, 6251, 147.13, 150.00
1762642613,0, NVIDIA A10, GPU-359b21ab-3dbf-5646-ba1f-a513e3866c50, 8.6, 570.148.08, 76, 93, 91, 23028, 21029, 1571, 1395, 6251, 150.32, 150.00
1762642614,0, NVIDIA A10, GPU-359b21ab-3dbf-5646-ba1f-a513e3866c50, 8.6, 570.148.08, 76, 93, 93, 23028, 21029, 1571, 1395, 6251, 154.57, 150.00
1762642615,0, NVIDIA A10, GPU-359b21ab-3dbf-5646-ba1f-a513e3866c50, 8.6, 570.148.08, 76, 93, 91, 23028, 21029, 1571, 1440, 6251, 149.57, 150.00
1762642616,0, NVIDIA A10, GPU-359b21ab-3dbf-5646-ba1f-a513e3866c50, 8.6, 570.148.08, 76, 94, 81, 23028, 21029, 1571, 1290, 6251, 153.21, 150.00
1762642617,0, NVIDIA A10, GPU-359b21ab-3dbf-5646-ba1f-a513e3866c50, 8.6, 570.148.08, 76, 93, 92, 23028, 21029, 1571, 1440, 6251, 151.15, 150.00
1762642618,0, NVIDIA A10, GPU-359b21ab-3dbf-5646-ba1f-a513e3866c50, 8.6, 570.148.08, 76, 92, 93, 23028, 21029, 1571, 1440, 6251, 150.46, 150.00
1762642619,0, NVIDIA A10, GPU-359b21ab-3dbf-5646-ba1f-a513e3866c50, 8.6, 570.148.08, 76, 92, 91, 23028, 21029, 1571, 1410, 6251, 149.96, 150.00
1762642620,0, NVIDIA A10, GPU-359b21ab-3dbf-5646-ba1f-a513e3866c50, 8.6, 570.148.08, 76, 92, 91, 23028, 21029, 1571, 1395, 6251, 148.35, 150.00
1762642621,0, NVIDIA A10, GPU-359b21ab-3dbf-5646-ba1f-a513e3866c50, 8.6, 570.148.08, 76, 93, 90, 23028, 21029, 1571, 1440, 6251, 148.85, 150.00
1762642622,0, NVIDIA A10, GPU-359b21ab-3dbf-5646-ba1f-a513e3866c50, 8.6, 570.148.08, 76, 92, 89, 23028, 21029, 1571, 1455, 6251, 148.75, 150.00
1762642623,0, NVIDIA A10, GPU-359b21ab-3dbf-5646-ba1f-a513e3866c50, 8.6, 570.148.08, 76, 92, 90, 23028, 21029, 1571, 1440, 6251, 145.82, 150.00
1762642624,0, NVIDIA A10, GPU-359b21ab-3dbf-5646-ba1f-a513e3866c50, 8.6, 570.148.08, 76, 92, 92, 23028, 21029, 1571, 1410, 6251, 155.80, 150.00
1762642625,0, NVIDIA A10, GPU-359b21ab-3dbf-5646-ba1f-a513e3866c50, 8.6, 570.148.08, 76, 93, 92, 23028, 21029, 1571, 1425, 6251, 148.51, 150.00
1762642626,0, NVIDIA A10, GPU-359b21ab-3dbf-5646-ba1f-a513e3866c50, 8.6, 570.148.08, 76, 93, 91, 23028, 21029, 1571, 1380, 6251, 149.34, 150.00
1762642627,0, NVIDIA A10, GPU-359b21ab-3dbf-5646-ba1f-a513e3866c50, 8.6, 570.148.08, 76, 93, 90, 23028, 21029, 1571, 1440, 6251, 151.93, 150.00
1762642628,0, NVIDIA A10, GPU-359b21ab-3dbf-5646-ba1f-a513e3866c50, 8.6, 570.148.08, 76, 93, 91, 23028, 21029, 1571, 1395, 6251, 148.15, 150.00
1762642629,0, NVIDIA A10, GPU-359b21ab-3dbf-5646-ba1f-a513e3866c50, 8.6, 570.148.08, 77, 93, 91, 23028, 21029, 1571, 1410, 6251, 146.86, 150.00
1762642630,0, NVIDIA A10, GPU-359b21ab-3dbf-5646-ba1f-a513e3866c50, 8.6, 570.148.08, 76, 93, 93, 23028, 21029, 1571, 1440, 6251, 145.82, 150.00
1762642631,0, NVIDIA A10, GPU-359b21ab-3dbf-5646-ba1f-a513e3866c50, 8.6, 570.148.08, 77, 93, 88, 23028, 21029, 1571, 1380, 6251, 151.73, 150.00
1762642632,0, NVIDIA A10, GPU-359b21ab-3dbf-5646-ba1f-a513e3866c50, 8.6, 570.148.08, 76, 92, 92, 23028, 21029, 1571, 1440, 6251, 146.94, 150.00
1762642633,0, NVIDIA A10, GPU-359b21ab-3dbf-5646-ba1f-a513e3866c50, 8.6, 570.148.08, 76, 94, 82, 23028, 21029, 1571, 1380, 6251, 151.25, 150.00
1762642635,0, NVIDIA A10, GPU-359b21ab-3dbf-5646-ba1f-a513e3866c50, 8.6, 570.148.08, 76, 93, 91, 23028, 21029, 1571, 1440, 6251, 147.55, 150.00
1762642636,0, NVIDIA A10, GPU-359b21ab-3dbf-5646-ba1f-a513e3866c50, 8.6, 570.148.08, 76, 94, 80, 23028, 21029, 1571, 1275, 6251, 148.21, 150.00
1762642637,0, NVIDIA A10, GPU-359b21ab-3dbf-5646-ba1f-a513e3866c50, 8.6, 570.148.08, 76, 94, 78, 23028, 21029, 1571, 1395, 6251, 144.51, 150.00
1762642638,0, NVIDIA A10, GPU-359b21ab-3dbf-5646-ba1f-a513e3866c50, 8.6, 570.148.08, 76, 93, 91, 23028, 21029, 1571, 1380, 6251, 149.85, 150.00
1762642639,0, NVIDIA A10, GPU-359b21ab-3dbf-5646-ba1f-a513e3866c50, 8.6, 570.148.08, 76, 92, 92, 23028, 21029, 1571, 1425, 6251, 148.29, 150.00
1762642640,0, NVIDIA A10, GPU-359b21ab-3dbf-5646-ba1f-a513e3866c50, 8.6, 570.148.08, 76, 92, 91, 23028, 21029, 1571, 1395, 6251, 149.03, 150.00
1762642641,0, NVIDIA A10, GPU-359b21ab-3dbf-5646-ba1f-a513e3866c50, 8.6, 570.148.08, 77, 93, 91, 23028, 21029, 1571, 1380, 6251, 149.92, 150.00
1762642642,0, NVIDIA A10, GPU-359b21ab-3dbf-5646-ba1f-a513e3866c50, 8.6, 570.148.08, 76, 93, 92, 23028, 21029, 1571, 1410, 6251, 153.04, 150.00
1762642643,0, NVIDIA A10, GPU-359b21ab-3dbf-5646-ba1f-a513e3866c50, 8.6, 570.148.08, 76, 92, 79, 23028, 21029, 1571, 1365, 6251, 147.77, 150.00
1762642644,0, NVIDIA A10, GPU-359b21ab-3dbf-5646-ba1f-a513e3866c50, 8.6, 570.148.08, 76, 93, 90, 23028, 21029, 1571, 1425, 6251, 149.33, 150.00
1762642645,0, NVIDIA A10, GPU-359b21ab-3dbf-5646-ba1f-a513e3866c50, 8.6, 570.148.08, 76, 92, 92, 23028, 21029, 1571, 1440, 6251, 156.72, 150.00
1762642646,0, NVIDIA A10, GPU-359b21ab-3dbf-5646-ba1f-a513e3866c50, 8.6, 570.148.08, 76, 92, 91, 23028, 21029, 1571, 1410, 6251, 148.72, 150.00
1762642647,0, NVIDIA A10, GPU-359b21ab-3dbf-5646-ba1f-a513e3866c50, 8.6, 570.148.08, 77, 93, 91, 23028, 21029, 1571, 1410, 6251, 150.45, 150.00
1762642648,0, NVIDIA A10, GPU-359b21ab-3dbf-5646-ba1f-a513e3866c50, 8.6, 570.148.08, 77, 94, 80, 23028, 21029, 1571, 1335, 6251, 146.04, 150.00
1762642649,0, NVIDIA A10, GPU-359b21ab-3dbf-5646-ba1f-a513e3866c50, 8.6, 570.148.08, 76, 94, 79, 23028, 21029, 1571, 1335, 6251, 146.94, 150.00
1762642650,0, NVIDIA A10, GPU-359b21ab-3dbf-5646-ba1f-a513e3866c50, 8.6, 570.148.08, 76, 93, 90, 23028, 21029, 1571, 1410, 6251, 147.64, 150.00
1762642651,0, NVIDIA A10, GPU-359b21ab-3dbf-5646-ba1f-a513e3866c50, 8.6, 570.148.08, 76, 93, 93, 23028, 21029, 1571, 1425, 6251, 148.21, 150.00
1762642652,0, NVIDIA A10, GPU-359b21ab-3dbf-5646-ba1f-a513e3866c50, 8.6, 570.148.08, 76, 93, 91, 23028, 21029, 1571, 1395, 6251, 149.74, 150.00
1762642653,0, NVIDIA A10, GPU-359b21ab-3dbf-5646-ba1f-a513e3866c50, 8.6, 570.148.08, 77, 93, 82, 23028, 21029, 1571, 1185, 6251, 150.78, 150.00
1762642654,0, NVIDIA A10, GPU-359b21ab-3dbf-5646-ba1f-a513e3866c50, 8.6, 570.148.08, 76, 93, 91, 23028, 21029, 1571, 1380, 6251, 155.16, 150.00
1762642655,0, NVIDIA A10, GPU-359b21ab-3dbf-5646-ba1f-a513e3866c50, 8.6, 570.148.08, 76, 93, 91, 23028, 21029, 1571, 1395, 6251, 149.45, 150.00
1762642656,0, NVIDIA A10, GPU-359b21ab-3dbf-5646-ba1f-a513e3866c50, 8.6, 570.148.08, 77, 92, 93, 23028, 21029, 1571, 1410, 6251, 147.94, 150.00
1762642657,0, NVIDIA A10, GPU-359b21ab-3dbf-5646-ba1f-a513e3866c50, 8.6, 570.148.08, 76, 93, 91, 23028, 21029, 1571, 1365, 6251, 150.02, 150.00
1762642658,0, NVIDIA A10, GPU-359b21ab-3dbf-5646-ba1f-a513e3866c50, 8.6, 570.148.08, 76, 93, 93, 23028, 21029, 1571, 1455, 6251, 146.27, 150.00
1762642659,0, NVIDIA A10, GPU-359b21ab-3dbf-5646-ba1f-a513e3866c50, 8.6, 570.148.08, 76, 93, 91, 23028, 21029, 1571, 1410, 6251, 150.24, 150.00
1762642660,0, NVIDIA A10, GPU-359b21ab-3dbf-5646-ba1f-a513e3866c50, 8.6, 570.148.08, 77, 93, 91, 23028, 21029, 1571, 990, 6251, 149.95, 150.00
1762642661,0, NVIDIA A10, GPU-359b21ab-3dbf-5646-ba1f-a513e3866c50, 8.6, 570.148.08, 76, 93, 90, 23028, 21029, 1571, 1365, 6251, 146.53, 150.00
1762642662,0, NVIDIA A10, GPU-359b21ab-3dbf-5646-ba1f-a513e3866c50, 8.6, 570.148.08, 77, 93, 91, 23028, 21029, 1571, 1395, 6251, 150.75, 150.00
1762642663,0, NVIDIA A10, GPU-359b21ab-3dbf-5646-ba1f-a513e3866c50, 8.6, 570.148.08, 76, 92, 93, 23028, 21029, 1571, 1410, 6251, 149.49, 150.00
1762642664,0, NVIDIA A10, GPU-359b21ab-3dbf-5646-ba1f-a513e3866c50, 8.6, 570.148.08, 77, 92, 92, 23028, 21029, 1571, 1425, 6251, 147.66, 150.00
1762642665,0, NVIDIA A10, GPU-359b21ab-3dbf-5646-ba1f-a513e3866c50, 8.6, 570.148.08, 77, 93, 91, 23028, 21029, 1571, 1395, 6251, 153.12, 150.00
1762642666,0, NVIDIA A10, GPU-359b21ab-3dbf-5646-ba1f-a513e3866c50, 8.6, 570.148.08, 76, 93, 88, 23028, 21029, 1571, 1440, 6251, 155.19, 150.00
1762642667,0, NVIDIA A10, GPU-359b21ab-3dbf-5646-ba1f-a513e3866c50, 8.6, 570.148.08, 76, 94, 81, 23028, 21029, 1571, 1440, 6251, 147.12, 150.00
1762642669,0, NVIDIA A10, GPU-359b21ab-3dbf-5646-ba1f-a513e3866c50, 8.6, 570.148.08, 76, 93, 92, 23028, 21029, 1571, 1425, 6251, 148.53, 150.00
1762642670,0, NVIDIA A10, GPU-359b21ab-3dbf-5646-ba1f-a513e3866c50, 8.6, 570.148.08, 77, 93, 91, 23028, 21029, 1571, 1410, 6251, 147.26, 150.00
1762642671,0, NVIDIA A10, GPU-359b21ab-3dbf-5646-ba1f-a513e3866c50, 8.6, 570.148.08, 77, 93, 91, 23028, 21029, 1571, 1365, 6251, 150.48, 150.00
1762642672,0, NVIDIA A10, GPU-359b21ab-3dbf-5646-ba1f-a513e3866c50, 8.6, 570.148.08, 77, 92, 92, 23028, 21029, 1571, 1440, 6251, 146.55, 150.00
1762642673,0, NVIDIA A10, GPU-359b21ab-3dbf-5646-ba1f-a513e3866c50, 8.6, 570.148.08, 77, 92, 90, 23028, 21029, 1571, 1395, 6251, 149.18, 150.00
1762642674,0, NVIDIA A10, GPU-359b21ab-3dbf-5646-ba1f-a513e3866c50, 8.6, 570.148.08, 77, 92, 82, 23028, 21029, 1571, 1320, 6251, 153.03, 150.00
1762642675,0, NVIDIA A10, GPU-359b21ab-3dbf-5646-ba1f-a513e3866c50, 8.6, 570.148.08, 77, 93, 91, 23028, 21029, 1571, 1395, 6251, 148.41, 150.00
1762642676,0, NVIDIA A10, GPU-359b21ab-3dbf-5646-ba1f-a513e3866c50, 8.6, 570.148.08, 77, 92, 91, 23028, 21029, 1571, 1335, 6251, 148.60, 150.00
1762642677,0, NVIDIA A10, GPU-359b21ab-3dbf-5646-ba1f-a513e3866c50, 8.6, 570.148.08, 77, 92, 91, 23028, 21029, 1571, 1440, 6251, 148.90, 150.00
1762642678,0, NVIDIA A10, GPU-359b21ab-3dbf-5646-ba1f-a513e3866c50, 8.6, 570.148.08, 77, 92, 92, 23028, 21029, 1571, 1275, 6251, 152.76, 150.00
1762642679,0, NVIDIA A10, GPU-359b21ab-3dbf-5646-ba1f-a513e3866c50, 8.6, 570.148.08, 77, 93, 92, 23028, 21029, 1571, 1425, 6251, 144.59, 150.00
1762642680,0, NVIDIA A10, GPU-359b21ab-3dbf-5646-ba1f-a513e3866c50, 8.6, 570.148.08, 77, 93, 93, 23028, 21029, 1571, 1410, 6251, 148.21, 150.00
1762642681,0, NVIDIA A10, GPU-359b21ab-3dbf-5646-ba1f-a513e3866c50, 8.6, 570.148.08, 77, 92, 92, 23028, 21029, 1571, 1395, 6251, 153.44, 150.00
1762642682,0, NVIDIA A10, GPU-359b21ab-3dbf-5646-ba1f-a513e3866c50, 8.6, 570.148.08, 77, 92, 92, 23028, 21029, 1571, 1425, 6251, 150.46, 150.00
1762642683,0, NVIDIA A10, GPU-359b21ab-3dbf-5646-ba1f-a513e3866c50, 8.6, 570.148.08, 77, 91, 90, 23028, 21029, 1571, 1395, 6251, 150.35, 150.00
1762642684,0, NVIDIA A10, GPU-359b21ab-3dbf-5646-ba1f-a513e3866c50, 8.6, 570.148.08, 77, 92, 92, 23028, 21029, 1571, 1380, 6251, 148.78, 150.00
1762642685,0, NVIDIA A10, GPU-359b21ab-3dbf-5646-ba1f-a513e3866c50, 8.6, 570.148.08, 77, 92, 91, 23028, 21029, 1571, 1380, 6251, 150.02, 150.00
1762642686,0, NVIDIA A10, GPU-359b21ab-3dbf-5646-ba1f-a513e3866c50, 8.6, 570.148.08, 77, 92, 92, 23028, 21029, 1571, 1425, 6251, 144.63, 150.00
1762642687,0, NVIDIA A10, GPU-359b21ab-3dbf-5646-ba1f-a513e3866c50, 8.6, 570.148.08, 77, 94, 80, 23028, 21029, 1571, 1425, 6251, 145.83, 150.00
1762642688,0, NVIDIA A10, GPU-359b21ab-3dbf-5646-ba1f-a513e3866c50, 8.6, 570.148.08, 77, 92, 90, 23028, 21029, 1571, 1395, 6251, 148.19, 150.00
1762642689,0, NVIDIA A10, GPU-359b21ab-3dbf-5646-ba1f-a513e3866c50, 8.6, 570.148.08, 77, 92, 92, 23028, 21029, 1571, 1440, 6251, 147.55, 150.00
1762642690,0, NVIDIA A10, GPU-359b21ab-3dbf-5646-ba1f-a513e3866c50, 8.6, 570.148.08, 77, 93, 91, 23028, 21029, 1571, 1395, 6251, 151.42, 150.00
1762642691,0, NVIDIA A10, GPU-359b21ab-3dbf-5646-ba1f-a513e3866c50, 8.6, 570.148.08, 77, 93, 91, 23028, 21029, 1571, 1305, 6251, 148.08, 150.00
1762642692,0, NVIDIA A10, GPU-359b21ab-3dbf-5646-ba1f-a513e3866c50, 8.6, 570.148.08, 77, 92, 91, 23028, 21029, 1571, 1395, 6251, 150.22, 150.00
1762642693,0, NVIDIA A10, GPU-359b21ab-3dbf-5646-ba1f-a513e3866c50, 8.6, 570.148.08, 77, 93, 91, 23028, 21029, 1571, 1050, 6251, 145.89, 150.00
1762642694,0, NVIDIA A10, GPU-359b21ab-3dbf-5646-ba1f-a513e3866c50, 8.6, 570.148.08, 77, 93, 87, 23028, 21029, 1571, 1110, 6251, 148.51, 150.00
1762642695,0, NVIDIA A10, GPU-359b21ab-3dbf-5646-ba1f-a513e3866c50, 8.6, 570.148.08, 77, 93, 92, 23028, 21029, 1571, 1395, 6251, 146.76, 150.00
1762642696,0, NVIDIA A10, GPU-359b21ab-3dbf-5646-ba1f-a513e3866c50, 8.6, 570.148.08, 77, 93, 89, 23028, 21029, 1571, 1425, 6251, 147.28, 150.00
1762642697,0, NVIDIA A10, GPU-359b21ab-3dbf-5646-ba1f-a513e3866c50, 8.6, 570.148.08, 77, 92, 91, 23028, 21029, 1571, 1380, 6251, 152.80, 150.00
1762642698,0, NVIDIA A10, GPU-359b21ab-3dbf-5646-ba1f-a513e3866c50, 8.6, 570.148.08, 77, 94, 80, 23028, 21029, 1571, 1425, 6251, 148.08, 150.00
1762642699,0, NVIDIA A10, GPU-359b21ab-3dbf-5646-ba1f-a513e3866c50, 8.6, 570.148.08, 77, 92, 91, 23028, 21029, 1571, 1380, 6251, 152.45, 150.00
1762642700,0, NVIDIA A10, GPU-359b21ab-3dbf-5646-ba1f-a513e3866c50, 8.6, 570.148.08, 77, 94, 82, 23028, 21029, 1571, 1260, 6251, 153.98, 150.00
1762642701,0, NVIDIA A10, GPU-359b21ab-3dbf-5646-ba1f-a513e3866c50, 8.6, 570.148.08, 77, 92, 91, 23028, 21029, 1571, 1395, 6251, 150.27, 150.00
1762642703,0, NVIDIA A10, GPU-359b21ab-3dbf-5646-ba1f-a513e3866c50, 8.6, 570.148.08, 77, 94, 83, 23028, 21029, 1571, 1320, 6251, 149.19, 150.00
1762642704,0, NVIDIA A10, GPU-359b21ab-3dbf-5646-ba1f-a513e3866c50, 8.6, 570.148.08, 77, 92, 91, 23028, 21029, 1571, 1425, 6251, 146.20, 150.00
1762642705,0, NVIDIA A10, GPU-359b21ab-3dbf-5646-ba1f-a513e3866c50, 8.6, 570.148.08, 77, 92, 92, 23028, 21029, 1571, 1410, 6251, 149.26, 150.00
1762642706,0, NVIDIA A10, GPU-359b21ab-3dbf-5646-ba1f-a513e3866c50, 8.6, 570.148.08, 77, 92, 91, 23028, 21029, 1571, 1350, 6251, 148.19, 150.00
1762642707,0, NVIDIA A10, GPU-359b21ab-3dbf-5646-ba1f-a513e3866c50, 8.6, 570.148.08, 77, 92, 92, 23028, 21029, 1571, 1410, 6251, 146.28, 150.00
1762642708,0, NVIDIA A10, GPU-359b21ab-3dbf-5646-ba1f-a513e3866c50, 8.6, 570.148.08, 77, 93, 91, 23028, 21029, 1571, 1395, 6251, 152.11, 150.00
1762642709,0, NVIDIA A10, GPU-359b21ab-3dbf-5646-ba1f-a513e3866c50, 8.6, 570.148.08, 77, 93, 91, 23028, 21029, 1571, 1305, 6251, 151.82, 150.00
1762642710,0, NVIDIA A10, GPU-359b21ab-3dbf-5646-ba1f-a513e3866c50, 8.6, 570.148.08, 77, 93, 91, 23028, 21029, 1571, 1350, 6251, 149.79, 150.00
1762642711,0, NVIDIA A10, GPU-359b21ab-3dbf-5646-ba1f-a513e3866c50, 8.6, 570.148.08, 77, 93, 92, 23028, 21029, 1571, 1365, 6251, 147.68, 150.00
1762642712,0, NVIDIA A10, GPU-359b21ab-3dbf-5646-ba1f-a513e3866c50, 8.6, 570.148.08, 77, 94, 80, 23028, 21029, 1571, 1410, 6251, 151.15, 150.00
1762642713,0, NVIDIA A10, GPU-359b21ab-3dbf-5646-ba1f-a513e3866c50, 8.6, 570.148.08, 77, 92, 90, 23028, 21029, 1571, 1395, 6251, 148.28, 150.00
1762642714,0, NVIDIA A10, GPU-359b21ab-3dbf-5646-ba1f-a513e3866c50, 8.6, 570.148.08, 77, 93, 91, 23028, 21029, 1571, 1380, 6251, 151.86, 150.00
1762642715,0, NVIDIA A10, GPU-359b21ab-3dbf-5646-ba1f-a513e3866c50, 8.6, 570.148.08, 77, 93, 93, 23028, 21029, 1571, 1365, 6251, 148.86, 150.00
1762642716,0, NVIDIA A10, GPU-359b21ab-3dbf-5646-ba1f-a513e3866c50, 8.6, 570.148.08, 77, 94, 79, 23028, 21029, 1571, 1305, 6251, 146.77, 150.00
1762642717,0, NVIDIA A10, GPU-359b21ab-3dbf-5646-ba1f-a513e3866c50, 8.6, 570.148.08, 77, 92, 90, 23028, 21029, 1571, 1365, 6251, 147.71, 150.00
1762642718,0, NVIDIA A10, GPU-359b21ab-3dbf-5646-ba1f-a513e3866c50, 8.6, 570.148.08, 77, 93, 91, 23028, 21029, 1571, 1395, 6251, 149.44, 150.00
1762642719,0, NVIDIA A10, GPU-359b21ab-3dbf-5646-ba1f-a513e3866c50, 8.6, 570.148.08, 77, 94, 81, 23028, 21029, 1571, 1020, 6251, 146.77, 150.00
1762642720,0, NVIDIA A10, GPU-359b21ab-3dbf-5646-ba1f-a513e3866c50, 8.6, 570.148.08, 77, 92, 91, 23028, 21029, 1571, 1410, 6251, 145.77, 150.00
1762642721,0, NVIDIA A10, GPU-359b21ab-3dbf-5646-ba1f-a513e3866c50, 8.6, 570.148.08, 77, 93, 91, 23028, 21029, 1571, 1380, 6251, 149.01, 150.00
1762642722,0, NVIDIA A10, GPU-359b21ab-3dbf-5646-ba1f-a513e3866c50, 8.6, 570.148.08, 77, 93, 91, 23028, 21029, 1571, 1395, 6251, 149.91, 150.00
1762642723,0, NVIDIA A10, GPU-359b21ab-3dbf-5646-ba1f-a513e3866c50, 8.6, 570.148.08, 77, 92, 93, 23028, 21029, 1571, 1425, 6251, 149.38, 150.00
1762642724,0, NVIDIA A10, GPU-359b21ab-3dbf-5646-ba1f-a513e3866c50, 8.6, 570.148.08, 77, 93, 86, 23028, 21029, 1571, 1200, 6251, 152.26, 150.00
1762642725,0, NVIDIA A10, GPU-359b21ab-3dbf-5646-ba1f-a513e3866c50, 8.6, 570.148.08, 77, 93, 91, 23028, 21029, 1571, 1365, 6251, 151.55, 150.00
1762642726,0, NVIDIA A10, GPU-359b21ab-3dbf-5646-ba1f-a513e3866c50, 8.6, 570.148.08, 77, 92, 90, 23028, 21029, 1571, 1320, 6251, 148.56, 150.00
1762642727,0, NVIDIA A10, GPU-359b21ab-3dbf-5646-ba1f-a513e3866c50, 8.6, 570.148.08, 77, 92, 91, 23028, 21029, 1571, 1350, 6251, 146.50, 150.00
1762642728,0, NVIDIA A10, GPU-359b21ab-3dbf-5646-ba1f-a513e3866c50, 8.6, 570.148.08, 77, 93, 91, 23028, 21029, 1571, 1350, 6251, 147.74, 150.00
1762642729,0, NVIDIA A10, GPU-359b21ab-3dbf-5646-ba1f-a513e3866c50, 8.6, 570.148.08, 77, 93, 91, 23028, 21029, 1571, 1335, 6251, 147.02, 150.00
1762642730,0, NVIDIA A10, GPU-359b21ab-3dbf-5646-ba1f-a513e3866c50, 8.6, 570.148.08, 77, 94, 79, 23028, 21029, 1571, 1305, 6251, 146.21, 150.00
1762642731,0, NVIDIA A10, GPU-359b21ab-3dbf-5646-ba1f-a513e3866c50, 8.6, 570.148.08, 77, 94, 78, 23028, 21029, 1571, 1365, 6251, 145.83, 150.00
1762642732,0, NVIDIA A10, GPU-359b21ab-3dbf-5646-ba1f-a513e3866c50, 8.6, 570.148.08, 77, 93, 92, 23028, 21029, 1571, 1410, 6251, 148.45, 150.00
1762642733,0, NVIDIA A10, GPU-359b21ab-3dbf-5646-ba1f-a513e3866c50, 8.6, 570.148.08, 77, 92, 90, 23028, 21029, 1571, 1380, 6251, 151.16, 150.00
1762642734,0, NVIDIA A10, GPU-359b21ab-3dbf-5646-ba1f-a513e3866c50, 8.6, 570.148.08, 77, 92, 90, 23028, 21029, 1571, 1395, 6251, 147.52, 150.00
1762642735,0, NVIDIA A10, GPU-359b21ab-3dbf-5646-ba1f-a513e3866c50, 8.6, 570.148.08, 77, 92, 91, 23028, 21029, 1571, 1380, 6251, 149.82, 150.00
1762642736,0, NVIDIA A10, GPU-359b21ab-3dbf-5646-ba1f-a513e3866c50, 8.6, 570.148.08, 77, 93, 91, 23028, 21029, 1571, 1380, 6251, 151.99, 150.00
1762642738,0, NVIDIA A10, GPU-359b21ab-3dbf-5646-ba1f-a513e3866c50, 8.6, 570.148.08, 77, 93, 91, 23028, 21029, 1571, 1380, 6251, 152.44, 150.00
1762642739,0, NVIDIA A10, GPU-359b21ab-3dbf-5646-ba1f-a513e3866c50, 8.6, 570.148.08, 77, 92, 92, 23028, 21029, 1571, 1425, 6251, 147.28, 150.00
1762642740,0, NVIDIA A10, GPU-359b21ab-3dbf-5646-ba1f-a513e3866c50, 8.6, 570.148.08, 77, 93, 91, 23028, 21029, 1571, 1395, 6251, 149.33, 150.00
1762642741,0, NVIDIA A10, GPU-359b21ab-3dbf-5646-ba1f-a513e3866c50, 8.6, 570.148.08, 77, 92, 91, 23028, 21029, 1571, 1365, 6251, 146.41, 150.00
1762642742,0, NVIDIA A10, GPU-359b21ab-3dbf-5646-ba1f-a513e3866c50, 8.6, 570.148.08, 77, 93, 93, 23028, 21029, 1571, 1410, 6251, 146.42, 150.00
1762642743,0, NVIDIA A10, GPU-359b21ab-3dbf-5646-ba1f-a513e3866c50, 8.6, 570.148.08, 77, 93, 92, 23028, 21029, 1571, 1380, 6251, 148.40, 150.00
1762642744,0, NVIDIA A10, GPU-359b21ab-3dbf-5646-ba1f-a513e3866c50, 8.6, 570.148.08, 77, 92, 91, 23028, 21029, 1571, 1350, 6251, 151.72, 150.00
1762642745,0, NVIDIA A10, GPU-359b21ab-3dbf-5646-ba1f-a513e3866c50, 8.6, 570.148.08, 77, 92, 92, 23028, 21029, 1571, 1410, 6251, 149.70, 150.00
1762642746,0, NVIDIA A10, GPU-359b21ab-3dbf-5646-ba1f-a513e3866c50, 8.6, 570.148.08, 77, 93, 93, 23028, 21029, 1571, 1425, 6251, 146.53, 150.00
1762642747,0, NVIDIA A10, GPU-359b21ab-3dbf-5646-ba1f-a513e3866c50, 8.6, 570.148.08, 77, 93, 93, 23028, 21029, 1571, 1440, 6251, 148.31, 150.00
1762642748,0, NVIDIA A10, GPU-359b21ab-3dbf-5646-ba1f-a513e3866c50, 8.6, 570.148.08, 77, 92, 92, 23028, 21029, 1571, 1410, 6251, 150.85, 150.00
1762642749,0, NVIDIA A10, GPU-359b21ab-3dbf-5646-ba1f-a513e3866c50, 8.6, 570.148.08, 77, 93, 92, 23028, 21029, 1571, 1425, 6251, 152.87, 150.00
1762642750,0, NVIDIA A10, GPU-359b21ab-3dbf-5646-ba1f-a513e3866c50, 8.6, 570.148.08, 77, 92, 92, 23028, 21029, 1571, 1425, 6251, 150.01, 150.00
1762642751,0, NVIDIA A10, GPU-359b21ab-3dbf-5646-ba1f-a513e3866c50, 8.6, 570.148.08, 77, 93, 91, 23028, 21029, 1571, 1395, 6251, 152.90, 150.00
1762642752,0, NVIDIA A10, GPU-359b21ab-3dbf-5646-ba1f-a513e3866c50, 8.6, 570.148.08, 77, 93, 89, 23028, 21029, 1571, 1440, 6251, 150.14, 150.00
1762642753,0, NVIDIA A10, GPU-359b21ab-3dbf-5646-ba1f-a513e3866c50, 8.6, 570.148.08, 77, 93, 91, 23028, 21029, 1571, 1395, 6251, 149.40, 150.00
1762642754,0, NVIDIA A10, GPU-359b21ab-3dbf-5646-ba1f-a513e3866c50, 8.6, 570.148.08, 77, 93, 81, 23028, 21029, 1571, 1230, 6251, 147.02, 150.00
1762642755,0, NVIDIA A10, GPU-359b21ab-3dbf-5646-ba1f-a513e3866c50, 8.6, 570.148.08, 77, 93, 88, 23028, 21029, 1571, 1200, 6251, 147.25, 150.00
1762642756,0, NVIDIA A10, GPU-359b21ab-3dbf-5646-ba1f-a513e3866c50, 8.6, 570.148.08, 77, 92, 91, 23028, 21029, 1571, 1350, 6251, 147.16, 150.00
1762642757,0, NVIDIA A10, GPU-359b21ab-3dbf-5646-ba1f-a513e3866c50, 8.6, 570.148.08, 77, 93, 91, 23028, 21029, 1571, 1365, 6251, 149.35, 150.00
1762642758,0, NVIDIA A10, GPU-359b21ab-3dbf-5646-ba1f-a513e3866c50, 8.6, 570.148.08, 77, 93, 92, 23028, 21029, 1571, 1425, 6251, 146.18, 150.00
1762642759,0, NVIDIA A10, GPU-359b21ab-3dbf-5646-ba1f-a513e3866c50, 8.6, 570.148.08, 75, 0, 0, 23028, 21029, 1571, 1695, 6251, 105.16, 150.00
1762642760,0, NVIDIA A10, GPU-359b21ab-3dbf-5646-ba1f-a513e3866c50, 8.6, 570.148.08, 74, 94, 9, 23028, 3, 22596, 1695, 6251, 83.26, 150.00
1762642761,0, NVIDIA A10, GPU-359b21ab-3dbf-5646-ba1f-a513e3866c50, 8.6, 570.148.08, 73, 0, 0, 23028, 3, 22596, 1695, 6251, 83.97, 150.00
1762642762,0, NVIDIA A10, GPU-359b21ab-3dbf-5646-ba1f-a513e3866c50, 8.6, 570.148.08, 73, 0, 0, 23028, 0, 22599, 1695, 6251, 79.46, 150.00
1762642763,0, NVIDIA A10, GPU-359b21ab-3dbf-5646-ba1f-a513e3866c50, 8.6, 570.148.08, 73, 0, 0, 23028, 0, 22599, 1695, 6251, 79.43, 150.00
1762642764,0, NVIDIA A10, GPU-359b21ab-3dbf-5646-ba1f-a513e3866c50, 8.6, 570.148.08, 71, 0, 0, 23028, 0, 22599, 315, 6251, 52.71, 150.00
1762642765,0, NVIDIA A10, GPU-359b21ab-3dbf-5646-ba1f-a513e3866c50, 8.6, 570.148.08, 70, 0, 0, 23028, 0, 22599, 210, 6251, 52.24, 150.00
1762642766,0, NVIDIA A10, GPU-359b21ab-3dbf-5646-ba1f-a513e3866c50, 8.6, 570.148.08, 68, 0, 0, 23028, 0, 22599, 210, 405, 35.94, 150.00
1762642767,0, NVIDIA A10, GPU-359b21ab-3dbf-5646-ba1f-a513e3866c50, 8.6, 570.148.08, 68, 0, 0, 23028, 0, 22599, 210, 405, 19.51, 150.00
1762642768,0, NVIDIA A10, GPU-359b21ab-3dbf-5646-ba1f-a513e3866c50, 8.6, 570.148.08, 66, 0, 0, 23028, 0, 22599, 210, 405, 19.08, 150.00
1762642769,0, NVIDIA A10, GPU-359b21ab-3dbf-5646-ba1f-a513e3866c50, 8.6, 570.148.08, 66, 0, 0, 23028, 0, 22599, 210, 405, 18.99, 150.00
1762642770,0, NVIDIA A10, GPU-359b21ab-3dbf-5646-ba1f-a513e3866c50, 8.6, 570.148.08, 65, 0, 0, 23028, 0, 22599, 210, 405, 18.89, 150.00
1762642771,0, NVIDIA A10, GPU-359b21ab-3dbf-5646-ba1f-a513e3866c50, 8.6, 570.148.08, 65, 0, 0, 23028, 0, 22599, 210, 405, 18.80, 150.00
1762642772,0, NVIDIA A10, GPU-359b21ab-3dbf-5646-ba1f-a513e3866c50, 8.6, 570.148.08, 65, 0, 0, 23028, 275, 22325, 1680, 6251, 38.22, 150.00
1762642773,0, NVIDIA A10, GPU-359b21ab-3dbf-5646-ba1f-a513e3866c50, 8.6, 570.148.08, 66, 16, 1, 23028, 3219, 19381, 1695, 6251, 72.45, 150.00
1762642775,0, NVIDIA A10, GPU-359b21ab-3dbf-5646-ba1f-a513e3866c50, 8.6, 570.148.08, 66, 0, 0, 23028, 2717, 19883, 1695, 6251, 73.26, 150.00
1762642776,0, NVIDIA A10, GPU-359b21ab-3dbf-5646-ba1f-a513e3866c50, 8.6, 570.148.08, 66, 0, 0, 23028, 2717, 19883, 1695, 6251, 72.57, 150.00
1762642777,0, NVIDIA A10, GPU-359b21ab-3dbf-5646-ba1f-a513e3866c50, 8.6, 570.148.08, 66, 0, 0, 23028, 2717, 19883, 1695, 6251, 71.74, 150.00
1762642778,0, NVIDIA A10, GPU-359b21ab-3dbf-5646-ba1f-a513e3866c50, 8.6, 570.148.08, 65, 0, 0, 23028, 2717, 19883, 1695, 6251, 71.77, 150.00
1762642779,0, NVIDIA A10, GPU-359b21ab-3dbf-5646-ba1f-a513e3866c50, 8.6, 570.148.08, 67, 50, 29, 23028, 3409, 19191, 1095, 6251, 83.34, 150.00
1762642780,0, NVIDIA A10, GPU-359b21ab-3dbf-5646-ba1f-a513e3866c50, 8.6, 570.148.08, 66, 34, 42, 23028, 19437, 3163, 1695, 6251, 98.23, 150.00
1762642781,0, NVIDIA A10, GPU-359b21ab-3dbf-5646-ba1f-a513e3866c50, 8.6, 570.148.08, 68, 46, 40, 23028, 19655, 2945, 1590, 6251, 136.66, 150.00
1762642782,0, NVIDIA A10, GPU-359b21ab-3dbf-5646-ba1f-a513e3866c50, 8.6, 570.148.08, 68, 39, 35, 23028, 19825, 2775, 1680, 6251, 132.85, 150.00
1762642783,0, NVIDIA A10, GPU-359b21ab-3dbf-5646-ba1f-a513e3866c50, 8.6, 570.148.08, 66, 0, 0, 23028, 21029, 1571, 1695, 6251, 82.51, 150.00
1762642784,0, NVIDIA A10, GPU-359b21ab-3dbf-5646-ba1f-a513e3866c50, 8.6, 570.148.08, 66, 0, 0, 23028, 21029, 1571, 1695, 6251, 79.06, 150.00
1762642785,0, NVIDIA A10, GPU-359b21ab-3dbf-5646-ba1f-a513e3866c50, 8.6, 570.148.08, 65, 0, 0, 23028, 21029, 1571, 1695, 6251, 71.40, 150.00
1762642786,0, NVIDIA A10, GPU-359b21ab-3dbf-5646-ba1f-a513e3866c50, 8.6, 570.148.08, 65, 0, 0, 23028, 21029, 1571, 1695, 6251, 71.39, 150.00
1762642787,0, NVIDIA A10, GPU-359b21ab-3dbf-5646-ba1f-a513e3866c50, 8.6, 570.148.08, 65, 0, 0, 23028, 21029, 1571, 1695, 6251, 71.25, 150.00
1762642788,0, NVIDIA A10, GPU-359b21ab-3dbf-5646-ba1f-a513e3866c50, 8.6, 570.148.08, 65, 0, 0, 23028, 21029, 1571, 1695, 6251, 71.01, 150.00
1762642789,0, NVIDIA A10, GPU-359b21ab-3dbf-5646-ba1f-a513e3866c50, 8.6, 570.148.08, 64, 0, 0, 23028, 21029, 1571, 1695, 6251, 70.86, 150.00
1762642790,0, NVIDIA A10, GPU-359b21ab-3dbf-5646-ba1f-a513e3866c50, 8.6, 570.148.08, 64, 0, 0, 23028, 21029, 1571, 1695, 6251, 70.62, 150.00
1762642791,0, NVIDIA A10, GPU-359b21ab-3dbf-5646-ba1f-a513e3866c50, 8.6, 570.148.08, 64, 0, 0, 23028, 21029, 1571, 1695, 6251, 70.52, 150.00
1762642792,0, NVIDIA A10, GPU-359b21ab-3dbf-5646-ba1f-a513e3866c50, 8.6, 570.148.08, 64, 0, 0, 23028, 21029, 1571, 1695, 6251, 70.38, 150.00
1762642793,0, NVIDIA A10, GPU-359b21ab-3dbf-5646-ba1f-a513e3866c50, 8.6, 570.148.08, 67, 93, 92, 23028, 21029, 1571, 1320, 6251, 106.39, 150.00
1762642794,0, NVIDIA A10, GPU-359b21ab-3dbf-5646-ba1f-a513e3866c50, 8.6, 570.148.08, 67, 93, 92, 23028, 21029, 1571, 1455, 6251, 148.54, 150.00
1762642795,0, NVIDIA A10, GPU-359b21ab-3dbf-5646-ba1f-a513e3866c50, 8.6, 570.148.08, 67, 93, 90, 23028, 21029, 1571, 1470, 6251, 148.91, 150.00
1762642796,0, NVIDIA A10, GPU-359b21ab-3dbf-5646-ba1f-a513e3866c50, 8.6, 570.148.08, 68, 92, 92, 23028, 21029, 1571, 1470, 6251, 148.90, 150.00
1762642797,0, NVIDIA A10, GPU-359b21ab-3dbf-5646-ba1f-a513e3866c50, 8.6, 570.148.08, 68, 96, 67, 23028, 21029, 1571, 1455, 6251, 150.05, 150.00
1762642798,0, NVIDIA A10, GPU-359b21ab-3dbf-5646-ba1f-a513e3866c50, 8.6, 570.148.08, 68, 93, 91, 23028, 21029, 1571, 1440, 6251, 149.68, 150.00
1762642799,0, NVIDIA A10, GPU-359b21ab-3dbf-5646-ba1f-a513e3866c50, 8.6, 570.148.08, 68, 92, 93, 23028, 21029, 1571, 1470, 6251, 149.27, 150.00
1762642800,0, NVIDIA A10, GPU-359b21ab-3dbf-5646-ba1f-a513e3866c50, 8.6, 570.148.08, 69, 92, 92, 23028, 21029, 1571, 1455, 6251, 147.93, 150.00
1762642801,0, NVIDIA A10, GPU-359b21ab-3dbf-5646-ba1f-a513e3866c50, 8.6, 570.148.08, 69, 92, 93, 23028, 21029, 1571, 1500, 6251, 149.12, 150.00
1762642802,0, NVIDIA A10, GPU-359b21ab-3dbf-5646-ba1f-a513e3866c50, 8.6, 570.148.08, 69, 93, 93, 23028, 21029, 1571, 1500, 6251, 148.12, 150.00
1762642803,0, NVIDIA A10, GPU-359b21ab-3dbf-5646-ba1f-a513e3866c50, 8.6, 570.148.08, 70, 92, 93, 23028, 21029, 1571, 1485, 6251, 148.56, 150.00
1762642804,0, NVIDIA A10, GPU-359b21ab-3dbf-5646-ba1f-a513e3866c50, 8.6, 570.148.08, 70, 92, 93, 23028, 21029, 1571, 1500, 6251, 148.72, 150.00
1762642805,0, NVIDIA A10, GPU-359b21ab-3dbf-5646-ba1f-a513e3866c50, 8.6, 570.148.08, 70, 92, 92, 23028, 21029, 1571, 1485, 6251, 146.70, 150.00
1762642806,0, NVIDIA A10, GPU-359b21ab-3dbf-5646-ba1f-a513e3866c50, 8.6, 570.148.08, 70, 93, 92, 23028, 21029, 1571, 1470, 6251, 150.41, 150.00
1762642807,0, NVIDIA A10, GPU-359b21ab-3dbf-5646-ba1f-a513e3866c50, 8.6, 570.148.08, 70, 92, 92, 23028, 21029, 1571, 1425, 6251, 148.39, 150.00
1762642808,0, NVIDIA A10, GPU-359b21ab-3dbf-5646-ba1f-a513e3866c50, 8.6, 570.148.08, 70, 92, 93, 23028, 21029, 1571, 1470, 6251, 147.10, 150.00
1762642809,0, NVIDIA A10, GPU-359b21ab-3dbf-5646-ba1f-a513e3866c50, 8.6, 570.148.08, 70, 92, 90, 23028, 21029, 1571, 1500, 6251, 146.45, 150.00
1762642810,0, NVIDIA A10, GPU-359b21ab-3dbf-5646-ba1f-a513e3866c50, 8.6, 570.148.08, 71, 93, 92, 23028, 21029, 1571, 1425, 6251, 149.94, 150.00
1762642811,0, NVIDIA A10, GPU-359b21ab-3dbf-5646-ba1f-a513e3866c50, 8.6, 570.148.08, 71, 92, 93, 23028, 21029, 1571, 1470, 6251, 148.15, 150.00
1762642813,0, NVIDIA A10, GPU-359b21ab-3dbf-5646-ba1f-a513e3866c50, 8.6, 570.148.08, 71, 92, 92, 23028, 21029, 1571, 1470, 6251, 148.81, 150.00
1762642814,0, NVIDIA A10, GPU-359b21ab-3dbf-5646-ba1f-a513e3866c50, 8.6, 570.148.08, 71, 92, 93, 23028, 21029, 1571, 1500, 6251, 147.18, 150.00
1762642815,0, NVIDIA A10, GPU-359b21ab-3dbf-5646-ba1f-a513e3866c50, 8.6, 570.148.08, 71, 92, 93, 23028, 21029, 1571, 1485, 6251, 150.88, 150.00
1762642816,0, NVIDIA A10, GPU-359b21ab-3dbf-5646-ba1f-a513e3866c50, 8.6, 570.148.08, 71, 92, 93, 23028, 21029, 1571, 1500, 6251, 148.14, 150.00
1762642817,0, NVIDIA A10, GPU-359b21ab-3dbf-5646-ba1f-a513e3866c50, 8.6, 570.148.08, 71, 92, 93, 23028, 21029, 1571, 1485, 6251, 147.85, 150.00
1762642818,0, NVIDIA A10, GPU-359b21ab-3dbf-5646-ba1f-a513e3866c50, 8.6, 570.148.08, 71, 96, 64, 23028, 21029, 1571, 1155, 6251, 149.90, 150.00
1762642819,0, NVIDIA A10, GPU-359b21ab-3dbf-5646-ba1f-a513e3866c50, 8.6, 570.148.08, 71, 93, 93, 23028, 21029, 1571, 1440, 6251, 148.80, 150.00
1762642820,0, NVIDIA A10, GPU-359b21ab-3dbf-5646-ba1f-a513e3866c50, 8.6, 570.148.08, 72, 93, 93, 23028, 21029, 1571, 1470, 6251, 152.98, 150.00
1762642821,0, NVIDIA A10, GPU-359b21ab-3dbf-5646-ba1f-a513e3866c50, 8.6, 570.148.08, 72, 92, 93, 23028, 21029, 1571, 1485, 6251, 147.66, 150.00
1762642822,0, NVIDIA A10, GPU-359b21ab-3dbf-5646-ba1f-a513e3866c50, 8.6, 570.148.08, 72, 92, 93, 23028, 21029, 1571, 1470, 6251, 152.31, 150.00
1762642823,0, NVIDIA A10, GPU-359b21ab-3dbf-5646-ba1f-a513e3866c50, 8.6, 570.148.08, 72, 92, 93, 23028, 21029, 1571, 1485, 6251, 150.81, 150.00
1762642824,0, NVIDIA A10, GPU-359b21ab-3dbf-5646-ba1f-a513e3866c50, 8.6, 570.148.08, 72, 92, 93, 23028, 21029, 1571, 1485, 6251, 149.85, 150.00
1762642825,0, NVIDIA A10, GPU-359b21ab-3dbf-5646-ba1f-a513e3866c50, 8.6, 570.148.08, 72, 92, 93, 23028, 21029, 1571, 1470, 6251, 151.50, 150.00
1762642826,0, NVIDIA A10, GPU-359b21ab-3dbf-5646-ba1f-a513e3866c50, 8.6, 570.148.08, 72, 91, 85, 23028, 21029, 1571, 945, 6251, 152.69, 150.00
1762642827,0, NVIDIA A10, GPU-359b21ab-3dbf-5646-ba1f-a513e3866c50, 8.6, 570.148.08, 72, 92, 93, 23028, 21029, 1571, 1440, 6251, 149.10, 150.00
1762642828,0, NVIDIA A10, GPU-359b21ab-3dbf-5646-ba1f-a513e3866c50, 8.6, 570.148.08, 72, 93, 92, 23028, 21029, 1571, 1425, 6251, 148.21, 150.00
1762642829,0, NVIDIA A10, GPU-359b21ab-3dbf-5646-ba1f-a513e3866c50, 8.6, 570.148.08, 73, 93, 92, 23028, 21029, 1571, 1080, 6251, 150.03, 150.00
1762642830,0, NVIDIA A10, GPU-359b21ab-3dbf-5646-ba1f-a513e3866c50, 8.6, 570.148.08, 73, 92, 91, 23028, 21029, 1571, 945, 6251, 148.48, 150.00
1762642831,0, NVIDIA A10, GPU-359b21ab-3dbf-5646-ba1f-a513e3866c50, 8.6, 570.148.08, 73, 92, 91, 23028, 21029, 1571, 1380, 6251, 147.34, 150.00
1762642832,0, NVIDIA A10, GPU-359b21ab-3dbf-5646-ba1f-a513e3866c50, 8.6, 570.148.08, 73, 93, 91, 23028, 21029, 1571, 1395, 6251, 149.40, 150.00
1762642833,0, NVIDIA A10, GPU-359b21ab-3dbf-5646-ba1f-a513e3866c50, 8.6, 570.148.08, 73, 93, 91, 23028, 21029, 1571, 1425, 6251, 149.72, 150.00
1762642834,0, NVIDIA A10, GPU-359b21ab-3dbf-5646-ba1f-a513e3866c50, 8.6, 570.148.08, 73, 94, 66, 23028, 21029, 1571, 1425, 6251, 150.05, 150.00
1762642835,0, NVIDIA A10, GPU-359b21ab-3dbf-5646-ba1f-a513e3866c50, 8.6, 570.148.08, 73, 92, 92, 23028, 21029, 1571, 1455, 6251, 147.89, 150.00
1762642836,0, NVIDIA A10, GPU-359b21ab-3dbf-5646-ba1f-a513e3866c50, 8.6, 570.148.08, 73, 92, 92, 23028, 21029, 1571, 1440, 6251, 148.23, 150.00
1762642837,0, NVIDIA A10, GPU-359b21ab-3dbf-5646-ba1f-a513e3866c50, 8.6, 570.148.08, 73, 93, 92, 23028, 21029, 1571, 1425, 6251, 148.63, 150.00
1762642838,0, NVIDIA A10, GPU-359b21ab-3dbf-5646-ba1f-a513e3866c50, 8.6, 570.148.08, 73, 92, 92, 23028, 21029, 1571, 1470, 6251, 146.10, 150.00
1762642839,0, NVIDIA A10, GPU-359b21ab-3dbf-5646-ba1f-a513e3866c50, 8.6, 570.148.08, 73, 93, 93, 23028, 21029, 1571, 1455, 6251, 148.90, 150.00
1762642840,0, NVIDIA A10, GPU-359b21ab-3dbf-5646-ba1f-a513e3866c50, 8.6, 570.148.08, 73, 92, 92, 23028, 21029, 1571, 1455, 6251, 149.72, 150.00
1762642841,0, NVIDIA A10, GPU-359b21ab-3dbf-5646-ba1f-a513e3866c50, 8.6, 570.148.08, 74, 96, 64, 23028, 21029, 1571, 1170, 6251, 146.74, 150.00
1762642842,0, NVIDIA A10, GPU-359b21ab-3dbf-5646-ba1f-a513e3866c50, 8.6, 570.148.08, 73, 92, 92, 23028, 21029, 1571, 1440, 6251, 148.62, 150.00
1762642843,0, NVIDIA A10, GPU-359b21ab-3dbf-5646-ba1f-a513e3866c50, 8.6, 570.148.08, 73, 92, 93, 23028, 21029, 1571, 1440, 6251, 151.56, 150.00
1762642844,0, NVIDIA A10, GPU-359b21ab-3dbf-5646-ba1f-a513e3866c50, 8.6, 570.148.08, 74, 92, 92, 23028, 21029, 1571, 1455, 6251, 150.03, 150.00
1762642845,0, NVIDIA A10, GPU-359b21ab-3dbf-5646-ba1f-a513e3866c50, 8.6, 570.148.08, 74, 93, 91, 23028, 21029, 1571, 1410, 6251, 150.21, 150.00
1762642847,0, NVIDIA A10, GPU-359b21ab-3dbf-5646-ba1f-a513e3866c50, 8.6, 570.148.08, 74, 92, 92, 23028, 21029, 1571, 1425, 6251, 151.09, 150.00
1762642848,0, NVIDIA A10, GPU-359b21ab-3dbf-5646-ba1f-a513e3866c50, 8.6, 570.148.08, 74, 93, 91, 23028, 21029, 1571, 1425, 6251, 149.64, 150.00
1762642849,0, NVIDIA A10, GPU-359b21ab-3dbf-5646-ba1f-a513e3866c50, 8.6, 570.148.08, 74, 95, 72, 23028, 21029, 1571, 1320, 6251, 153.02, 150.00
1762642850,0, NVIDIA A10, GPU-359b21ab-3dbf-5646-ba1f-a513e3866c50, 8.6, 570.148.08, 74, 92, 92, 23028, 21029, 1571, 1425, 6251, 146.51, 150.00
1762642851,0, NVIDIA A10, GPU-359b21ab-3dbf-5646-ba1f-a513e3866c50, 8.6, 570.148.08, 74, 93, 93, 23028, 21029, 1571, 1440, 6251, 149.82, 150.00
1762642852,0, NVIDIA A10, GPU-359b21ab-3dbf-5646-ba1f-a513e3866c50, 8.6, 570.148.08, 74, 92, 92, 23028, 21029, 1571, 1395, 6251, 148.55, 150.00
1762642853,0, NVIDIA A10, GPU-359b21ab-3dbf-5646-ba1f-a513e3866c50, 8.6, 570.148.08, 74, 93, 91, 23028, 21029, 1571, 1395, 6251, 151.21, 150.00
1762642854,0, NVIDIA A10, GPU-359b21ab-3dbf-5646-ba1f-a513e3866c50, 8.6, 570.148.08, 74, 94, 73, 23028, 21029, 1571, 1470, 6251, 150.20, 150.00
1762642855,0, NVIDIA A10, GPU-359b21ab-3dbf-5646-ba1f-a513e3866c50, 8.6, 570.148.08, 74, 93, 92, 23028, 21029, 1571, 1440, 6251, 150.58, 150.00
1762642856,0, NVIDIA A10, GPU-359b21ab-3dbf-5646-ba1f-a513e3866c50, 8.6, 570.148.08, 74, 93, 93, 23028, 21029, 1571, 1440, 6251, 148.85, 150.00
1762642857,0, NVIDIA A10, GPU-359b21ab-3dbf-5646-ba1f-a513e3866c50, 8.6, 570.148.08, 74, 93, 91, 23028, 21029, 1571, 1425, 6251, 148.72, 150.00
1762642858,0, NVIDIA A10, GPU-359b21ab-3dbf-5646-ba1f-a513e3866c50, 8.6, 570.148.08, 74, 92, 91, 23028, 21029, 1571, 1155, 6251, 148.00, 150.00
1762642859,0, NVIDIA A10, GPU-359b21ab-3dbf-5646-ba1f-a513e3866c50, 8.6, 570.148.08, 74, 93, 91, 23028, 21029, 1571, 1335, 6251, 147.49, 150.00
1762642860,0, NVIDIA A10, GPU-359b21ab-3dbf-5646-ba1f-a513e3866c50, 8.6, 570.148.08, 75, 92, 92, 23028, 21029, 1571, 1395, 6251, 147.39, 150.00
1762642861,0, NVIDIA A10, GPU-359b21ab-3dbf-5646-ba1f-a513e3866c50, 8.6, 570.148.08, 75, 92, 92, 23028, 21029, 1571, 1425, 6251, 149.11, 150.00
1762642862,0, NVIDIA A10, GPU-359b21ab-3dbf-5646-ba1f-a513e3866c50, 8.6, 570.148.08, 75, 93, 93, 23028, 21029, 1571, 1425, 6251, 148.23, 150.00
1762642863,0, NVIDIA A10, GPU-359b21ab-3dbf-5646-ba1f-a513e3866c50, 8.6, 570.148.08, 75, 92, 91, 23028, 21029, 1571, 1410, 6251, 150.79, 150.00
1762642864,0, NVIDIA A10, GPU-359b21ab-3dbf-5646-ba1f-a513e3866c50, 8.6, 570.148.08, 75, 92, 91, 23028, 21029, 1571, 1455, 6251, 147.63, 150.00
1762642865,0, NVIDIA A10, GPU-359b21ab-3dbf-5646-ba1f-a513e3866c50, 8.6, 570.148.08, 75, 92, 92, 23028, 21029, 1571, 1455, 6251, 148.35, 150.00
1762642866,0, NVIDIA A10, GPU-359b21ab-3dbf-5646-ba1f-a513e3866c50, 8.6, 570.148.08, 75, 93, 92, 23028, 21029, 1571, 1410, 6251, 150.28, 150.00
1762642867,0, NVIDIA A10, GPU-359b21ab-3dbf-5646-ba1f-a513e3866c50, 8.6, 570.148.08, 75, 92, 92, 23028, 21029, 1571, 1455, 6251, 148.56, 150.00
1762642868,0, NVIDIA A10, GPU-359b21ab-3dbf-5646-ba1f-a513e3866c50, 8.6, 570.148.08, 75, 93, 93, 23028, 21029, 1571, 1425, 6251, 151.72, 150.00
1762642869,0, NVIDIA A10, GPU-359b21ab-3dbf-5646-ba1f-a513e3866c50, 8.6, 570.148.08, 75, 92, 92, 23028, 21029, 1571, 1455, 6251, 149.90, 150.00
1762642870,0, NVIDIA A10, GPU-359b21ab-3dbf-5646-ba1f-a513e3866c50, 8.6, 570.148.08, 75, 92, 92, 23028, 21029, 1571, 1440, 6251, 148.26, 150.00
1762642871,0, NVIDIA A10, GPU-359b21ab-3dbf-5646-ba1f-a513e3866c50, 8.6, 570.148.08, 75, 93, 93, 23028, 21029, 1571, 1440, 6251, 150.05, 150.00
1762642872,0, NVIDIA A10, GPU-359b21ab-3dbf-5646-ba1f-a513e3866c50, 8.6, 570.148.08, 75, 93, 91, 23028, 21029, 1571, 1410, 6251, 149.10, 150.00
1762642873,0, NVIDIA A10, GPU-359b21ab-3dbf-5646-ba1f-a513e3866c50, 8.6, 570.148.08, 75, 92, 92, 23028, 21029, 1571, 1425, 6251, 148.00, 150.00
1762642874,0, NVIDIA A10, GPU-359b21ab-3dbf-5646-ba1f-a513e3866c50, 8.6, 570.148.08, 75, 93, 91, 23028, 21029, 1571, 1410, 6251, 149.76, 150.00
1762642875,0, NVIDIA A10, GPU-359b21ab-3dbf-5646-ba1f-a513e3866c50, 8.6, 570.148.08, 75, 92, 91, 23028, 21029, 1571, 1455, 6251, 148.76, 150.00
1762642876,0, NVIDIA A10, GPU-359b21ab-3dbf-5646-ba1f-a513e3866c50, 8.6, 570.148.08, 75, 93, 91, 23028, 21029, 1571, 1410, 6251, 149.86, 150.00
1762642877,0, NVIDIA A10, GPU-359b21ab-3dbf-5646-ba1f-a513e3866c50, 8.6, 570.148.08, 75, 92, 93, 23028, 21029, 1571, 1455, 6251, 148.04, 150.00
1762642878,0, NVIDIA A10, GPU-359b21ab-3dbf-5646-ba1f-a513e3866c50, 8.6, 570.148.08, 75, 93, 90, 23028, 21029, 1571, 1440, 6251, 147.31, 150.00
1762642879,0, NVIDIA A10, GPU-359b21ab-3dbf-5646-ba1f-a513e3866c50, 8.6, 570.148.08, 75, 92, 92, 23028, 21029, 1571, 1425, 6251, 152.06, 150.00
1762642881,0, NVIDIA A10, GPU-359b21ab-3dbf-5646-ba1f-a513e3866c50, 8.6, 570.148.08, 75, 93, 92, 23028, 21029, 1571, 1425, 6251, 150.15, 150.00
1762642882,0, NVIDIA A10, GPU-359b21ab-3dbf-5646-ba1f-a513e3866c50, 8.6, 570.148.08, 75, 93, 92, 23028, 21029, 1571, 1440, 6251, 152.24, 150.00
1762642883,0, NVIDIA A10, GPU-359b21ab-3dbf-5646-ba1f-a513e3866c50, 8.6, 570.148.08, 75, 92, 92, 23028, 21029, 1571, 1440, 6251, 147.77, 150.00
1762642884,0, NVIDIA A10, GPU-359b21ab-3dbf-5646-ba1f-a513e3866c50, 8.6, 570.148.08, 75, 93, 93, 23028, 21029, 1571, 1410, 6251, 147.61, 150.00
1762642885,0, NVIDIA A10, GPU-359b21ab-3dbf-5646-ba1f-a513e3866c50, 8.6, 570.148.08, 75, 92, 92, 23028, 21029, 1571, 1455, 6251, 152.05, 150.00
1762642886,0, NVIDIA A10, GPU-359b21ab-3dbf-5646-ba1f-a513e3866c50, 8.6, 570.148.08, 75, 92, 92, 23028, 21029, 1571, 1440, 6251, 150.88, 150.00
1762642887,0, NVIDIA A10, GPU-359b21ab-3dbf-5646-ba1f-a513e3866c50, 8.6, 570.148.08, 75, 92, 92, 23028, 21029, 1571, 1455, 6251, 148.52, 150.00
1762642888,0, NVIDIA A10, GPU-359b21ab-3dbf-5646-ba1f-a513e3866c50, 8.6, 570.148.08, 75, 92, 92, 23028, 21029, 1571, 1440, 6251, 152.15, 150.00
1762642889,0, NVIDIA A10, GPU-359b21ab-3dbf-5646-ba1f-a513e3866c50, 8.6, 570.148.08, 75, 93, 91, 23028, 21029, 1571, 1410, 6251, 150.23, 150.00
1762642890,0, NVIDIA A10, GPU-359b21ab-3dbf-5646-ba1f-a513e3866c50, 8.6, 570.148.08, 76, 93, 92, 23028, 21029, 1571, 1395, 6251, 151.34, 150.00
1762642891,0, NVIDIA A10, GPU-359b21ab-3dbf-5646-ba1f-a513e3866c50, 8.6, 570.148.08, 76, 92, 87, 23028, 21029, 1571, 855, 6251, 149.92, 150.00
1762642892,0, NVIDIA A10, GPU-359b21ab-3dbf-5646-ba1f-a513e3866c50, 8.6, 570.148.08, 76, 92, 92, 23028, 21029, 1571, 1395, 6251, 147.38, 150.00
1762642893,0, NVIDIA A10, GPU-359b21ab-3dbf-5646-ba1f-a513e3866c50, 8.6, 570.148.08, 76, 92, 92, 23028, 21029, 1571, 1440, 6251, 147.49, 150.00
1762642894,0, NVIDIA A10, GPU-359b21ab-3dbf-5646-ba1f-a513e3866c50, 8.6, 570.148.08, 76, 93, 92, 23028, 21029, 1571, 1425, 6251, 152.46, 150.00
1762642895,0, NVIDIA A10, GPU-359b21ab-3dbf-5646-ba1f-a513e3866c50, 8.6, 570.148.08, 76, 93, 92, 23028, 21029, 1571, 1410, 6251, 148.23, 150.00
1762642896,0, NVIDIA A10, GPU-359b21ab-3dbf-5646-ba1f-a513e3866c50, 8.6, 570.148.08, 76, 90, 88, 23028, 21029, 1571, 1065, 6251, 149.82, 150.00
1762642897,0, NVIDIA A10, GPU-359b21ab-3dbf-5646-ba1f-a513e3866c50, 8.6, 570.148.08, 76, 92, 92, 23028, 21029, 1571, 1440, 6251, 146.60, 150.00
1762642898,0, NVIDIA A10, GPU-359b21ab-3dbf-5646-ba1f-a513e3866c50, 8.6, 570.148.08, 76, 92, 92, 23028, 21029, 1571, 1440, 6251, 149.71, 150.00
1762642899,0, NVIDIA A10, GPU-359b21ab-3dbf-5646-ba1f-a513e3866c50, 8.6, 570.148.08, 76, 93, 91, 23028, 21029, 1571, 1410, 6251, 151.38, 150.00
1762642900,0, NVIDIA A10, GPU-359b21ab-3dbf-5646-ba1f-a513e3866c50, 8.6, 570.148.08, 76, 93, 93, 23028, 21029, 1571, 1425, 6251, 149.99, 150.00
1762642901,0, NVIDIA A10, GPU-359b21ab-3dbf-5646-ba1f-a513e3866c50, 8.6, 570.148.08, 76, 93, 91, 23028, 21029, 1571, 1410, 6251, 150.27, 150.00
1762642902,0, NVIDIA A10, GPU-359b21ab-3dbf-5646-ba1f-a513e3866c50, 8.6, 570.148.08, 77, 96, 67, 23028, 21029, 1571, 1170, 6251, 148.63, 150.00
1762642903,0, NVIDIA A10, GPU-359b21ab-3dbf-5646-ba1f-a513e3866c50, 8.6, 570.148.08, 76, 95, 64, 23028, 21029, 1571, 1215, 6251, 146.72, 150.00
1762642904,0, NVIDIA A10, GPU-359b21ab-3dbf-5646-ba1f-a513e3866c50, 8.6, 570.148.08, 76, 93, 92, 23028, 21029, 1571, 1410, 6251, 147.11, 150.00
1762642905,0, NVIDIA A10, GPU-359b21ab-3dbf-5646-ba1f-a513e3866c50, 8.6, 570.148.08, 76, 93, 91, 23028, 21029, 1571, 1380, 6251, 150.09, 150.00
1762642906,0, NVIDIA A10, GPU-359b21ab-3dbf-5646-ba1f-a513e3866c50, 8.6, 570.148.08, 76, 93, 91, 23028, 21029, 1571, 1410, 6251, 147.89, 150.00
1762642907,0, NVIDIA A10, GPU-359b21ab-3dbf-5646-ba1f-a513e3866c50, 8.6, 570.148.08, 76, 94, 62, 23028, 21029, 1571, 1380, 6251, 147.72, 150.00
1762642908,0, NVIDIA A10, GPU-359b21ab-3dbf-5646-ba1f-a513e3866c50, 8.6, 570.148.08, 76, 92, 92, 23028, 21029, 1571, 1440, 6251, 145.67, 150.00
1762642909,0, NVIDIA A10, GPU-359b21ab-3dbf-5646-ba1f-a513e3866c50, 8.6, 570.148.08, 76, 93, 93, 23028, 21029, 1571, 1440, 6251, 151.48, 150.00
1762642910,0, NVIDIA A10, GPU-359b21ab-3dbf-5646-ba1f-a513e3866c50, 8.6, 570.148.08, 77, 94, 80, 23028, 21029, 1571, 1080, 6251, 155.03, 150.00
1762642911,0, NVIDIA A10, GPU-359b21ab-3dbf-5646-ba1f-a513e3866c50, 8.6, 570.148.08, 76, 93, 85, 23028, 21029, 1571, 1425, 6251, 153.14, 150.00
1762642912,0, NVIDIA A10, GPU-359b21ab-3dbf-5646-ba1f-a513e3866c50, 8.6, 570.148.08, 76, 93, 91, 23028, 21029, 1571, 1395, 6251, 149.87, 150.00
1762642913,0, NVIDIA A10, GPU-359b21ab-3dbf-5646-ba1f-a513e3866c50, 8.6, 570.148.08, 76, 96, 66, 23028, 21029, 1571, 1380, 6251, 146.19, 150.00
1762642915,0, NVIDIA A10, GPU-359b21ab-3dbf-5646-ba1f-a513e3866c50, 8.6, 570.148.08, 76, 93, 91, 23028, 21029, 1571, 1380, 6251, 147.61, 150.00
1762642916,0, NVIDIA A10, GPU-359b21ab-3dbf-5646-ba1f-a513e3866c50, 8.6, 570.148.08, 76, 92, 92, 23028, 21029, 1571, 1425, 6251, 148.50, 150.00
1762642917,0, NVIDIA A10, GPU-359b21ab-3dbf-5646-ba1f-a513e3866c50, 8.6, 570.148.08, 76, 92, 92, 23028, 21029, 1571, 1440, 6251, 149.70, 150.00
1762642918,0, NVIDIA A10, GPU-359b21ab-3dbf-5646-ba1f-a513e3866c50, 8.6, 570.148.08, 76, 93, 93, 23028, 21029, 1571, 1410, 6251, 148.39, 150.00
1762642919,0, NVIDIA A10, GPU-359b21ab-3dbf-5646-ba1f-a513e3866c50, 8.6, 570.148.08, 76, 93, 92, 23028, 21029, 1571, 1380, 6251, 151.31, 150.00
1762642920,0, NVIDIA A10, GPU-359b21ab-3dbf-5646-ba1f-a513e3866c50, 8.6, 570.148.08, 76, 93, 91, 23028, 21029, 1571, 1380, 6251, 149.72, 150.00
1762642921,0, NVIDIA A10, GPU-359b21ab-3dbf-5646-ba1f-a513e3866c50, 8.6, 570.148.08, 76, 93, 92, 23028, 21029, 1571, 1425, 6251, 150.18, 150.00
1762642922,0, NVIDIA A10, GPU-359b21ab-3dbf-5646-ba1f-a513e3866c50, 8.6, 570.148.08, 76, 92, 91, 23028, 21029, 1571, 1380, 6251, 151.75, 150.00
1762642923,0, NVIDIA A10, GPU-359b21ab-3dbf-5646-ba1f-a513e3866c50, 8.6, 570.148.08, 76, 93, 93, 23028, 21029, 1571, 1440, 6251, 149.30, 150.00
1762642924,0, NVIDIA A10, GPU-359b21ab-3dbf-5646-ba1f-a513e3866c50, 8.6, 570.148.08, 76, 93, 91, 23028, 21029, 1571, 1410, 6251, 150.09, 150.00
1762642925,0, NVIDIA A10, GPU-359b21ab-3dbf-5646-ba1f-a513e3866c50, 8.6, 570.148.08, 76, 96, 65, 23028, 21029, 1571, 1425, 6251, 144.78, 150.00
1762642926,0, NVIDIA A10, GPU-359b21ab-3dbf-5646-ba1f-a513e3866c50, 8.6, 570.148.08, 76, 93, 91, 23028, 21029, 1571, 1380, 6251, 149.95, 150.00
1762642927,0, NVIDIA A10, GPU-359b21ab-3dbf-5646-ba1f-a513e3866c50, 8.6, 570.148.08, 76, 92, 92, 23028, 21029, 1571, 1425, 6251, 147.61, 150.00
1762642928,0, NVIDIA A10, GPU-359b21ab-3dbf-5646-ba1f-a513e3866c50, 8.6, 570.148.08, 76, 93, 91, 23028, 21029, 1571, 1410, 6251, 150.07, 150.00
1762642929,0, NVIDIA A10, GPU-359b21ab-3dbf-5646-ba1f-a513e3866c50, 8.6, 570.148.08, 76, 93, 91, 23028, 21029, 1571, 1380, 6251, 149.69, 150.00
1762642930,0, NVIDIA A10, GPU-359b21ab-3dbf-5646-ba1f-a513e3866c50, 8.6, 570.148.08, 76, 93, 91, 23028, 21029, 1571, 1380, 6251, 149.14, 150.00
1762642931,0, NVIDIA A10, GPU-359b21ab-3dbf-5646-ba1f-a513e3866c50, 8.6, 570.148.08, 76, 93, 91, 23028, 21029, 1571, 1410, 6251, 148.73, 150.00
1762642932,0, NVIDIA A10, GPU-359b21ab-3dbf-5646-ba1f-a513e3866c50, 8.6, 570.148.08, 76, 92, 92, 23028, 21029, 1571, 1440, 6251, 149.18, 150.00
1762642933,0, NVIDIA A10, GPU-359b21ab-3dbf-5646-ba1f-a513e3866c50, 8.6, 570.148.08, 76, 92, 92, 23028, 21029, 1571, 1395, 6251, 149.47, 150.00
1762642934,0, NVIDIA A10, GPU-359b21ab-3dbf-5646-ba1f-a513e3866c50, 8.6, 570.148.08, 76, 93, 93, 23028, 21029, 1571, 1425, 6251, 151.29, 150.00
1762642935,0, NVIDIA A10, GPU-359b21ab-3dbf-5646-ba1f-a513e3866c50, 8.6, 570.148.08, 76, 93, 91, 23028, 21029, 1571, 1380, 6251, 149.71, 150.00
1762642936,0, NVIDIA A10, GPU-359b21ab-3dbf-5646-ba1f-a513e3866c50, 8.6, 570.148.08, 76, 96, 65, 23028, 21029, 1571, 1260, 6251, 147.82, 150.00
1762642937,0, NVIDIA A10, GPU-359b21ab-3dbf-5646-ba1f-a513e3866c50, 8.6, 570.148.08, 76, 92, 92, 23028, 21029, 1571, 1410, 6251, 146.73, 150.00
1762642938,0, NVIDIA A10, GPU-359b21ab-3dbf-5646-ba1f-a513e3866c50, 8.6, 570.148.08, 76, 93, 91, 23028, 21029, 1571, 1380, 6251, 149.63, 150.00
1762642939,0, NVIDIA A10, GPU-359b21ab-3dbf-5646-ba1f-a513e3866c50, 8.6, 570.148.08, 76, 93, 92, 23028, 21029, 1571, 1395, 6251, 148.41, 150.00
1762642940,0, NVIDIA A10, GPU-359b21ab-3dbf-5646-ba1f-a513e3866c50, 8.6, 570.148.08, 76, 93, 91, 23028, 21029, 1571, 1365, 6251, 153.22, 150.00
1762642941,0, NVIDIA A10, GPU-359b21ab-3dbf-5646-ba1f-a513e3866c50, 8.6, 570.148.08, 76, 92, 92, 23028, 21029, 1571, 1410, 6251, 148.55, 150.00
1762642942,0, NVIDIA A10, GPU-359b21ab-3dbf-5646-ba1f-a513e3866c50, 8.6, 570.148.08, 77, 92, 92, 23028, 21029, 1571, 1440, 6251, 146.87, 150.00
1762642943,0, NVIDIA A10, GPU-359b21ab-3dbf-5646-ba1f-a513e3866c50, 8.6, 570.148.08, 77, 92, 92, 23028, 21029, 1571, 1440, 6251, 147.86, 150.00
1762642944,0, NVIDIA A10, GPU-359b21ab-3dbf-5646-ba1f-a513e3866c50, 8.6, 570.148.08, 76, 92, 92, 23028, 21029, 1571, 1410, 6251, 148.85, 150.00
1762642945,0, NVIDIA A10, GPU-359b21ab-3dbf-5646-ba1f-a513e3866c50, 8.6, 570.148.08, 76, 93, 93, 23028, 21029, 1571, 1410, 6251, 149.75, 150.00
1762642946,0, NVIDIA A10, GPU-359b21ab-3dbf-5646-ba1f-a513e3866c50, 8.6, 570.148.08, 76, 92, 92, 23028, 21029, 1571, 1365, 6251, 149.47, 150.00
1762642947,0, NVIDIA A10, GPU-359b21ab-3dbf-5646-ba1f-a513e3866c50, 8.6, 570.148.08, 76, 92, 90, 23028, 21029, 1571, 1440, 6251, 149.56, 150.00
1762642949,0, NVIDIA A10, GPU-359b21ab-3dbf-5646-ba1f-a513e3866c50, 8.6, 570.148.08, 77, 92, 92, 23028, 21029, 1571, 1395, 6251, 150.52, 150.00
1762642950,0, NVIDIA A10, GPU-359b21ab-3dbf-5646-ba1f-a513e3866c50, 8.6, 570.148.08, 76, 96, 64, 23028, 21029, 1571, 1035, 6251, 146.93, 150.00
1762642951,0, NVIDIA A10, GPU-359b21ab-3dbf-5646-ba1f-a513e3866c50, 8.6, 570.148.08, 76, 93, 91, 23028, 21029, 1571, 1380, 6251, 147.37, 150.00
1762642952,0, NVIDIA A10, GPU-359b21ab-3dbf-5646-ba1f-a513e3866c50, 8.6, 570.148.08, 76, 93, 91, 23028, 21029, 1571, 1380, 6251, 147.78, 150.00
1762642953,0, NVIDIA A10, GPU-359b21ab-3dbf-5646-ba1f-a513e3866c50, 8.6, 570.148.08, 77, 94, 81, 23028, 21029, 1571, 1395, 6251, 151.72, 150.00
1762642954,0, NVIDIA A10, GPU-359b21ab-3dbf-5646-ba1f-a513e3866c50, 8.6, 570.148.08, 77, 92, 92, 23028, 21029, 1571, 1425, 6251, 151.24, 150.00
1762642955,0, NVIDIA A10, GPU-359b21ab-3dbf-5646-ba1f-a513e3866c50, 8.6, 570.148.08, 77, 93, 91, 23028, 21029, 1571, 1380, 6251, 149.92, 150.00
1762642956,0, NVIDIA A10, GPU-359b21ab-3dbf-5646-ba1f-a513e3866c50, 8.6, 570.148.08, 77, 93, 92, 23028, 21029, 1571, 1395, 6251, 151.89, 150.00
1762642957,0, NVIDIA A10, GPU-359b21ab-3dbf-5646-ba1f-a513e3866c50, 8.6, 570.148.08, 77, 95, 68, 23028, 21029, 1571, 1155, 6251, 149.39, 150.00
1762642958,0, NVIDIA A10, GPU-359b21ab-3dbf-5646-ba1f-a513e3866c50, 8.6, 570.148.08, 76, 95, 66, 23028, 21029, 1571, 1425, 6251, 149.88, 150.00
1762642959,0, NVIDIA A10, GPU-359b21ab-3dbf-5646-ba1f-a513e3866c50, 8.6, 570.148.08, 77, 92, 91, 23028, 21029, 1571, 1425, 6251, 150.46, 150.00
1762642960,0, NVIDIA A10, GPU-359b21ab-3dbf-5646-ba1f-a513e3866c50, 8.6, 570.148.08, 77, 92, 92, 23028, 21029, 1571, 1425, 6251, 150.09, 150.00
1762642961,0, NVIDIA A10, GPU-359b21ab-3dbf-5646-ba1f-a513e3866c50, 8.6, 570.148.08, 77, 92, 92, 23028, 21029, 1571, 1410, 6251, 152.33, 150.00
1762642962,0, NVIDIA A10, GPU-359b21ab-3dbf-5646-ba1f-a513e3866c50, 8.6, 570.148.08, 77, 92, 92, 23028, 21029, 1571, 1425, 6251, 148.66, 150.00
1762642963,0, NVIDIA A10, GPU-359b21ab-3dbf-5646-ba1f-a513e3866c50, 8.6, 570.148.08, 77, 93, 91, 23028, 21029, 1571, 1395, 6251, 152.27, 150.00
1762642964,0, NVIDIA A10, GPU-359b21ab-3dbf-5646-ba1f-a513e3866c50, 8.6, 570.148.08, 77, 92, 92, 23028, 21029, 1571, 1440, 6251, 153.60, 150.00
1762642965,0, NVIDIA A10, GPU-359b21ab-3dbf-5646-ba1f-a513e3866c50, 8.6, 570.148.08, 77, 92, 92, 23028, 21029, 1571, 1425, 6251, 148.29, 150.00
1762642966,0, NVIDIA A10, GPU-359b21ab-3dbf-5646-ba1f-a513e3866c50, 8.6, 570.148.08, 77, 93, 92, 23028, 21029, 1571, 1440, 6251, 152.96, 150.00
1762642967,0, NVIDIA A10, GPU-359b21ab-3dbf-5646-ba1f-a513e3866c50, 8.6, 570.148.08, 77, 93, 91, 23028, 21029, 1571, 1410, 6251, 149.95, 150.00
1762642968,0, NVIDIA A10, GPU-359b21ab-3dbf-5646-ba1f-a513e3866c50, 8.6, 570.148.08, 77, 92, 92, 23028, 21029, 1571, 1395, 6251, 150.72, 150.00
1762642969,0, NVIDIA A10, GPU-359b21ab-3dbf-5646-ba1f-a513e3866c50, 8.6, 570.148.08, 77, 93, 91, 23028, 21029, 1571, 1380, 6251, 147.93, 150.00
1762642970,0, NVIDIA A10, GPU-359b21ab-3dbf-5646-ba1f-a513e3866c50, 8.6, 570.148.08, 77, 93, 91, 23028, 21029, 1571, 1440, 6251, 147.58, 150.00
1762642971,0, NVIDIA A10, GPU-359b21ab-3dbf-5646-ba1f-a513e3866c50, 8.6, 570.148.08, 77, 92, 90, 23028, 21029, 1571, 1440, 6251, 148.58, 150.00
1762642972,0, NVIDIA A10, GPU-359b21ab-3dbf-5646-ba1f-a513e3866c50, 8.6, 570.148.08, 77, 93, 91, 23028, 21029, 1571, 1380, 6251, 149.85, 150.00
1762642973,0, NVIDIA A10, GPU-359b21ab-3dbf-5646-ba1f-a513e3866c50, 8.6, 570.148.08, 77, 95, 75, 23028, 21029, 1571, 1410, 6251, 152.87, 150.00
1762642974,0, NVIDIA A10, GPU-359b21ab-3dbf-5646-ba1f-a513e3866c50, 8.6, 570.148.08, 77, 92, 92, 23028, 21029, 1571, 1410, 6251, 146.97, 150.00
1762642975,0, NVIDIA A10, GPU-359b21ab-3dbf-5646-ba1f-a513e3866c50, 8.6, 570.148.08, 77, 93, 91, 23028, 21029, 1571, 1425, 6251, 149.99, 150.00
1762642976,0, NVIDIA A10, GPU-359b21ab-3dbf-5646-ba1f-a513e3866c50, 8.6, 570.148.08, 77, 95, 71, 23028, 21029, 1571, 1275, 6251, 151.64, 150.00
1762642977,0, NVIDIA A10, GPU-359b21ab-3dbf-5646-ba1f-a513e3866c50, 8.6, 570.148.08, 77, 93, 90, 23028, 21029, 1571, 1380, 6251, 148.22, 150.00
1762642978,0, NVIDIA A10, GPU-359b21ab-3dbf-5646-ba1f-a513e3866c50, 8.6, 570.148.08, 77, 92, 92, 23028, 21029, 1571, 1410, 6251, 149.00, 150.00
1762642979,0, NVIDIA A10, GPU-359b21ab-3dbf-5646-ba1f-a513e3866c50, 8.6, 570.148.08, 77, 93, 92, 23028, 21029, 1571, 1425, 6251, 147.52, 150.00
1762642980,0, NVIDIA A10, GPU-359b21ab-3dbf-5646-ba1f-a513e3866c50, 8.6, 570.148.08, 77, 96, 67, 23028, 21029, 1571, 1155, 6251, 147.96, 150.00
1762642981,0, NVIDIA A10, GPU-359b21ab-3dbf-5646-ba1f-a513e3866c50, 8.6, 570.148.08, 77, 92, 92, 23028, 21029, 1571, 1410, 6251, 149.34, 150.00
1762642983,0, NVIDIA A10, GPU-359b21ab-3dbf-5646-ba1f-a513e3866c50, 8.6, 570.148.08, 77, 92, 92, 23028, 21029, 1571, 1425, 6251, 148.80, 150.00
1762642984,0, NVIDIA A10, GPU-359b21ab-3dbf-5646-ba1f-a513e3866c50, 8.6, 570.148.08, 77, 93, 92, 23028, 21029, 1571, 1380, 6251, 151.70, 150.00
1762642985,0, NVIDIA A10, GPU-359b21ab-3dbf-5646-ba1f-a513e3866c50, 8.6, 570.148.08, 77, 93, 91, 23028, 21029, 1571, 1365, 6251, 148.05, 150.00
1762642986,0, NVIDIA A10, GPU-359b21ab-3dbf-5646-ba1f-a513e3866c50, 8.6, 570.148.08, 77, 93, 91, 23028, 21029, 1571, 1335, 6251, 149.27, 150.00
1762642987,0, NVIDIA A10, GPU-359b21ab-3dbf-5646-ba1f-a513e3866c50, 8.6, 570.148.08, 77, 96, 65, 23028, 21029, 1571, 975, 6251, 146.96, 150.00
1762642988,0, NVIDIA A10, GPU-359b21ab-3dbf-5646-ba1f-a513e3866c50, 8.6, 570.148.08, 77, 92, 91, 23028, 21029, 1571, 1380, 6251, 147.17, 150.00
1762642989,0, NVIDIA A10, GPU-359b21ab-3dbf-5646-ba1f-a513e3866c50, 8.6, 570.148.08, 77, 92, 92, 23028, 21029, 1571, 1410, 6251, 149.50, 150.00
1762642990,0, NVIDIA A10, GPU-359b21ab-3dbf-5646-ba1f-a513e3866c50, 8.6, 570.148.08, 77, 93, 91, 23028, 21029, 1571, 1380, 6251, 149.96, 150.00
1762642991,0, NVIDIA A10, GPU-359b21ab-3dbf-5646-ba1f-a513e3866c50, 8.6, 570.148.08, 77, 93, 91, 23028, 21029, 1571, 1350, 6251, 149.56, 150.00
1762642992,0, NVIDIA A10, GPU-359b21ab-3dbf-5646-ba1f-a513e3866c50, 8.6, 570.148.08, 77, 93, 91, 23028, 21029, 1571, 1320, 6251, 149.10, 150.00
1762642993,0, NVIDIA A10, GPU-359b21ab-3dbf-5646-ba1f-a513e3866c50, 8.6, 570.148.08, 77, 92, 92, 23028, 21029, 1571, 1425, 6251, 148.69, 150.00
1762642994,0, NVIDIA A10, GPU-359b21ab-3dbf-5646-ba1f-a513e3866c50, 8.6, 570.148.08, 76, 33, 32, 23028, 21029, 1571, 1665, 6251, 143.65, 150.00
1762642995,0, NVIDIA A10, GPU-359b21ab-3dbf-5646-ba1f-a513e3866c50, 8.6, 570.148.08, 75, 0, 0, 23028, 21029, 1571, 1695, 6251, 87.16, 150.00
1762642996,0, NVIDIA A10, GPU-359b21ab-3dbf-5646-ba1f-a513e3866c50, 8.6, 570.148.08, 74, 100, 10, 23028, 3, 22596, 1695, 6251, 85.87, 150.00
1762642997,0, NVIDIA A10, GPU-359b21ab-3dbf-5646-ba1f-a513e3866c50, 8.6, 570.148.08, 73, 0, 0, 23028, 0, 22599, 1695, 6251, 82.18, 150.00
1762642998,0, NVIDIA A10, GPU-359b21ab-3dbf-5646-ba1f-a513e3866c50, 8.6, 570.148.08, 73, 0, 0, 23028, 0, 22599, 1695, 6251, 80.44, 150.00
1762642999,0, NVIDIA A10, GPU-359b21ab-3dbf-5646-ba1f-a513e3866c50, 8.6, 570.148.08, 71, 0, 0, 23028, 0, 22599, 270, 6251, 55.32, 150.00
1762643000,0, NVIDIA A10, GPU-359b21ab-3dbf-5646-ba1f-a513e3866c50, 8.6, 570.148.08, 70, 0, 0, 23028, 0, 22599, 210, 6251, 52.67, 150.00
1762643001,0, NVIDIA A10, GPU-359b21ab-3dbf-5646-ba1f-a513e3866c50, 8.6, 570.148.08, 69, 0, 0, 23028, 0, 22599, 210, 6251, 52.28, 150.00
1762643002,0, NVIDIA A10, GPU-359b21ab-3dbf-5646-ba1f-a513e3866c50, 8.6, 570.148.08, 69, 0, 0, 23028, 0, 22599, 210, 6251, 51.90, 150.00
1762643003,0, NVIDIA A10, GPU-359b21ab-3dbf-5646-ba1f-a513e3866c50, 8.6, 570.148.08, 69, 0, 0, 23028, 0, 22599, 210, 405, 35.42, 150.00
1762643004,0, NVIDIA A10, GPU-359b21ab-3dbf-5646-ba1f-a513e3866c50, 8.6, 570.148.08, 67, 0, 0, 23028, 0, 22599, 210, 405, 19.08, 150.00
1762643005,0, NVIDIA A10, GPU-359b21ab-3dbf-5646-ba1f-a513e3866c50, 8.6, 570.148.08, 66, 0, 0, 23028, 0, 22599, 210, 405, 19.04, 150.00
1762643006,0, NVIDIA A10, GPU-359b21ab-3dbf-5646-ba1f-a513e3866c50, 8.6, 570.148.08, 66, 0, 0, 23028, 0, 22599, 210, 405, 18.99, 150.00
1762643007,0, NVIDIA A10, GPU-359b21ab-3dbf-5646-ba1f-a513e3866c50, 8.6, 570.148.08, 65, 0, 0, 23028, 0, 22599, 210, 405, 18.89, 150.00
1762643008,0, NVIDIA A10, GPU-359b21ab-3dbf-5646-ba1f-a513e3866c50, 8.6, 570.148.08, 66, 0, 0, 23028, 327, 22273, 1695, 6251, 43.79, 150.00
1762643009,0, NVIDIA A10, GPU-359b21ab-3dbf-5646-ba1f-a513e3866c50, 8.6, 570.148.08, 66, 0, 0, 23028, 3219, 19381, 1695, 6251, 73.53, 150.00
1762643010,0, NVIDIA A10, GPU-359b21ab-3dbf-5646-ba1f-a513e3866c50, 8.6, 570.148.08, 66, 0, 0, 23028, 2717, 19883, 1695, 6251, 72.55, 150.00
1762643011,0, NVIDIA A10, GPU-359b21ab-3dbf-5646-ba1f-a513e3866c50, 8.6, 570.148.08, 66, 0, 0, 23028, 2717, 19883, 1695, 6251, 72.55, 150.00
1762643012,0, NVIDIA A10, GPU-359b21ab-3dbf-5646-ba1f-a513e3866c50, 8.6, 570.148.08, 66, 0, 0, 23028, 2717, 19883, 1695, 6251, 72.30, 150.00
1762643013,0, NVIDIA A10, GPU-359b21ab-3dbf-5646-ba1f-a513e3866c50, 8.6, 570.148.08, 65, 0, 0, 23028, 2717, 19883, 1695, 6251, 72.78, 150.00
1762643014,0, NVIDIA A10, GPU-359b21ab-3dbf-5646-ba1f-a513e3866c50, 8.6, 570.148.08, 66, 8, 9, 23028, 4291, 18309, 1680, 6251, 86.10, 150.00
1762643015,0, NVIDIA A10, GPU-359b21ab-3dbf-5646-ba1f-a513e3866c50, 8.6, 570.148.08, 67, 63, 40, 23028, 19575, 3025, 1440, 6251, 81.83, 150.00
1762643016,0, NVIDIA A10, GPU-359b21ab-3dbf-5646-ba1f-a513e3866c50, 8.6, 570.148.08, 68, 37, 36, 23028, 19713, 2887, 1680, 6251, 130.37, 150.00
1762643017,0, NVIDIA A10, GPU-359b21ab-3dbf-5646-ba1f-a513e3866c50, 8.6, 570.148.08, 67, 3, 3, 23028, 21029, 1571, 1695, 6251, 116.85, 150.00
1762643018,0, NVIDIA A10, GPU-359b21ab-3dbf-5646-ba1f-a513e3866c50, 8.6, 570.148.08, 66, 0, 0, 23028, 21029, 1571, 1695, 6251, 72.24, 150.00
1762643019,0, NVIDIA A10, GPU-359b21ab-3dbf-5646-ba1f-a513e3866c50, 8.6, 570.148.08, 65, 0, 0, 23028, 21029, 1571, 1695, 6251, 71.77, 150.00
1762643020,0, NVIDIA A10, GPU-359b21ab-3dbf-5646-ba1f-a513e3866c50, 8.6, 570.148.08, 65, 0, 0, 23028, 21029, 1571, 1695, 6251, 71.52, 150.00
1762643022,0, NVIDIA A10, GPU-359b21ab-3dbf-5646-ba1f-a513e3866c50, 8.6, 570.148.08, 65, 0, 0, 23028, 21029, 1571, 1695, 6251, 71.37, 150.00
1762643023,0, NVIDIA A10, GPU-359b21ab-3dbf-5646-ba1f-a513e3866c50, 8.6, 570.148.08, 65, 0, 0, 23028, 21029, 1571, 1695, 6251, 71.17, 150.00
1762643024,0, NVIDIA A10, GPU-359b21ab-3dbf-5646-ba1f-a513e3866c50, 8.6, 570.148.08, 64, 0, 0, 23028, 21029, 1571, 1695, 6251, 70.83, 150.00
1762643025,0, NVIDIA A10, GPU-359b21ab-3dbf-5646-ba1f-a513e3866c50, 8.6, 570.148.08, 64, 0, 0, 23028, 21029, 1571, 1695, 6251, 70.81, 150.00
1762643026,0, NVIDIA A10, GPU-359b21ab-3dbf-5646-ba1f-a513e3866c50, 8.6, 570.148.08, 64, 0, 0, 23028, 21029, 1571, 1695, 6251, 70.61, 150.00
1762643027,0, NVIDIA A10, GPU-359b21ab-3dbf-5646-ba1f-a513e3866c50, 8.6, 570.148.08, 64, 0, 0, 23028, 21029, 1571, 1695, 6251, 70.43, 150.00
1762643028,0, NVIDIA A10, GPU-359b21ab-3dbf-5646-ba1f-a513e3866c50, 8.6, 570.148.08, 65, 96, 56, 23028, 21029, 1571, 1425, 6251, 87.39, 150.00
1762643029,0, NVIDIA A10, GPU-359b21ab-3dbf-5646-ba1f-a513e3866c50, 8.6, 570.148.08, 67, 92, 92, 23028, 21029, 1571, 1470, 6251, 149.25, 150.00
1762643030,0, NVIDIA A10, GPU-359b21ab-3dbf-5646-ba1f-a513e3866c50, 8.6, 570.148.08, 67, 91, 91, 23028, 21029, 1571, 1515, 6251, 149.53, 150.00
1762643031,0, NVIDIA A10, GPU-359b21ab-3dbf-5646-ba1f-a513e3866c50, 8.6, 570.148.08, 68, 94, 76, 23028, 21029, 1571, 1050, 6251, 153.17, 150.00
1762643032,0, NVIDIA A10, GPU-359b21ab-3dbf-5646-ba1f-a513e3866c50, 8.6, 570.148.08, 68, 92, 92, 23028, 21029, 1571, 1395, 6251, 151.06, 150.00
1762643033,0, NVIDIA A10, GPU-359b21ab-3dbf-5646-ba1f-a513e3866c50, 8.6, 570.148.08, 68, 95, 64, 23028, 21029, 1571, 1500, 6251, 147.57, 150.00
1762643034,0, NVIDIA A10, GPU-359b21ab-3dbf-5646-ba1f-a513e3866c50, 8.6, 570.148.08, 68, 93, 79, 23028, 21029, 1571, 1485, 6251, 147.87, 150.00
1762643035,0, NVIDIA A10, GPU-359b21ab-3dbf-5646-ba1f-a513e3866c50, 8.6, 570.148.08, 69, 93, 92, 23028, 21029, 1571, 1455, 6251, 148.99, 150.00
1762643036,0, NVIDIA A10, GPU-359b21ab-3dbf-5646-ba1f-a513e3866c50, 8.6, 570.148.08, 69, 92, 85, 23028, 21029, 1571, 1515, 6251, 148.06, 150.00
1762643037,0, NVIDIA A10, GPU-359b21ab-3dbf-5646-ba1f-a513e3866c50, 8.6, 570.148.08, 69, 93, 92, 23028, 21029, 1571, 1410, 6251, 150.76, 150.00
1762643038,0, NVIDIA A10, GPU-359b21ab-3dbf-5646-ba1f-a513e3866c50, 8.6, 570.148.08, 69, 92, 91, 23028, 21029, 1571, 1470, 6251, 151.01, 150.00
1762643039,0, NVIDIA A10, GPU-359b21ab-3dbf-5646-ba1f-a513e3866c50, 8.6, 570.148.08, 70, 92, 93, 23028, 21029, 1571, 1500, 6251, 151.07, 150.00
1762643040,0, NVIDIA A10, GPU-359b21ab-3dbf-5646-ba1f-a513e3866c50, 8.6, 570.148.08, 70, 92, 92, 23028, 21029, 1571, 1455, 6251, 150.09, 150.00
1762643041,0, NVIDIA A10, GPU-359b21ab-3dbf-5646-ba1f-a513e3866c50, 8.6, 570.148.08, 70, 92, 93, 23028, 21029, 1571, 1500, 6251, 150.61, 150.00
1762643042,0, NVIDIA A10, GPU-359b21ab-3dbf-5646-ba1f-a513e3866c50, 8.6, 570.148.08, 70, 92, 92, 23028, 21029, 1571, 1485, 6251, 148.87, 150.00
1762643043,0, NVIDIA A10, GPU-359b21ab-3dbf-5646-ba1f-a513e3866c50, 8.6, 570.148.08, 70, 92, 93, 23028, 21029, 1571, 1485, 6251, 148.93, 150.00
1762643044,0, NVIDIA A10, GPU-359b21ab-3dbf-5646-ba1f-a513e3866c50, 8.6, 570.148.08, 70, 91, 92, 23028, 21029, 1571, 1500, 6251, 147.91, 150.00
1762643045,0, NVIDIA A10, GPU-359b21ab-3dbf-5646-ba1f-a513e3866c50, 8.6, 570.148.08, 70, 93, 92, 23028, 21029, 1571, 1260, 6251, 148.64, 150.00
1762643046,0, NVIDIA A10, GPU-359b21ab-3dbf-5646-ba1f-a513e3866c50, 8.6, 570.148.08, 71, 93, 93, 23028, 21029, 1571, 1455, 6251, 147.26, 150.00
1762643047,0, NVIDIA A10, GPU-359b21ab-3dbf-5646-ba1f-a513e3866c50, 8.6, 570.148.08, 71, 92, 92, 23028, 21029, 1571, 1485, 6251, 148.22, 150.00
1762643048,0, NVIDIA A10, GPU-359b21ab-3dbf-5646-ba1f-a513e3866c50, 8.6, 570.148.08, 71, 93, 92, 23028, 21029, 1571, 1455, 6251, 149.49, 150.00
1762643049,0, NVIDIA A10, GPU-359b21ab-3dbf-5646-ba1f-a513e3866c50, 8.6, 570.148.08, 71, 92, 92, 23028, 21029, 1571, 1455, 6251, 147.60, 150.00
1762643050,0, NVIDIA A10, GPU-359b21ab-3dbf-5646-ba1f-a513e3866c50, 8.6, 570.148.08, 71, 91, 91, 23028, 21029, 1571, 1485, 6251, 147.71, 150.00
1762643051,0, NVIDIA A10, GPU-359b21ab-3dbf-5646-ba1f-a513e3866c50, 8.6, 570.148.08, 71, 93, 92, 23028, 21029, 1571, 1440, 6251, 149.82, 150.00
1762643052,0, NVIDIA A10, GPU-359b21ab-3dbf-5646-ba1f-a513e3866c50, 8.6, 570.148.08, 71, 91, 91, 23028, 21029, 1571, 1485, 6251, 153.80, 150.00
1762643053,0, NVIDIA A10, GPU-359b21ab-3dbf-5646-ba1f-a513e3866c50, 8.6, 570.148.08, 71, 92, 91, 23028, 21029, 1571, 1485, 6251, 147.15, 150.00
1762643054,0, NVIDIA A10, GPU-359b21ab-3dbf-5646-ba1f-a513e3866c50, 8.6, 570.148.08, 72, 92, 93, 23028, 21029, 1571, 1485, 6251, 150.18, 150.00
1762643055,0, NVIDIA A10, GPU-359b21ab-3dbf-5646-ba1f-a513e3866c50, 8.6, 570.148.08, 72, 92, 91, 23028, 21029, 1571, 1485, 6251, 148.16, 150.00
1762643056,0, NVIDIA A10, GPU-359b21ab-3dbf-5646-ba1f-a513e3866c50, 8.6, 570.148.08, 72, 91, 91, 23028, 21029, 1571, 1485, 6251, 153.45, 150.00
1762643057,0, NVIDIA A10, GPU-359b21ab-3dbf-5646-ba1f-a513e3866c50, 8.6, 570.148.08, 72, 92, 92, 23028, 21029, 1571, 1485, 6251, 150.16, 150.00
1762643059,0, NVIDIA A10, GPU-359b21ab-3dbf-5646-ba1f-a513e3866c50, 8.6, 570.148.08, 72, 92, 91, 23028, 21029, 1571, 1485, 6251, 149.26, 150.00
1762643060,0, NVIDIA A10, GPU-359b21ab-3dbf-5646-ba1f-a513e3866c50, 8.6, 570.148.08, 72, 92, 92, 23028, 21029, 1571, 1470, 6251, 153.92, 150.00
1762643061,0, NVIDIA A10, GPU-359b21ab-3dbf-5646-ba1f-a513e3866c50, 8.6, 570.148.08, 72, 92, 92, 23028, 21029, 1571, 1440, 6251, 148.72, 150.00
1762643062,0, NVIDIA A10, GPU-359b21ab-3dbf-5646-ba1f-a513e3866c50, 8.6, 570.148.08, 72, 92, 92, 23028, 21029, 1571, 1440, 6251, 149.13, 150.00
1762643063,0, NVIDIA A10, GPU-359b21ab-3dbf-5646-ba1f-a513e3866c50, 8.6, 570.148.08, 72, 97, 55, 23028, 21029, 1571, 1230, 6251, 147.08, 150.00
1762643064,0, NVIDIA A10, GPU-359b21ab-3dbf-5646-ba1f-a513e3866c50, 8.6, 570.148.08, 72, 93, 91, 23028, 21029, 1571, 975, 6251, 147.72, 150.00
1762643065,0, NVIDIA A10, GPU-359b21ab-3dbf-5646-ba1f-a513e3866c50, 8.6, 570.148.08, 73, 93, 91, 23028, 21029, 1571, 1335, 6251, 148.28, 150.00
1762643066,0, NVIDIA A10, GPU-359b21ab-3dbf-5646-ba1f-a513e3866c50, 8.6, 570.148.08, 72, 95, 69, 23028, 21029, 1571, 1440, 6251, 146.53, 150.00
1762643067,0, NVIDIA A10, GPU-359b21ab-3dbf-5646-ba1f-a513e3866c50, 8.6, 570.148.08, 72, 93, 91, 23028, 21029, 1571, 1395, 6251, 147.75, 150.00
1762643068,0, NVIDIA A10, GPU-359b21ab-3dbf-5646-ba1f-a513e3866c50, 8.6, 570.148.08, 73, 92, 84, 23028, 21029, 1571, 1200, 6251, 151.58, 150.00
1762643069,0, NVIDIA A10, GPU-359b21ab-3dbf-5646-ba1f-a513e3866c50, 8.6, 570.148.08, 73, 92, 92, 23028, 21029, 1571, 1425, 6251, 151.96, 150.00
1762643070,0, NVIDIA A10, GPU-359b21ab-3dbf-5646-ba1f-a513e3866c50, 8.6, 570.148.08, 73, 92, 91, 23028, 21029, 1571, 1455, 6251, 148.27, 150.00
1762643071,0, NVIDIA A10, GPU-359b21ab-3dbf-5646-ba1f-a513e3866c50, 8.6, 570.148.08, 73, 90, 86, 23028, 21029, 1571, 1065, 6251, 149.83, 150.00
1762643072,0, NVIDIA A10, GPU-359b21ab-3dbf-5646-ba1f-a513e3866c50, 8.6, 570.148.08, 73, 92, 86, 23028, 21029, 1571, 1245, 6251, 149.22, 150.00
1762643073,0, NVIDIA A10, GPU-359b21ab-3dbf-5646-ba1f-a513e3866c50, 8.6, 570.148.08, 73, 91, 92, 23028, 21029, 1571, 1365, 6251, 147.98, 150.00
1762643074,0, NVIDIA A10, GPU-359b21ab-3dbf-5646-ba1f-a513e3866c50, 8.6, 570.148.08, 73, 97, 47, 23028, 21029, 1571, 1245, 6251, 148.77, 150.00
1762643075,0, NVIDIA A10, GPU-359b21ab-3dbf-5646-ba1f-a513e3866c50, 8.6, 570.148.08, 73, 93, 91, 23028, 21029, 1571, 1380, 6251, 147.97, 150.00
1762643076,0, NVIDIA A10, GPU-359b21ab-3dbf-5646-ba1f-a513e3866c50, 8.6, 570.148.08, 73, 91, 91, 23028, 21029, 1571, 1455, 6251, 146.82, 150.00
1762643077,0, NVIDIA A10, GPU-359b21ab-3dbf-5646-ba1f-a513e3866c50, 8.6, 570.148.08, 73, 93, 92, 23028, 21029, 1571, 1455, 6251, 154.30, 150.00
1762643078,0, NVIDIA A10, GPU-359b21ab-3dbf-5646-ba1f-a513e3866c50, 8.6, 570.148.08, 74, 93, 92, 23028, 21029, 1571, 1455, 6251, 148.85, 150.00
1762643079,0, NVIDIA A10, GPU-359b21ab-3dbf-5646-ba1f-a513e3866c50, 8.6, 570.148.08, 74, 93, 92, 23028, 21029, 1571, 1440, 6251, 149.84, 150.00
1762643080,0, NVIDIA A10, GPU-359b21ab-3dbf-5646-ba1f-a513e3866c50, 8.6, 570.148.08, 74, 93, 92, 23028, 21029, 1571, 1455, 6251, 149.26, 150.00
1762643081,0, NVIDIA A10, GPU-359b21ab-3dbf-5646-ba1f-a513e3866c50, 8.6, 570.148.08, 74, 92, 91, 23028, 21029, 1571, 1455, 6251, 151.04, 150.00
1762643082,0, NVIDIA A10, GPU-359b21ab-3dbf-5646-ba1f-a513e3866c50, 8.6, 570.148.08, 74, 93, 92, 23028, 21029, 1571, 1410, 6251, 149.85, 150.00
1762643083,0, NVIDIA A10, GPU-359b21ab-3dbf-5646-ba1f-a513e3866c50, 8.6, 570.148.08, 74, 92, 92, 23028, 21029, 1571, 1380, 6251, 154.06, 150.00
1762643084,0, NVIDIA A10, GPU-359b21ab-3dbf-5646-ba1f-a513e3866c50, 8.6, 570.148.08, 74, 92, 91, 23028, 21029, 1571, 1470, 6251, 148.12, 150.00
1762643085,0, NVIDIA A10, GPU-359b21ab-3dbf-5646-ba1f-a513e3866c50, 8.6, 570.148.08, 74, 92, 91, 23028, 21029, 1571, 1455, 6251, 147.80, 150.00
1762643086,0, NVIDIA A10, GPU-359b21ab-3dbf-5646-ba1f-a513e3866c50, 8.6, 570.148.08, 74, 91, 90, 23028, 21029, 1571, 1455, 6251, 147.79, 150.00
1762643087,0, NVIDIA A10, GPU-359b21ab-3dbf-5646-ba1f-a513e3866c50, 8.6, 570.148.08, 74, 97, 53, 23028, 21029, 1571, 1230, 6251, 149.99, 150.00
1762643088,0, NVIDIA A10, GPU-359b21ab-3dbf-5646-ba1f-a513e3866c50, 8.6, 570.148.08, 74, 97, 52, 23028, 21029, 1571, 1245, 6251, 146.43, 150.00
1762643089,0, NVIDIA A10, GPU-359b21ab-3dbf-5646-ba1f-a513e3866c50, 8.6, 570.148.08, 74, 93, 91, 23028, 21029, 1571, 1365, 6251, 148.34, 150.00
1762643090,0, NVIDIA A10, GPU-359b21ab-3dbf-5646-ba1f-a513e3866c50, 8.6, 570.148.08, 74, 91, 89, 23028, 21029, 1571, 1470, 6251, 149.18, 150.00
1762643091,0, NVIDIA A10, GPU-359b21ab-3dbf-5646-ba1f-a513e3866c50, 8.6, 570.148.08, 74, 92, 92, 23028, 21029, 1571, 1395, 6251, 149.82, 150.00
1762643092,0, NVIDIA A10, GPU-359b21ab-3dbf-5646-ba1f-a513e3866c50, 8.6, 570.148.08, 75, 92, 91, 23028, 21029, 1571, 1440, 6251, 149.23, 150.00
1762643094,0, NVIDIA A10, GPU-359b21ab-3dbf-5646-ba1f-a513e3866c50, 8.6, 570.148.08, 74, 93, 91, 23028, 21029, 1571, 1410, 6251, 149.94, 150.00
1762643095,0, NVIDIA A10, GPU-359b21ab-3dbf-5646-ba1f-a513e3866c50, 8.6, 570.148.08, 75, 91, 91, 23028, 21029, 1571, 1440, 6251, 148.00, 150.00
1762643096,0, NVIDIA A10, GPU-359b21ab-3dbf-5646-ba1f-a513e3866c50, 8.6, 570.148.08, 75, 92, 92, 23028, 21029, 1571, 1440, 6251, 150.48, 150.00
1762643097,0, NVIDIA A10, GPU-359b21ab-3dbf-5646-ba1f-a513e3866c50, 8.6, 570.148.08, 75, 92, 91, 23028, 21029, 1571, 1455, 6251, 150.74, 150.00
1762643098,0, NVIDIA A10, GPU-359b21ab-3dbf-5646-ba1f-a513e3866c50, 8.6, 570.148.08, 75, 92, 91, 23028, 21029, 1571, 1455, 6251, 147.79, 150.00
1762643099,0, NVIDIA A10, GPU-359b21ab-3dbf-5646-ba1f-a513e3866c50, 8.6, 570.148.08, 75, 92, 91, 23028, 21029, 1571, 1440, 6251, 147.65, 150.00
1762643100,0, NVIDIA A10, GPU-359b21ab-3dbf-5646-ba1f-a513e3866c50, 8.6, 570.148.08, 75, 93, 91, 23028, 21029, 1571, 1410, 6251, 149.67, 150.00
1762643101,0, NVIDIA A10, GPU-359b21ab-3dbf-5646-ba1f-a513e3866c50, 8.6, 570.148.08, 75, 92, 91, 23028, 21029, 1571, 1455, 6251, 148.45, 150.00
1762643102,0, NVIDIA A10, GPU-359b21ab-3dbf-5646-ba1f-a513e3866c50, 8.6, 570.148.08, 75, 92, 92, 23028, 21029, 1571, 1440, 6251, 152.01, 150.00
1762643103,0, NVIDIA A10, GPU-359b21ab-3dbf-5646-ba1f-a513e3866c50, 8.6, 570.148.08, 75, 92, 92, 23028, 21029, 1571, 1440, 6251, 148.82, 150.00
1762643104,0, NVIDIA A10, GPU-359b21ab-3dbf-5646-ba1f-a513e3866c50, 8.6, 570.148.08, 75, 92, 91, 23028, 21029, 1571, 1455, 6251, 152.49, 150.00
1762643105,0, NVIDIA A10, GPU-359b21ab-3dbf-5646-ba1f-a513e3866c50, 8.6, 570.148.08, 75, 92, 91, 23028, 21029, 1571, 1455, 6251, 148.21, 150.00
1762643106,0, NVIDIA A10, GPU-359b21ab-3dbf-5646-ba1f-a513e3866c50, 8.6, 570.148.08, 75, 93, 93, 23028, 21029, 1571, 1440, 6251, 150.29, 150.00
1762643107,0, NVIDIA A10, GPU-359b21ab-3dbf-5646-ba1f-a513e3866c50, 8.6, 570.148.08, 75, 100, 44, 23028, 21029, 1571, 1350, 6251, 147.32, 150.00
1762643108,0, NVIDIA A10, GPU-359b21ab-3dbf-5646-ba1f-a513e3866c50, 8.6, 570.148.08, 75, 93, 91, 23028, 21029, 1571, 1410, 6251, 149.65, 150.00
1762643109,0, NVIDIA A10, GPU-359b21ab-3dbf-5646-ba1f-a513e3866c50, 8.6, 570.148.08, 75, 91, 90, 23028, 21029, 1571, 1455, 6251, 150.25, 150.00
1762643110,0, NVIDIA A10, GPU-359b21ab-3dbf-5646-ba1f-a513e3866c50, 8.6, 570.148.08, 75, 93, 92, 23028, 21029, 1571, 1425, 6251, 150.29, 150.00
1762643111,0, NVIDIA A10, GPU-359b21ab-3dbf-5646-ba1f-a513e3866c50, 8.6, 570.148.08, 75, 91, 90, 23028, 21029, 1571, 1455, 6251, 154.03, 150.00
1762643112,0, NVIDIA A10, GPU-359b21ab-3dbf-5646-ba1f-a513e3866c50, 8.6, 570.148.08, 75, 93, 91, 23028, 21029, 1571, 1410, 6251, 150.33, 150.00
1762643113,0, NVIDIA A10, GPU-359b21ab-3dbf-5646-ba1f-a513e3866c50, 8.6, 570.148.08, 75, 92, 91, 23028, 21029, 1571, 1440, 6251, 152.04, 150.00
1762643114,0, NVIDIA A10, GPU-359b21ab-3dbf-5646-ba1f-a513e3866c50, 8.6, 570.148.08, 75, 92, 92, 23028, 21029, 1571, 1440, 6251, 149.87, 150.00
1762643115,0, NVIDIA A10, GPU-359b21ab-3dbf-5646-ba1f-a513e3866c50, 8.6, 570.148.08, 75, 92, 92, 23028, 21029, 1571, 1425, 6251, 150.70, 150.00
1762643116,0, NVIDIA A10, GPU-359b21ab-3dbf-5646-ba1f-a513e3866c50, 8.6, 570.148.08, 75, 92, 90, 23028, 21029, 1571, 1455, 6251, 147.20, 150.00
1762643117,0, NVIDIA A10, GPU-359b21ab-3dbf-5646-ba1f-a513e3866c50, 8.6, 570.148.08, 75, 94, 79, 23028, 21029, 1571, 1050, 6251, 153.31, 150.00
1762643118,0, NVIDIA A10, GPU-359b21ab-3dbf-5646-ba1f-a513e3866c50, 8.6, 570.148.08, 75, 92, 92, 23028, 21029, 1571, 1335, 6251, 148.88, 150.00
1762643119,0, NVIDIA A10, GPU-359b21ab-3dbf-5646-ba1f-a513e3866c50, 8.6, 570.148.08, 75, 91, 88, 23028, 21029, 1571, 1440, 6251, 151.35, 150.00
1762643120,0, NVIDIA A10, GPU-359b21ab-3dbf-5646-ba1f-a513e3866c50, 8.6, 570.148.08, 75, 92, 91, 23028, 21029, 1571, 1440, 6251, 149.73, 150.00
1762643121,0, NVIDIA A10, GPU-359b21ab-3dbf-5646-ba1f-a513e3866c50, 8.6, 570.148.08, 75, 91, 90, 23028, 21029, 1571, 1440, 6251, 151.21, 150.00
1762643122,0, NVIDIA A10, GPU-359b21ab-3dbf-5646-ba1f-a513e3866c50, 8.6, 570.148.08, 75, 95, 68, 23028, 21029, 1571, 1380, 6251, 147.14, 150.00
1762643123,0, NVIDIA A10, GPU-359b21ab-3dbf-5646-ba1f-a513e3866c50, 8.6, 570.148.08, 75, 91, 89, 23028, 21029, 1571, 1425, 6251, 149.27, 150.00
1762643124,0, NVIDIA A10, GPU-359b21ab-3dbf-5646-ba1f-a513e3866c50, 8.6, 570.148.08, 75, 92, 90, 23028, 21029, 1571, 1440, 6251, 147.75, 150.00
1762643125,0, NVIDIA A10, GPU-359b21ab-3dbf-5646-ba1f-a513e3866c50, 8.6, 570.148.08, 75, 93, 92, 23028, 21029, 1571, 1425, 6251, 149.89, 150.00
1762643126,0, NVIDIA A10, GPU-359b21ab-3dbf-5646-ba1f-a513e3866c50, 8.6, 570.148.08, 75, 93, 77, 23028, 21029, 1571, 1440, 6251, 145.84, 150.00
1762643128,0, NVIDIA A10, GPU-359b21ab-3dbf-5646-ba1f-a513e3866c50, 8.6, 570.148.08, 75, 92, 91, 23028, 21029, 1571, 1440, 6251, 146.64, 150.00
1762643129,0, NVIDIA A10, GPU-359b21ab-3dbf-5646-ba1f-a513e3866c50, 8.6, 570.148.08, 76, 92, 91, 23028, 21029, 1571, 1440, 6251, 152.65, 150.00
1762643130,0, NVIDIA A10, GPU-359b21ab-3dbf-5646-ba1f-a513e3866c50, 8.6, 570.148.08, 76, 94, 69, 23028, 21029, 1571, 1080, 6251, 149.20, 150.00
1762643131,0, NVIDIA A10, GPU-359b21ab-3dbf-5646-ba1f-a513e3866c50, 8.6, 570.148.08, 76, 92, 89, 23028, 21029, 1571, 1410, 6251, 153.10, 150.00
1762643132,0, NVIDIA A10, GPU-359b21ab-3dbf-5646-ba1f-a513e3866c50, 8.6, 570.148.08, 76, 92, 86, 23028, 21029, 1571, 1035, 6251, 150.73, 150.00
1762643133,0, NVIDIA A10, GPU-359b21ab-3dbf-5646-ba1f-a513e3866c50, 8.6, 570.148.08, 76, 98, 48, 23028, 21029, 1571, 1005, 6251, 148.35, 150.00
1762643134,0, NVIDIA A10, GPU-359b21ab-3dbf-5646-ba1f-a513e3866c50, 8.6, 570.148.08, 76, 90, 85, 23028, 21029, 1571, 1065, 6251, 146.26, 150.00
1762643135,0, NVIDIA A10, GPU-359b21ab-3dbf-5646-ba1f-a513e3866c50, 8.6, 570.148.08, 76, 92, 91, 23028, 21029, 1571, 1290, 6251, 147.72, 150.00
1762643136,0, NVIDIA A10, GPU-359b21ab-3dbf-5646-ba1f-a513e3866c50, 8.6, 570.148.08, 76, 93, 91, 23028, 21029, 1571, 1020, 6251, 148.20, 150.00
1762643137,0, NVIDIA A10, GPU-359b21ab-3dbf-5646-ba1f-a513e3866c50, 8.6, 570.148.08, 76, 94, 74, 23028, 21029, 1571, 1335, 6251, 146.58, 150.00
1762643138,0, NVIDIA A10, GPU-359b21ab-3dbf-5646-ba1f-a513e3866c50, 8.6, 570.148.08, 75, 92, 90, 23028, 21029, 1571, 1365, 6251, 148.11, 150.00
1762643139,0, NVIDIA A10, GPU-359b21ab-3dbf-5646-ba1f-a513e3866c50, 8.6, 570.148.08, 76, 91, 90, 23028, 21029, 1571, 1425, 6251, 148.24, 150.00
1762643140,0, NVIDIA A10, GPU-359b21ab-3dbf-5646-ba1f-a513e3866c50, 8.6, 570.148.08, 76, 92, 91, 23028, 21029, 1571, 1395, 6251, 149.45, 150.00
1762643141,0, NVIDIA A10, GPU-359b21ab-3dbf-5646-ba1f-a513e3866c50, 8.6, 570.148.08, 76, 91, 90, 23028, 21029, 1571, 1440, 6251, 148.13, 150.00
1762643142,0, NVIDIA A10, GPU-359b21ab-3dbf-5646-ba1f-a513e3866c50, 8.6, 570.148.08, 76, 91, 90, 23028, 21029, 1571, 1455, 6251, 148.58, 150.00
1762643143,0, NVIDIA A10, GPU-359b21ab-3dbf-5646-ba1f-a513e3866c50, 8.6, 570.148.08, 76, 92, 92, 23028, 21029, 1571, 1425, 6251, 149.11, 150.00
1762643144,0, NVIDIA A10, GPU-359b21ab-3dbf-5646-ba1f-a513e3866c50, 8.6, 570.148.08, 76, 92, 92, 23028, 21029, 1571, 1440, 6251, 148.35, 150.00
1762643145,0, NVIDIA A10, GPU-359b21ab-3dbf-5646-ba1f-a513e3866c50, 8.6, 570.148.08, 76, 93, 91, 23028, 21029, 1571, 1410, 6251, 150.57, 150.00
1762643146,0, NVIDIA A10, GPU-359b21ab-3dbf-5646-ba1f-a513e3866c50, 8.6, 570.148.08, 76, 92, 71, 23028, 21029, 1571, 1065, 6251, 149.80, 150.00
1762643147,0, NVIDIA A10, GPU-359b21ab-3dbf-5646-ba1f-a513e3866c50, 8.6, 570.148.08, 76, 98, 44, 23028, 21029, 1571, 1065, 6251, 146.77, 150.00
1762643148,0, NVIDIA A10, GPU-359b21ab-3dbf-5646-ba1f-a513e3866c50, 8.6, 570.148.08, 76, 99, 40, 23028, 21029, 1571, 1260, 6251, 150.23, 150.00
1762643149,0, NVIDIA A10, GPU-359b21ab-3dbf-5646-ba1f-a513e3866c50, 8.6, 570.148.08, 76, 98, 42, 23028, 21029, 1571, 1290, 6251, 148.23, 150.00
1762643150,0, NVIDIA A10, GPU-359b21ab-3dbf-5646-ba1f-a513e3866c50, 8.6, 570.148.08, 76, 97, 52, 23028, 21029, 1571, 1245, 6251, 146.10, 150.00
1762643151,0, NVIDIA A10, GPU-359b21ab-3dbf-5646-ba1f-a513e3866c50, 8.6, 570.148.08, 76, 92, 88, 23028, 21029, 1571, 1050, 6251, 147.80, 150.00
1762643152,0, NVIDIA A10, GPU-359b21ab-3dbf-5646-ba1f-a513e3866c50, 8.6, 570.148.08, 76, 91, 88, 23028, 21029, 1571, 960, 6251, 147.85, 150.00
1762643153,0, NVIDIA A10, GPU-359b21ab-3dbf-5646-ba1f-a513e3866c50, 8.6, 570.148.08, 76, 93, 91, 23028, 21029, 1571, 1305, 6251, 148.54, 150.00
1762643154,0, NVIDIA A10, GPU-359b21ab-3dbf-5646-ba1f-a513e3866c50, 8.6, 570.148.08, 76, 92, 83, 23028, 21029, 1571, 1425, 6251, 149.07, 150.00
1762643155,0, NVIDIA A10, GPU-359b21ab-3dbf-5646-ba1f-a513e3866c50, 8.6, 570.148.08, 76, 92, 90, 23028, 21029, 1571, 1380, 6251, 149.61, 150.00
1762643156,0, NVIDIA A10, GPU-359b21ab-3dbf-5646-ba1f-a513e3866c50, 8.6, 570.148.08, 74, 0, 0, 23028, 21029, 1571, 1695, 6251, 126.39, 150.00
1762643157,0, NVIDIA A10, GPU-359b21ab-3dbf-5646-ba1f-a513e3866c50, 8.6, 570.148.08, 73, 0, 0, 23028, 21029, 1571, 1695, 6251, 88.29, 150.00
1762643158,0, NVIDIA A10, GPU-359b21ab-3dbf-5646-ba1f-a513e3866c50, 8.6, 570.148.08, 73, 0, 0, 23028, 3, 22596, 1695, 6251, 82.32, 150.00
