ts_unix,index,name,uuid,compute_cap,driver_version,temperature.gpu,utilization.gpu,utilization.memory,memory.total,memory.used,memory.free,clocks.sm,clocks.mem,power.draw,power.limit
1762635024,0, NVIDIA A10, GPU-359b21ab-3dbf-5646-ba1f-a513e3866c50, 8.6, 570.148.08, 34, 0, 0, 23028, 0, 22599, 210, 405, 15.72, 150.00
1762635025,0, NVIDIA A10, GPU-359b21ab-3dbf-5646-ba1f-a513e3866c50, 8.6, 570.148.08, 35, 0, 0, 23028, 0, 22599, 795, 6251, 40.21, 150.00
1762635026,0, NVIDIA A10, GPU-359b21ab-3dbf-5646-ba1f-a513e3866c50, 8.6, 570.148.08, 34, 0, 0, 23028, 0, 22599, 210, 405, 28.30, 150.00
1762635027,0, NVIDIA A10, GPU-359b21ab-3dbf-5646-ba1f-a513e3866c50, 8.6, 570.148.08, 34, 0, 0, 23028, 0, 22599, 210, 405, 15.96, 150.00
1762635028,0, NVIDIA A10, GPU-359b21ab-3dbf-5646-ba1f-a513e3866c50, 8.6, 570.148.08, 34, 0, 0, 23028, 0, 22599, 210, 405, 15.86, 150.00
1762635029,0, NVIDIA A10, GPU-359b21ab-3dbf-5646-ba1f-a513e3866c50, 8.6, 570.148.08, 34, 0, 0, 23028, 0, 22599, 210, 405, 17.40, 150.00
1762635030,0, NVIDIA A10, GPU-359b21ab-3dbf-5646-ba1f-a513e3866c50, 8.6, 570.148.08, 34, 0, 0, 23028, 0, 22599, 210, 405, 17.40, 150.00
1762635031,0, NVIDIA A10, GPU-359b21ab-3dbf-5646-ba1f-a513e3866c50, 8.6, 570.148.08, 34, 0, 0, 23028, 0, 22599, 210, 405, 15.86, 150.00
1762635032,0, NVIDIA A10, GPU-359b21ab-3dbf-5646-ba1f-a513e3866c50, 8.6, 570.148.08, 34, 0, 0, 23028, 0, 22599, 210, 405, 15.86, 150.00
1762635033,0, NVIDIA A10, GPU-359b21ab-3dbf-5646-ba1f-a513e3866c50, 8.6, 570.148.08, 34, 0, 0, 23028, 0, 22599, 210, 405, 15.86, 150.00
1762635034,0, NVIDIA A10, GPU-359b21ab-3dbf-5646-ba1f-a513e3866c50, 8.6, 570.148.08, 34, 0, 0, 23028, 0, 22599, 210, 405, 15.86, 150.00
1762635035,0, NVIDIA A10, GPU-359b21ab-3dbf-5646-ba1f-a513e3866c50, 8.6, 570.148.08, 34, 0, 0, 23028, 0, 22599, 210, 405, 15.86, 150.00
1762635036,0, NVIDIA A10, GPU-359b21ab-3dbf-5646-ba1f-a513e3866c50, 8.6, 570.148.08, 34, 0, 0, 23028, 0, 22599, 210, 405, 15.86, 150.00
1762635037,0, NVIDIA A10, GPU-359b21ab-3dbf-5646-ba1f-a513e3866c50, 8.6, 570.148.08, 34, 0, 0, 23028, 1, 22599, 210, 405, 15.86, 150.00
1762635038,0, NVIDIA A10, GPU-359b21ab-3dbf-5646-ba1f-a513e3866c50, 8.6, 570.148.08, 36, 0, 0, 23028, 3227, 19373, 1695, 6251, 43.47, 150.00
1762635039,0, NVIDIA A10, GPU-359b21ab-3dbf-5646-ba1f-a513e3866c50, 8.6, 570.148.08, 36, 0, 0, 23028, 2725, 19875, 1695, 6251, 56.72, 150.00
1762635040,0, NVIDIA A10, GPU-359b21ab-3dbf-5646-ba1f-a513e3866c50, 8.6, 570.148.08, 36, 0, 0, 23028, 2725, 19875, 1695, 6251, 56.06, 150.00
1762635041,0, NVIDIA A10, GPU-359b21ab-3dbf-5646-ba1f-a513e3866c50, 8.6, 570.148.08, 36, 0, 0, 23028, 2725, 19875, 1695, 6251, 56.10, 150.00
1762635042,0, NVIDIA A10, GPU-359b21ab-3dbf-5646-ba1f-a513e3866c50, 8.6, 570.148.08, 37, 0, 0, 23028, 2725, 19875, 1695, 6251, 56.26, 150.00
1762635043,0, NVIDIA A10, GPU-359b21ab-3dbf-5646-ba1f-a513e3866c50, 8.6, 570.148.08, 37, 0, 0, 23028, 2725, 19875, 1695, 6251, 56.45, 150.00
1762635044,0, NVIDIA A10, GPU-359b21ab-3dbf-5646-ba1f-a513e3866c50, 8.6, 570.148.08, 38, 39, 4, 23028, 2741, 19859, 1695, 6251, 75.46, 150.00
1762635045,0, NVIDIA A10, GPU-359b21ab-3dbf-5646-ba1f-a513e3866c50, 8.6, 570.148.08, 42, 52, 43, 23028, 19653, 2947, 1680, 6251, 126.89, 150.00
1762635047,0, NVIDIA A10, GPU-359b21ab-3dbf-5646-ba1f-a513e3866c50, 8.6, 570.148.08, 42, 47, 38, 23028, 19815, 2785, 1680, 6251, 115.69, 150.00
1762635048,0, NVIDIA A10, GPU-359b21ab-3dbf-5646-ba1f-a513e3866c50, 8.6, 570.148.08, 39, 0, 0, 23028, 21037, 1563, 1695, 6251, 64.94, 150.00
1762635049,0, NVIDIA A10, GPU-359b21ab-3dbf-5646-ba1f-a513e3866c50, 8.6, 570.148.08, 43, 92, 93, 23028, 21037, 1563, 1650, 6251, 100.18, 150.00
1762635050,0, NVIDIA A10, GPU-359b21ab-3dbf-5646-ba1f-a513e3866c50, 8.6, 570.148.08, 44, 93, 94, 23028, 21037, 1563, 1650, 6251, 147.93, 150.00
1762635051,0, NVIDIA A10, GPU-359b21ab-3dbf-5646-ba1f-a513e3866c50, 8.6, 570.148.08, 45, 92, 93, 23028, 21037, 1563, 1605, 6251, 148.28, 150.00
1762635052,0, NVIDIA A10, GPU-359b21ab-3dbf-5646-ba1f-a513e3866c50, 8.6, 570.148.08, 46, 92, 93, 23028, 21037, 1563, 1605, 6251, 147.71, 150.00
1762635053,0, NVIDIA A10, GPU-359b21ab-3dbf-5646-ba1f-a513e3866c50, 8.6, 570.148.08, 47, 92, 93, 23028, 21037, 1563, 1455, 6251, 148.18, 150.00
1762635054,0, NVIDIA A10, GPU-359b21ab-3dbf-5646-ba1f-a513e3866c50, 8.6, 570.148.08, 47, 92, 93, 23028, 21037, 1563, 1620, 6251, 145.27, 150.00
1762635055,0, NVIDIA A10, GPU-359b21ab-3dbf-5646-ba1f-a513e3866c50, 8.6, 570.148.08, 48, 92, 93, 23028, 21037, 1563, 1620, 6251, 152.47, 150.00
1762635056,0, NVIDIA A10, GPU-359b21ab-3dbf-5646-ba1f-a513e3866c50, 8.6, 570.148.08, 49, 93, 93, 23028, 21037, 1563, 1605, 6251, 155.11, 150.00
1762635057,0, NVIDIA A10, GPU-359b21ab-3dbf-5646-ba1f-a513e3866c50, 8.6, 570.148.08, 49, 93, 93, 23028, 21037, 1563, 1590, 6251, 153.86, 150.00
1762635058,0, NVIDIA A10, GPU-359b21ab-3dbf-5646-ba1f-a513e3866c50, 8.6, 570.148.08, 50, 93, 93, 23028, 21037, 1563, 1575, 6251, 150.67, 150.00
1762635059,0, NVIDIA A10, GPU-359b21ab-3dbf-5646-ba1f-a513e3866c50, 8.6, 570.148.08, 50, 93, 93, 23028, 21037, 1563, 1260, 6251, 148.57, 150.00
1762635060,0, NVIDIA A10, GPU-359b21ab-3dbf-5646-ba1f-a513e3866c50, 8.6, 570.148.08, 51, 92, 91, 23028, 21037, 1563, 1560, 6251, 145.31, 150.00
1762635061,0, NVIDIA A10, GPU-359b21ab-3dbf-5646-ba1f-a513e3866c50, 8.6, 570.148.08, 51, 92, 93, 23028, 21037, 1563, 1590, 6251, 147.64, 150.00
1762635062,0, NVIDIA A10, GPU-359b21ab-3dbf-5646-ba1f-a513e3866c50, 8.6, 570.148.08, 52, 92, 93, 23028, 21037, 1563, 1590, 6251, 147.56, 150.00
1762635063,0, NVIDIA A10, GPU-359b21ab-3dbf-5646-ba1f-a513e3866c50, 8.6, 570.148.08, 52, 92, 93, 23028, 21037, 1563, 1605, 6251, 148.23, 150.00
1762635064,0, NVIDIA A10, GPU-359b21ab-3dbf-5646-ba1f-a513e3866c50, 8.6, 570.148.08, 53, 92, 93, 23028, 21037, 1563, 1575, 6251, 148.72, 150.00
1762635065,0, NVIDIA A10, GPU-359b21ab-3dbf-5646-ba1f-a513e3866c50, 8.6, 570.148.08, 53, 92, 92, 23028, 21037, 1563, 1575, 6251, 148.29, 150.00
1762635066,0, NVIDIA A10, GPU-359b21ab-3dbf-5646-ba1f-a513e3866c50, 8.6, 570.148.08, 54, 92, 86, 23028, 21037, 1563, 1515, 6251, 153.34, 150.00
1762635067,0, NVIDIA A10, GPU-359b21ab-3dbf-5646-ba1f-a513e3866c50, 8.6, 570.148.08, 54, 92, 93, 23028, 21037, 1563, 1620, 6251, 153.61, 150.00
1762635068,0, NVIDIA A10, GPU-359b21ab-3dbf-5646-ba1f-a513e3866c50, 8.6, 570.148.08, 54, 92, 92, 23028, 21037, 1563, 1605, 6251, 153.61, 150.00
1762635069,0, NVIDIA A10, GPU-359b21ab-3dbf-5646-ba1f-a513e3866c50, 8.6, 570.148.08, 55, 92, 93, 23028, 21037, 1563, 1605, 6251, 151.68, 150.00
1762635070,0, NVIDIA A10, GPU-359b21ab-3dbf-5646-ba1f-a513e3866c50, 8.6, 570.148.08, 55, 93, 93, 23028, 21037, 1563, 1590, 6251, 149.19, 150.00
1762635071,0, NVIDIA A10, GPU-359b21ab-3dbf-5646-ba1f-a513e3866c50, 8.6, 570.148.08, 55, 93, 93, 23028, 21037, 1563, 1575, 6251, 148.10, 150.00
1762635072,0, NVIDIA A10, GPU-359b21ab-3dbf-5646-ba1f-a513e3866c50, 8.6, 570.148.08, 56, 92, 93, 23028, 21037, 1563, 1170, 6251, 147.23, 150.00
1762635073,0, NVIDIA A10, GPU-359b21ab-3dbf-5646-ba1f-a513e3866c50, 8.6, 570.148.08, 56, 92, 92, 23028, 21037, 1563, 1560, 6251, 144.81, 150.00
1762635074,0, NVIDIA A10, GPU-359b21ab-3dbf-5646-ba1f-a513e3866c50, 8.6, 570.148.08, 56, 92, 93, 23028, 21037, 1563, 1575, 6251, 147.42, 150.00
1762635075,0, NVIDIA A10, GPU-359b21ab-3dbf-5646-ba1f-a513e3866c50, 8.6, 570.148.08, 57, 92, 93, 23028, 21037, 1563, 1590, 6251, 147.52, 150.00
1762635076,0, NVIDIA A10, GPU-359b21ab-3dbf-5646-ba1f-a513e3866c50, 8.6, 570.148.08, 57, 92, 93, 23028, 21037, 1563, 1560, 6251, 148.54, 150.00
1762635077,0, NVIDIA A10, GPU-359b21ab-3dbf-5646-ba1f-a513e3866c50, 8.6, 570.148.08, 57, 92, 92, 23028, 21037, 1563, 1575, 6251, 148.14, 150.00
1762635078,0, NVIDIA A10, GPU-359b21ab-3dbf-5646-ba1f-a513e3866c50, 8.6, 570.148.08, 58, 92, 93, 23028, 21037, 1563, 1590, 6251, 149.16, 150.00
1762635079,0, NVIDIA A10, GPU-359b21ab-3dbf-5646-ba1f-a513e3866c50, 8.6, 570.148.08, 58, 92, 85, 23028, 21037, 1563, 1470, 6251, 156.95, 150.00
1762635081,0, NVIDIA A10, GPU-359b21ab-3dbf-5646-ba1f-a513e3866c50, 8.6, 570.148.08, 58, 92, 92, 23028, 21037, 1563, 1590, 6251, 153.17, 150.00
1762635082,0, NVIDIA A10, GPU-359b21ab-3dbf-5646-ba1f-a513e3866c50, 8.6, 570.148.08, 59, 89, 90, 23028, 21037, 1563, 1575, 6251, 154.15, 150.00
1762635083,0, NVIDIA A10, GPU-359b21ab-3dbf-5646-ba1f-a513e3866c50, 8.6, 570.148.08, 59, 92, 92, 23028, 21037, 1563, 1575, 6251, 153.88, 150.00
1762635084,0, NVIDIA A10, GPU-359b21ab-3dbf-5646-ba1f-a513e3866c50, 8.6, 570.148.08, 59, 89, 90, 23028, 21037, 1563, 1605, 6251, 153.51, 150.00
1762635085,0, NVIDIA A10, GPU-359b21ab-3dbf-5646-ba1f-a513e3866c50, 8.6, 570.148.08, 59, 92, 93, 23028, 21037, 1563, 1575, 6251, 154.17, 150.00
1762635086,0, NVIDIA A10, GPU-359b21ab-3dbf-5646-ba1f-a513e3866c50, 8.6, 570.148.08, 60, 92, 92, 23028, 21037, 1563, 1575, 6251, 153.41, 150.00
1762635087,0, NVIDIA A10, GPU-359b21ab-3dbf-5646-ba1f-a513e3866c50, 8.6, 570.148.08, 60, 92, 90, 23028, 21037, 1563, 1515, 6251, 153.36, 150.00
1762635088,0, NVIDIA A10, GPU-359b21ab-3dbf-5646-ba1f-a513e3866c50, 8.6, 570.148.08, 60, 92, 92, 23028, 21037, 1563, 1575, 6251, 150.60, 150.00
1762635089,0, NVIDIA A10, GPU-359b21ab-3dbf-5646-ba1f-a513e3866c50, 8.6, 570.148.08, 60, 92, 93, 23028, 21037, 1563, 1545, 6251, 150.80, 150.00
1762635090,0, NVIDIA A10, GPU-359b21ab-3dbf-5646-ba1f-a513e3866c50, 8.6, 570.148.08, 61, 92, 92, 23028, 21037, 1563, 1545, 6251, 148.79, 150.00
1762635091,0, NVIDIA A10, GPU-359b21ab-3dbf-5646-ba1f-a513e3866c50, 8.6, 570.148.08, 61, 93, 93, 23028, 21037, 1563, 1530, 6251, 148.93, 150.00
1762635092,0, NVIDIA A10, GPU-359b21ab-3dbf-5646-ba1f-a513e3866c50, 8.6, 570.148.08, 61, 93, 93, 23028, 21037, 1563, 1545, 6251, 148.31, 150.00
1762635093,0, NVIDIA A10, GPU-359b21ab-3dbf-5646-ba1f-a513e3866c50, 8.6, 570.148.08, 61, 92, 93, 23028, 21037, 1563, 1635, 6251, 147.97, 150.00
1762635094,0, NVIDIA A10, GPU-359b21ab-3dbf-5646-ba1f-a513e3866c50, 8.6, 570.148.08, 59, 0, 0, 23028, 0, 22599, 1695, 6251, 71.14, 150.00
1762635095,0, NVIDIA A10, GPU-359b21ab-3dbf-5646-ba1f-a513e3866c50, 8.6, 570.148.08, 58, 0, 0, 23028, 0, 22599, 1695, 6251, 67.19, 150.00
1762635096,0, NVIDIA A10, GPU-359b21ab-3dbf-5646-ba1f-a513e3866c50, 8.6, 570.148.08, 57, 0, 0, 23028, 0, 22599, 345, 6251, 47.85, 150.00
1762635097,0, NVIDIA A10, GPU-359b21ab-3dbf-5646-ba1f-a513e3866c50, 8.6, 570.148.08, 56, 0, 0, 23028, 0, 22599, 225, 6251, 45.68, 150.00
1762635098,0, NVIDIA A10, GPU-359b21ab-3dbf-5646-ba1f-a513e3866c50, 8.6, 570.148.08, 55, 0, 0, 23028, 0, 22599, 210, 6251, 45.22, 150.00
1762635099,0, NVIDIA A10, GPU-359b21ab-3dbf-5646-ba1f-a513e3866c50, 8.6, 570.148.08, 55, 0, 0, 23028, 0, 22599, 210, 6251, 45.04, 150.00
1762635100,0, NVIDIA A10, GPU-359b21ab-3dbf-5646-ba1f-a513e3866c50, 8.6, 570.148.08, 55, 0, 0, 23028, 0, 22599, 210, 405, 31.15, 150.00
1762635101,0, NVIDIA A10, GPU-359b21ab-3dbf-5646-ba1f-a513e3866c50, 8.6, 570.148.08, 54, 0, 0, 23028, 0, 22599, 210, 405, 17.31, 150.00
1762635102,0, NVIDIA A10, GPU-359b21ab-3dbf-5646-ba1f-a513e3866c50, 8.6, 570.148.08, 53, 0, 0, 23028, 0, 22599, 210, 405, 17.26, 150.00
1762635103,0, NVIDIA A10, GPU-359b21ab-3dbf-5646-ba1f-a513e3866c50, 8.6, 570.148.08, 53, 0, 0, 23028, 0, 22599, 210, 405, 17.21, 150.00
1762635104,0, NVIDIA A10, GPU-359b21ab-3dbf-5646-ba1f-a513e3866c50, 8.6, 570.148.08, 52, 0, 0, 23028, 0, 22599, 210, 405, 17.21, 150.00
1762635105,0, NVIDIA A10, GPU-359b21ab-3dbf-5646-ba1f-a513e3866c50, 8.6, 570.148.08, 52, 0, 0, 23028, 0, 22599, 210, 405, 17.16, 150.00
1762635106,0, NVIDIA A10, GPU-359b21ab-3dbf-5646-ba1f-a513e3866c50, 8.6, 570.148.08, 51, 0, 0, 23028, 0, 22599, 210, 405, 17.11, 150.00
1762635107,0, NVIDIA A10, GPU-359b21ab-3dbf-5646-ba1f-a513e3866c50, 8.6, 570.148.08, 51, 0, 0, 23028, 0, 22599, 210, 405, 17.07, 150.00
1762635108,0, NVIDIA A10, GPU-359b21ab-3dbf-5646-ba1f-a513e3866c50, 8.6, 570.148.08, 51, 0, 0, 23028, 235, 22365, 1680, 6251, 21.74, 150.00
1762635109,0, NVIDIA A10, GPU-359b21ab-3dbf-5646-ba1f-a513e3866c50, 8.6, 570.148.08, 52, 0, 0, 23028, 3227, 19373, 1695, 6251, 61.70, 150.00
1762635110,0, NVIDIA A10, GPU-359b21ab-3dbf-5646-ba1f-a513e3866c50, 8.6, 570.148.08, 52, 0, 0, 23028, 2725, 19875, 1695, 6251, 63.41, 150.00
1762635111,0, NVIDIA A10, GPU-359b21ab-3dbf-5646-ba1f-a513e3866c50, 8.6, 570.148.08, 52, 0, 0, 23028, 2725, 19875, 1695, 6251, 62.61, 150.00
1762635112,0, NVIDIA A10, GPU-359b21ab-3dbf-5646-ba1f-a513e3866c50, 8.6, 570.148.08, 52, 0, 0, 23028, 2725, 19875, 1695, 6251, 61.97, 150.00
1762635113,0, NVIDIA A10, GPU-359b21ab-3dbf-5646-ba1f-a513e3866c50, 8.6, 570.148.08, 52, 0, 0, 23028, 2725, 19875, 1695, 6251, 62.08, 150.00
1762635114,0, NVIDIA A10, GPU-359b21ab-3dbf-5646-ba1f-a513e3866c50, 8.6, 570.148.08, 54, 80, 46, 23028, 3417, 19183, 1215, 6251, 79.26, 150.00
1762635115,0, NVIDIA A10, GPU-359b21ab-3dbf-5646-ba1f-a513e3866c50, 8.6, 570.148.08, 52, 27, 19, 23028, 19567, 3033, 1440, 6251, 84.30, 150.00
1762635116,0, NVIDIA A10, GPU-359b21ab-3dbf-5646-ba1f-a513e3866c50, 8.6, 570.148.08, 56, 42, 41, 23028, 19709, 2891, 1680, 6251, 148.54, 150.00
1762635117,0, NVIDIA A10, GPU-359b21ab-3dbf-5646-ba1f-a513e3866c50, 8.6, 570.148.08, 55, 1, 1, 23028, 21037, 1563, 1665, 6251, 103.74, 150.00
1762635118,0, NVIDIA A10, GPU-359b21ab-3dbf-5646-ba1f-a513e3866c50, 8.6, 570.148.08, 53, 0, 0, 23028, 21037, 1563, 1215, 6251, 69.51, 150.00
1762635120,0, NVIDIA A10, GPU-359b21ab-3dbf-5646-ba1f-a513e3866c50, 8.6, 570.148.08, 56, 94, 68, 23028, 21037, 1563, 1500, 6251, 150.85, 150.00
1762635121,0, NVIDIA A10, GPU-359b21ab-3dbf-5646-ba1f-a513e3866c50, 8.6, 570.148.08, 57, 93, 88, 23028, 21037, 1563, 1590, 6251, 145.96, 150.00
1762635122,0, NVIDIA A10, GPU-359b21ab-3dbf-5646-ba1f-a513e3866c50, 8.6, 570.148.08, 58, 92, 90, 23028, 21037, 1563, 1575, 6251, 148.89, 150.00
1762635123,0, NVIDIA A10, GPU-359b21ab-3dbf-5646-ba1f-a513e3866c50, 8.6, 570.148.08, 58, 92, 92, 23028, 21037, 1563, 1575, 6251, 149.68, 150.00
1762635124,0, NVIDIA A10, GPU-359b21ab-3dbf-5646-ba1f-a513e3866c50, 8.6, 570.148.08, 59, 92, 92, 23028, 21037, 1563, 1575, 6251, 148.05, 150.00
1762635125,0, NVIDIA A10, GPU-359b21ab-3dbf-5646-ba1f-a513e3866c50, 8.6, 570.148.08, 59, 92, 92, 23028, 21037, 1563, 1560, 6251, 152.68, 150.00
1762635126,0, NVIDIA A10, GPU-359b21ab-3dbf-5646-ba1f-a513e3866c50, 8.6, 570.148.08, 59, 92, 92, 23028, 21037, 1563, 1575, 6251, 149.29, 150.00
1762635127,0, NVIDIA A10, GPU-359b21ab-3dbf-5646-ba1f-a513e3866c50, 8.6, 570.148.08, 60, 92, 92, 23028, 21037, 1563, 1560, 6251, 147.99, 150.00
1762635128,0, NVIDIA A10, GPU-359b21ab-3dbf-5646-ba1f-a513e3866c50, 8.6, 570.148.08, 60, 92, 92, 23028, 21037, 1563, 1560, 6251, 151.27, 150.00
1762635129,0, NVIDIA A10, GPU-359b21ab-3dbf-5646-ba1f-a513e3866c50, 8.6, 570.148.08, 60, 93, 93, 23028, 21037, 1563, 1560, 6251, 148.52, 150.00
1762635130,0, NVIDIA A10, GPU-359b21ab-3dbf-5646-ba1f-a513e3866c50, 8.6, 570.148.08, 61, 92, 92, 23028, 21037, 1563, 1560, 6251, 152.69, 150.00
1762635131,0, NVIDIA A10, GPU-359b21ab-3dbf-5646-ba1f-a513e3866c50, 8.6, 570.148.08, 61, 92, 92, 23028, 21037, 1563, 1560, 6251, 149.11, 150.00
1762635132,0, NVIDIA A10, GPU-359b21ab-3dbf-5646-ba1f-a513e3866c50, 8.6, 570.148.08, 61, 92, 92, 23028, 21037, 1563, 1215, 6251, 148.56, 150.00
1762635133,0, NVIDIA A10, GPU-359b21ab-3dbf-5646-ba1f-a513e3866c50, 8.6, 570.148.08, 62, 94, 59, 23028, 21037, 1563, 1020, 6251, 149.66, 150.00
1762635134,0, NVIDIA A10, GPU-359b21ab-3dbf-5646-ba1f-a513e3866c50, 8.6, 570.148.08, 61, 96, 59, 23028, 21037, 1563, 1335, 6251, 144.72, 150.00
1762635135,0, NVIDIA A10, GPU-359b21ab-3dbf-5646-ba1f-a513e3866c50, 8.6, 570.148.08, 61, 94, 72, 23028, 21037, 1563, 1530, 6251, 146.96, 150.00
1762635136,0, NVIDIA A10, GPU-359b21ab-3dbf-5646-ba1f-a513e3866c50, 8.6, 570.148.08, 62, 92, 91, 23028, 21037, 1563, 1545, 6251, 148.79, 150.00
1762635137,0, NVIDIA A10, GPU-359b21ab-3dbf-5646-ba1f-a513e3866c50, 8.6, 570.148.08, 62, 92, 92, 23028, 21037, 1563, 1545, 6251, 151.35, 150.00
1762635138,0, NVIDIA A10, GPU-359b21ab-3dbf-5646-ba1f-a513e3866c50, 8.6, 570.148.08, 63, 92, 92, 23028, 21037, 1563, 1545, 6251, 149.34, 150.00
1762635139,0, NVIDIA A10, GPU-359b21ab-3dbf-5646-ba1f-a513e3866c50, 8.6, 570.148.08, 63, 92, 92, 23028, 21037, 1563, 1545, 6251, 148.55, 150.00
1762635140,0, NVIDIA A10, GPU-359b21ab-3dbf-5646-ba1f-a513e3866c50, 8.6, 570.148.08, 63, 92, 92, 23028, 21037, 1563, 1545, 6251, 153.38, 150.00
1762635141,0, NVIDIA A10, GPU-359b21ab-3dbf-5646-ba1f-a513e3866c50, 8.6, 570.148.08, 63, 92, 91, 23028, 21037, 1563, 1560, 6251, 149.27, 150.00
1762635142,0, NVIDIA A10, GPU-359b21ab-3dbf-5646-ba1f-a513e3866c50, 8.6, 570.148.08, 63, 92, 91, 23028, 21037, 1563, 1545, 6251, 148.40, 150.00
1762635143,0, NVIDIA A10, GPU-359b21ab-3dbf-5646-ba1f-a513e3866c50, 8.6, 570.148.08, 64, 92, 92, 23028, 21037, 1563, 1545, 6251, 153.42, 150.00
1762635144,0, NVIDIA A10, GPU-359b21ab-3dbf-5646-ba1f-a513e3866c50, 8.6, 570.148.08, 64, 92, 91, 23028, 21037, 1563, 1530, 6251, 149.46, 150.00
1762635145,0, NVIDIA A10, GPU-359b21ab-3dbf-5646-ba1f-a513e3866c50, 8.6, 570.148.08, 64, 92, 91, 23028, 21037, 1563, 1560, 6251, 147.77, 150.00
1762635146,0, NVIDIA A10, GPU-359b21ab-3dbf-5646-ba1f-a513e3866c50, 8.6, 570.148.08, 64, 92, 92, 23028, 21037, 1563, 1545, 6251, 153.63, 150.00
1762635147,0, NVIDIA A10, GPU-359b21ab-3dbf-5646-ba1f-a513e3866c50, 8.6, 570.148.08, 65, 92, 92, 23028, 21037, 1563, 1125, 6251, 149.11, 150.00
1762635148,0, NVIDIA A10, GPU-359b21ab-3dbf-5646-ba1f-a513e3866c50, 8.6, 570.148.08, 65, 91, 86, 23028, 21037, 1563, 1005, 6251, 151.20, 150.00
1762635149,0, NVIDIA A10, GPU-359b21ab-3dbf-5646-ba1f-a513e3866c50, 8.6, 570.148.08, 65, 93, 72, 23028, 21037, 1563, 1350, 6251, 146.84, 150.00
1762635150,0, NVIDIA A10, GPU-359b21ab-3dbf-5646-ba1f-a513e3866c50, 8.6, 570.148.08, 65, 92, 88, 23028, 21037, 1563, 1515, 6251, 146.30, 150.00
1762635151,0, NVIDIA A10, GPU-359b21ab-3dbf-5646-ba1f-a513e3866c50, 8.6, 570.148.08, 65, 92, 90, 23028, 21037, 1563, 1545, 6251, 148.80, 150.00
1762635152,0, NVIDIA A10, GPU-359b21ab-3dbf-5646-ba1f-a513e3866c50, 8.6, 570.148.08, 65, 91, 90, 23028, 21037, 1563, 1545, 6251, 150.94, 150.00
1762635154,0, NVIDIA A10, GPU-359b21ab-3dbf-5646-ba1f-a513e3866c50, 8.6, 570.148.08, 65, 92, 91, 23028, 21037, 1563, 1530, 6251, 148.97, 150.00
1762635155,0, NVIDIA A10, GPU-359b21ab-3dbf-5646-ba1f-a513e3866c50, 8.6, 570.148.08, 66, 92, 91, 23028, 21037, 1563, 1545, 6251, 148.55, 150.00
1762635156,0, NVIDIA A10, GPU-359b21ab-3dbf-5646-ba1f-a513e3866c50, 8.6, 570.148.08, 66, 92, 92, 23028, 21037, 1563, 1545, 6251, 151.86, 150.00
1762635157,0, NVIDIA A10, GPU-359b21ab-3dbf-5646-ba1f-a513e3866c50, 8.6, 570.148.08, 66, 92, 91, 23028, 21037, 1563, 1530, 6251, 149.97, 150.00
1762635158,0, NVIDIA A10, GPU-359b21ab-3dbf-5646-ba1f-a513e3866c50, 8.6, 570.148.08, 66, 92, 91, 23028, 21037, 1563, 1530, 6251, 149.10, 150.00
1762635159,0, NVIDIA A10, GPU-359b21ab-3dbf-5646-ba1f-a513e3866c50, 8.6, 570.148.08, 67, 92, 91, 23028, 21037, 1563, 1530, 6251, 148.77, 150.00
1762635160,0, NVIDIA A10, GPU-359b21ab-3dbf-5646-ba1f-a513e3866c50, 8.6, 570.148.08, 67, 91, 91, 23028, 21037, 1563, 1530, 6251, 151.60, 150.00
1762635161,0, NVIDIA A10, GPU-359b21ab-3dbf-5646-ba1f-a513e3866c50, 8.6, 570.148.08, 67, 92, 91, 23028, 21037, 1563, 1530, 6251, 150.79, 150.00
1762635162,0, NVIDIA A10, GPU-359b21ab-3dbf-5646-ba1f-a513e3866c50, 8.6, 570.148.08, 67, 92, 91, 23028, 21037, 1563, 1515, 6251, 149.08, 150.00
1762635163,0, NVIDIA A10, GPU-359b21ab-3dbf-5646-ba1f-a513e3866c50, 8.6, 570.148.08, 67, 92, 92, 23028, 21037, 1563, 1530, 6251, 149.85, 150.00
1762635164,0, NVIDIA A10, GPU-359b21ab-3dbf-5646-ba1f-a513e3866c50, 8.6, 570.148.08, 68, 91, 91, 23028, 21037, 1563, 1515, 6251, 151.06, 150.00
1762635165,0, NVIDIA A10, GPU-359b21ab-3dbf-5646-ba1f-a513e3866c50, 8.6, 570.148.08, 68, 92, 92, 23028, 21037, 1563, 1380, 6251, 150.90, 150.00
1762635166,0, NVIDIA A10, GPU-359b21ab-3dbf-5646-ba1f-a513e3866c50, 8.6, 570.148.08, 68, 93, 92, 23028, 21037, 1563, 975, 6251, 149.52, 150.00
1762635167,0, NVIDIA A10, GPU-359b21ab-3dbf-5646-ba1f-a513e3866c50, 8.6, 570.148.08, 67, 0, 0, 23028, 21037, 1563, 1680, 6251, 134.67, 150.00
1762635168,0, NVIDIA A10, GPU-359b21ab-3dbf-5646-ba1f-a513e3866c50, 8.6, 570.148.08, 65, 0, 0, 23028, 0, 22599, 1695, 6251, 75.83, 150.00
1762635169,0, NVIDIA A10, GPU-359b21ab-3dbf-5646-ba1f-a513e3866c50, 8.6, 570.148.08, 64, 0, 0, 23028, 0, 22599, 1695, 6251, 72.16, 150.00
1762635170,0, NVIDIA A10, GPU-359b21ab-3dbf-5646-ba1f-a513e3866c50, 8.6, 570.148.08, 64, 0, 0, 23028, 0, 22599, 345, 6251, 70.15, 150.00
1762635171,0, NVIDIA A10, GPU-359b21ab-3dbf-5646-ba1f-a513e3866c50, 8.6, 570.148.08, 62, 0, 0, 23028, 0, 22599, 225, 6251, 59.11, 150.00
1762635172,0, NVIDIA A10, GPU-359b21ab-3dbf-5646-ba1f-a513e3866c50, 8.6, 570.148.08, 62, 0, 0, 23028, 0, 22599, 210, 6251, 47.93, 150.00
1762635173,0, NVIDIA A10, GPU-359b21ab-3dbf-5646-ba1f-a513e3866c50, 8.6, 570.148.08, 61, 0, 0, 23028, 0, 22599, 210, 6251, 47.65, 150.00
1762635174,0, NVIDIA A10, GPU-359b21ab-3dbf-5646-ba1f-a513e3866c50, 8.6, 570.148.08, 61, 0, 0, 23028, 0, 22599, 210, 6251, 47.42, 150.00
1762635175,0, NVIDIA A10, GPU-359b21ab-3dbf-5646-ba1f-a513e3866c50, 8.6, 570.148.08, 60, 0, 0, 23028, 0, 22599, 210, 6251, 47.18, 150.00
1762635176,0, NVIDIA A10, GPU-359b21ab-3dbf-5646-ba1f-a513e3866c50, 8.6, 570.148.08, 60, 0, 0, 23028, 0, 22599, 210, 405, 32.54, 150.00
1762635177,0, NVIDIA A10, GPU-359b21ab-3dbf-5646-ba1f-a513e3866c50, 8.6, 570.148.08, 59, 0, 0, 23028, 0, 22599, 210, 405, 17.98, 150.00
1762635178,0, NVIDIA A10, GPU-359b21ab-3dbf-5646-ba1f-a513e3866c50, 8.6, 570.148.08, 58, 0, 0, 23028, 0, 22599, 210, 405, 17.83, 150.00
1762635179,0, NVIDIA A10, GPU-359b21ab-3dbf-5646-ba1f-a513e3866c50, 8.6, 570.148.08, 58, 0, 0, 23028, 0, 22599, 210, 405, 17.69, 150.00
1762635180,0, NVIDIA A10, GPU-359b21ab-3dbf-5646-ba1f-a513e3866c50, 8.6, 570.148.08, 57, 0, 0, 23028, 0, 22599, 210, 405, 17.64, 150.00
1762635181,0, NVIDIA A10, GPU-359b21ab-3dbf-5646-ba1f-a513e3866c50, 8.6, 570.148.08, 57, 0, 0, 23028, 0, 22599, 210, 405, 17.59, 150.00
1762635182,0, NVIDIA A10, GPU-359b21ab-3dbf-5646-ba1f-a513e3866c50, 8.6, 570.148.08, 57, 0, 0, 23028, 869, 21731, 1695, 6251, 38.67, 150.00
1762635183,0, NVIDIA A10, GPU-359b21ab-3dbf-5646-ba1f-a513e3866c50, 8.6, 570.148.08, 58, 29, 2, 23028, 3227, 19373, 1695, 6251, 67.22, 150.00
1762635184,0, NVIDIA A10, GPU-359b21ab-3dbf-5646-ba1f-a513e3866c50, 8.6, 570.148.08, 58, 0, 0, 23028, 2725, 19875, 1695, 6251, 66.40, 150.00
1762635185,0, NVIDIA A10, GPU-359b21ab-3dbf-5646-ba1f-a513e3866c50, 8.6, 570.148.08, 58, 0, 0, 23028, 2725, 19875, 1695, 6251, 66.26, 150.00
1762635186,0, NVIDIA A10, GPU-359b21ab-3dbf-5646-ba1f-a513e3866c50, 8.6, 570.148.08, 58, 0, 0, 23028, 2725, 19875, 1695, 6251, 65.93, 150.00
1762635187,0, NVIDIA A10, GPU-359b21ab-3dbf-5646-ba1f-a513e3866c50, 8.6, 570.148.08, 57, 0, 0, 23028, 2725, 19875, 1695, 6251, 66.08, 150.00
1762635188,0, NVIDIA A10, GPU-359b21ab-3dbf-5646-ba1f-a513e3866c50, 8.6, 570.148.08, 58, 0, 0, 23028, 4299, 18301, 1680, 6251, 82.75, 150.00
1762635189,0, NVIDIA A10, GPU-359b21ab-3dbf-5646-ba1f-a513e3866c50, 8.6, 570.148.08, 60, 58, 42, 23028, 19615, 2985, 1590, 6251, 109.43, 150.00
1762635190,0, NVIDIA A10, GPU-359b21ab-3dbf-5646-ba1f-a513e3866c50, 8.6, 570.148.08, 61, 54, 35, 23028, 19773, 2827, 1680, 6251, 130.37, 150.00
1762635191,0, NVIDIA A10, GPU-359b21ab-3dbf-5646-ba1f-a513e3866c50, 8.6, 570.148.08, 59, 0, 0, 23028, 21037, 1563, 1695, 6251, 96.94, 150.00
1762635192,0, NVIDIA A10, GPU-359b21ab-3dbf-5646-ba1f-a513e3866c50, 8.6, 570.148.08, 61, 92, 92, 23028, 21037, 1563, 1560, 6251, 103.93, 150.00
1762635193,0, NVIDIA A10, GPU-359b21ab-3dbf-5646-ba1f-a513e3866c50, 8.6, 570.148.08, 62, 91, 91, 23028, 21037, 1563, 1545, 6251, 147.89, 150.00
1762635195,0, NVIDIA A10, GPU-359b21ab-3dbf-5646-ba1f-a513e3866c50, 8.6, 570.148.08, 62, 92, 91, 23028, 21037, 1563, 1545, 6251, 151.14, 150.00
1762635196,0, NVIDIA A10, GPU-359b21ab-3dbf-5646-ba1f-a513e3866c50, 8.6, 570.148.08, 62, 92, 89, 23028, 21037, 1563, 1530, 6251, 147.29, 150.00
1762635197,0, NVIDIA A10, GPU-359b21ab-3dbf-5646-ba1f-a513e3866c50, 8.6, 570.148.08, 62, 92, 90, 23028, 21037, 1563, 1545, 6251, 146.09, 150.00
1762635198,0, NVIDIA A10, GPU-359b21ab-3dbf-5646-ba1f-a513e3866c50, 8.6, 570.148.08, 63, 95, 68, 23028, 21037, 1563, 1515, 6251, 146.47, 150.00
1762635199,0, NVIDIA A10, GPU-359b21ab-3dbf-5646-ba1f-a513e3866c50, 8.6, 570.148.08, 63, 99, 43, 23028, 21037, 1563, 1425, 6251, 152.21, 150.00
1762635200,0, NVIDIA A10, GPU-359b21ab-3dbf-5646-ba1f-a513e3866c50, 8.6, 570.148.08, 63, 99, 46, 23028, 21037, 1563, 1185, 6251, 147.65, 150.00
1762635201,0, NVIDIA A10, GPU-359b21ab-3dbf-5646-ba1f-a513e3866c50, 8.6, 570.148.08, 64, 95, 52, 23028, 21037, 1563, 1080, 6251, 147.27, 150.00
1762635202,0, NVIDIA A10, GPU-359b21ab-3dbf-5646-ba1f-a513e3866c50, 8.6, 570.148.08, 64, 90, 88, 23028, 21037, 1563, 960, 6251, 146.41, 150.00
1762635203,0, NVIDIA A10, GPU-359b21ab-3dbf-5646-ba1f-a513e3866c50, 8.6, 570.148.08, 64, 92, 91, 23028, 21037, 1563, 1410, 6251, 146.70, 150.00
1762635204,0, NVIDIA A10, GPU-359b21ab-3dbf-5646-ba1f-a513e3866c50, 8.6, 570.148.08, 65, 92, 92, 23028, 21037, 1563, 1515, 6251, 151.58, 150.00
1762635205,0, NVIDIA A10, GPU-359b21ab-3dbf-5646-ba1f-a513e3866c50, 8.6, 570.148.08, 65, 92, 91, 23028, 21037, 1563, 1500, 6251, 149.59, 150.00
1762635206,0, NVIDIA A10, GPU-359b21ab-3dbf-5646-ba1f-a513e3866c50, 8.6, 570.148.08, 65, 92, 92, 23028, 21037, 1563, 1530, 6251, 146.30, 150.00
1762635207,0, NVIDIA A10, GPU-359b21ab-3dbf-5646-ba1f-a513e3866c50, 8.6, 570.148.08, 65, 92, 92, 23028, 21037, 1563, 1530, 6251, 146.99, 150.00
1762635208,0, NVIDIA A10, GPU-359b21ab-3dbf-5646-ba1f-a513e3866c50, 8.6, 570.148.08, 66, 92, 92, 23028, 21037, 1563, 1515, 6251, 152.51, 150.00
1762635209,0, NVIDIA A10, GPU-359b21ab-3dbf-5646-ba1f-a513e3866c50, 8.6, 570.148.08, 66, 92, 91, 23028, 21037, 1563, 1515, 6251, 150.18, 150.00
1762635210,0, NVIDIA A10, GPU-359b21ab-3dbf-5646-ba1f-a513e3866c50, 8.6, 570.148.08, 66, 92, 91, 23028, 21037, 1563, 1530, 6251, 148.14, 150.00
1762635211,0, NVIDIA A10, GPU-359b21ab-3dbf-5646-ba1f-a513e3866c50, 8.6, 570.148.08, 66, 92, 91, 23028, 21037, 1563, 1530, 6251, 146.87, 150.00
1762635212,0, NVIDIA A10, GPU-359b21ab-3dbf-5646-ba1f-a513e3866c50, 8.6, 570.148.08, 66, 92, 91, 23028, 21037, 1563, 1530, 6251, 146.56, 150.00
1762635213,0, NVIDIA A10, GPU-359b21ab-3dbf-5646-ba1f-a513e3866c50, 8.6, 570.148.08, 67, 91, 91, 23028, 21037, 1563, 1515, 6251, 152.47, 150.00
1762635214,0, NVIDIA A10, GPU-359b21ab-3dbf-5646-ba1f-a513e3866c50, 8.6, 570.148.08, 67, 92, 91, 23028, 21037, 1563, 1530, 6251, 152.10, 150.00
1762635215,0, NVIDIA A10, GPU-359b21ab-3dbf-5646-ba1f-a513e3866c50, 8.6, 570.148.08, 67, 91, 91, 23028, 21037, 1563, 1530, 6251, 148.38, 150.00
1762635216,0, NVIDIA A10, GPU-359b21ab-3dbf-5646-ba1f-a513e3866c50, 8.6, 570.148.08, 67, 91, 91, 23028, 21037, 1563, 1530, 6251, 147.14, 150.00
1762635217,0, NVIDIA A10, GPU-359b21ab-3dbf-5646-ba1f-a513e3866c50, 8.6, 570.148.08, 67, 92, 91, 23028, 21037, 1563, 1530, 6251, 147.10, 150.00
1762635218,0, NVIDIA A10, GPU-359b21ab-3dbf-5646-ba1f-a513e3866c50, 8.6, 570.148.08, 67, 91, 90, 23028, 21037, 1563, 1530, 6251, 146.99, 150.00
1762635219,0, NVIDIA A10, GPU-359b21ab-3dbf-5646-ba1f-a513e3866c50, 8.6, 570.148.08, 67, 94, 72, 23028, 21037, 1563, 1515, 6251, 151.86, 150.00
1762635220,0, NVIDIA A10, GPU-359b21ab-3dbf-5646-ba1f-a513e3866c50, 8.6, 570.148.08, 67, 100, 41, 23028, 21037, 1563, 1455, 6251, 150.09, 150.00
1762635221,0, NVIDIA A10, GPU-359b21ab-3dbf-5646-ba1f-a513e3866c50, 8.6, 570.148.08, 68, 100, 40, 23028, 21037, 1563, 1110, 6251, 150.81, 150.00
1762635222,0, NVIDIA A10, GPU-359b21ab-3dbf-5646-ba1f-a513e3866c50, 8.6, 570.148.08, 68, 93, 62, 23028, 21037, 1563, 1065, 6251, 148.53, 150.00
1762635223,0, NVIDIA A10, GPU-359b21ab-3dbf-5646-ba1f-a513e3866c50, 8.6, 570.148.08, 68, 92, 91, 23028, 21037, 1563, 1050, 6251, 148.28, 150.00
1762635224,0, NVIDIA A10, GPU-359b21ab-3dbf-5646-ba1f-a513e3866c50, 8.6, 570.148.08, 68, 91, 91, 23028, 21037, 1563, 1410, 6251, 147.36, 150.00
1762635225,0, NVIDIA A10, GPU-359b21ab-3dbf-5646-ba1f-a513e3866c50, 8.6, 570.148.08, 68, 91, 91, 23028, 21037, 1563, 1485, 6251, 146.22, 150.00
1762635226,0, NVIDIA A10, GPU-359b21ab-3dbf-5646-ba1f-a513e3866c50, 8.6, 570.148.08, 69, 92, 91, 23028, 21037, 1563, 1515, 6251, 147.36, 150.00
1762635227,0, NVIDIA A10, GPU-359b21ab-3dbf-5646-ba1f-a513e3866c50, 8.6, 570.148.08, 69, 92, 91, 23028, 21037, 1563, 1500, 6251, 150.59, 150.00
1762635228,0, NVIDIA A10, GPU-359b21ab-3dbf-5646-ba1f-a513e3866c50, 8.6, 570.148.08, 69, 92, 91, 23028, 21037, 1563, 1500, 6251, 151.52, 150.00
1762635230,0, NVIDIA A10, GPU-359b21ab-3dbf-5646-ba1f-a513e3866c50, 8.6, 570.148.08, 69, 92, 91, 23028, 21037, 1563, 1500, 6251, 149.31, 150.00
1762635231,0, NVIDIA A10, GPU-359b21ab-3dbf-5646-ba1f-a513e3866c50, 8.6, 570.148.08, 69, 92, 91, 23028, 21037, 1563, 1500, 6251, 147.12, 150.00
1762635232,0, NVIDIA A10, GPU-359b21ab-3dbf-5646-ba1f-a513e3866c50, 8.6, 570.148.08, 69, 92, 91, 23028, 21037, 1563, 1500, 6251, 147.28, 150.00
1762635233,0, NVIDIA A10, GPU-359b21ab-3dbf-5646-ba1f-a513e3866c50, 8.6, 570.148.08, 69, 92, 91, 23028, 21037, 1563, 1500, 6251, 147.63, 150.00
1762635234,0, NVIDIA A10, GPU-359b21ab-3dbf-5646-ba1f-a513e3866c50, 8.6, 570.148.08, 69, 92, 91, 23028, 21037, 1563, 1500, 6251, 152.36, 150.00
1762635235,0, NVIDIA A10, GPU-359b21ab-3dbf-5646-ba1f-a513e3866c50, 8.6, 570.148.08, 69, 91, 90, 23028, 21037, 1563, 1500, 6251, 150.39, 150.00
1762635236,0, NVIDIA A10, GPU-359b21ab-3dbf-5646-ba1f-a513e3866c50, 8.6, 570.148.08, 69, 92, 91, 23028, 21037, 1563, 1500, 6251, 149.98, 150.00
1762635237,0, NVIDIA A10, GPU-359b21ab-3dbf-5646-ba1f-a513e3866c50, 8.6, 570.148.08, 69, 92, 91, 23028, 21037, 1563, 1500, 6251, 147.60, 150.00
1762635238,0, NVIDIA A10, GPU-359b21ab-3dbf-5646-ba1f-a513e3866c50, 8.6, 570.148.08, 70, 92, 90, 23028, 21037, 1563, 1500, 6251, 146.77, 150.00
1762635239,0, NVIDIA A10, GPU-359b21ab-3dbf-5646-ba1f-a513e3866c50, 8.6, 570.148.08, 69, 92, 90, 23028, 21037, 1563, 1500, 6251, 147.75, 150.00
1762635240,0, NVIDIA A10, GPU-359b21ab-3dbf-5646-ba1f-a513e3866c50, 8.6, 570.148.08, 70, 95, 70, 23028, 21037, 1563, 1500, 6251, 149.39, 150.00
1762635241,0, NVIDIA A10, GPU-359b21ab-3dbf-5646-ba1f-a513e3866c50, 8.6, 570.148.08, 70, 99, 42, 23028, 21037, 1563, 1350, 6251, 152.35, 150.00
1762635242,0, NVIDIA A10, GPU-359b21ab-3dbf-5646-ba1f-a513e3866c50, 8.6, 570.148.08, 70, 100, 40, 23028, 21037, 1563, 1110, 6251, 150.32, 150.00
1762635243,0, NVIDIA A10, GPU-359b21ab-3dbf-5646-ba1f-a513e3866c50, 8.6, 570.148.08, 70, 92, 70, 23028, 21037, 1563, 975, 6251, 150.40, 150.00
1762635244,0, NVIDIA A10, GPU-359b21ab-3dbf-5646-ba1f-a513e3866c50, 8.6, 570.148.08, 70, 92, 91, 23028, 21037, 1563, 1365, 6251, 150.99, 150.00
1762635245,0, NVIDIA A10, GPU-359b21ab-3dbf-5646-ba1f-a513e3866c50, 8.6, 570.148.08, 71, 92, 91, 23028, 21037, 1563, 1395, 6251, 147.56, 150.00
1762635246,0, NVIDIA A10, GPU-359b21ab-3dbf-5646-ba1f-a513e3866c50, 8.6, 570.148.08, 70, 92, 91, 23028, 21037, 1563, 1455, 6251, 147.15, 150.00
1762635247,0, NVIDIA A10, GPU-359b21ab-3dbf-5646-ba1f-a513e3866c50, 8.6, 570.148.08, 68, 100, 10, 23028, 0, 22599, 1695, 6251, 91.90, 150.00
1762635248,0, NVIDIA A10, GPU-359b21ab-3dbf-5646-ba1f-a513e3866c50, 8.6, 570.148.08, 67, 0, 0, 23028, 0, 22599, 1695, 6251, 78.90, 150.00
1762635249,0, NVIDIA A10, GPU-359b21ab-3dbf-5646-ba1f-a513e3866c50, 8.6, 570.148.08, 67, 0, 0, 23028, 0, 22599, 1695, 6251, 74.67, 150.00
1762635250,0, NVIDIA A10, GPU-359b21ab-3dbf-5646-ba1f-a513e3866c50, 8.6, 570.148.08, 66, 0, 0, 23028, 0, 22599, 360, 6251, 52.16, 150.00
1762635251,0, NVIDIA A10, GPU-359b21ab-3dbf-5646-ba1f-a513e3866c50, 8.6, 570.148.08, 65, 0, 0, 23028, 0, 22599, 225, 6251, 49.65, 150.00
1762635252,0, NVIDIA A10, GPU-359b21ab-3dbf-5646-ba1f-a513e3866c50, 8.6, 570.148.08, 64, 0, 0, 23028, 0, 22599, 210, 6251, 49.07, 150.00
1762635253,0, NVIDIA A10, GPU-359b21ab-3dbf-5646-ba1f-a513e3866c50, 8.6, 570.148.08, 63, 0, 0, 23028, 0, 22599, 210, 6251, 48.74, 150.00
1762635254,0, NVIDIA A10, GPU-359b21ab-3dbf-5646-ba1f-a513e3866c50, 8.6, 570.148.08, 63, 0, 0, 23028, 0, 22599, 210, 6251, 48.64, 150.00
1762635255,0, NVIDIA A10, GPU-359b21ab-3dbf-5646-ba1f-a513e3866c50, 8.6, 570.148.08, 62, 0, 0, 23028, 0, 22599, 210, 6251, 48.45, 150.00
1762635256,0, NVIDIA A10, GPU-359b21ab-3dbf-5646-ba1f-a513e3866c50, 8.6, 570.148.08, 61, 0, 0, 23028, 0, 22599, 210, 405, 33.47, 150.00
1762635257,0, NVIDIA A10, GPU-359b21ab-3dbf-5646-ba1f-a513e3866c50, 8.6, 570.148.08, 61, 0, 0, 23028, 0, 22599, 210, 405, 18.45, 150.00
1762635258,0, NVIDIA A10, GPU-359b21ab-3dbf-5646-ba1f-a513e3866c50, 8.6, 570.148.08, 60, 0, 0, 23028, 0, 22599, 210, 405, 18.12, 150.00
1762635259,0, NVIDIA A10, GPU-359b21ab-3dbf-5646-ba1f-a513e3866c50, 8.6, 570.148.08, 59, 0, 0, 23028, 0, 22599, 210, 405, 20.80, 150.00
1762635260,0, NVIDIA A10, GPU-359b21ab-3dbf-5646-ba1f-a513e3866c50, 8.6, 570.148.08, 60, 0, 0, 23028, 275, 22325, 1680, 6251, 28.39, 150.00
1762635261,0, NVIDIA A10, GPU-359b21ab-3dbf-5646-ba1f-a513e3866c50, 8.6, 570.148.08, 61, 2, 0, 23028, 3219, 19381, 1695, 6251, 67.65, 150.00
1762635262,0, NVIDIA A10, GPU-359b21ab-3dbf-5646-ba1f-a513e3866c50, 8.6, 570.148.08, 61, 0, 0, 23028, 2717, 19883, 1695, 6251, 68.88, 150.00
1762635263,0, NVIDIA A10, GPU-359b21ab-3dbf-5646-ba1f-a513e3866c50, 8.6, 570.148.08, 60, 0, 0, 23028, 2717, 19883, 1695, 6251, 68.16, 150.00
1762635264,0, NVIDIA A10, GPU-359b21ab-3dbf-5646-ba1f-a513e3866c50, 8.6, 570.148.08, 60, 0, 0, 23028, 2717, 19883, 1695, 6251, 67.37, 150.00
1762635265,0, NVIDIA A10, GPU-359b21ab-3dbf-5646-ba1f-a513e3866c50, 8.6, 570.148.08, 60, 0, 0, 23028, 2717, 19883, 1695, 6251, 67.10, 150.00
1762635266,0, NVIDIA A10, GPU-359b21ab-3dbf-5646-ba1f-a513e3866c50, 8.6, 570.148.08, 60, 1, 0, 23028, 3409, 19191, 1695, 6251, 67.49, 150.00
1762635267,0, NVIDIA A10, GPU-359b21ab-3dbf-5646-ba1f-a513e3866c50, 8.6, 570.148.08, 60, 13, 16, 23028, 19437, 3163, 1695, 6251, 99.09, 150.00
1762635268,0, NVIDIA A10, GPU-359b21ab-3dbf-5646-ba1f-a513e3866c50, 8.6, 570.148.08, 63, 48, 39, 23028, 19635, 2965, 1680, 6251, 131.76, 150.00
1762635269,0, NVIDIA A10, GPU-359b21ab-3dbf-5646-ba1f-a513e3866c50, 8.6, 570.148.08, 63, 46, 36, 23028, 19799, 2801, 1680, 6251, 127.50, 150.00
1762635270,0, NVIDIA A10, GPU-359b21ab-3dbf-5646-ba1f-a513e3866c50, 8.6, 570.148.08, 61, 0, 0, 23028, 21029, 1571, 1695, 6251, 92.23, 150.00
1762635271,0, NVIDIA A10, GPU-359b21ab-3dbf-5646-ba1f-a513e3866c50, 8.6, 570.148.08, 61, 0, 0, 23028, 21029, 1571, 1695, 6251, 76.78, 150.00
1762635272,0, NVIDIA A10, GPU-359b21ab-3dbf-5646-ba1f-a513e3866c50, 8.6, 570.148.08, 60, 0, 0, 23028, 21029, 1571, 1695, 6251, 67.42, 150.00
1762635273,0, NVIDIA A10, GPU-359b21ab-3dbf-5646-ba1f-a513e3866c50, 8.6, 570.148.08, 60, 0, 0, 23028, 21029, 1571, 1695, 6251, 67.25, 150.00
1762635274,0, NVIDIA A10, GPU-359b21ab-3dbf-5646-ba1f-a513e3866c50, 8.6, 570.148.08, 60, 0, 0, 23028, 21029, 1571, 1695, 6251, 67.10, 150.00
1762635275,0, NVIDIA A10, GPU-359b21ab-3dbf-5646-ba1f-a513e3866c50, 8.6, 570.148.08, 60, 0, 0, 23028, 21029, 1571, 1695, 6251, 66.86, 150.00
1762635276,0, NVIDIA A10, GPU-359b21ab-3dbf-5646-ba1f-a513e3866c50, 8.6, 570.148.08, 59, 0, 0, 23028, 21029, 1571, 1695, 6251, 66.67, 150.00
1762635277,0, NVIDIA A10, GPU-359b21ab-3dbf-5646-ba1f-a513e3866c50, 8.6, 570.148.08, 59, 0, 0, 23028, 21029, 1571, 1695, 6251, 66.60, 150.00
1762635278,0, NVIDIA A10, GPU-359b21ab-3dbf-5646-ba1f-a513e3866c50, 8.6, 570.148.08, 59, 0, 0, 23028, 21029, 1571, 1695, 6251, 66.46, 150.00
1762635279,0, NVIDIA A10, GPU-359b21ab-3dbf-5646-ba1f-a513e3866c50, 8.6, 570.148.08, 59, 0, 0, 23028, 21029, 1571, 1695, 6251, 66.46, 150.00
1762635280,0, NVIDIA A10, GPU-359b21ab-3dbf-5646-ba1f-a513e3866c50, 8.6, 570.148.08, 62, 92, 92, 23028, 21029, 1571, 1515, 6251, 101.88, 150.00
1762635281,0, NVIDIA A10, GPU-359b21ab-3dbf-5646-ba1f-a513e3866c50, 8.6, 570.148.08, 62, 93, 94, 23028, 21029, 1571, 1560, 6251, 146.87, 150.00
1762635282,0, NVIDIA A10, GPU-359b21ab-3dbf-5646-ba1f-a513e3866c50, 8.6, 570.148.08, 63, 92, 93, 23028, 21029, 1571, 1560, 6251, 147.35, 150.00
1762635283,0, NVIDIA A10, GPU-359b21ab-3dbf-5646-ba1f-a513e3866c50, 8.6, 570.148.08, 63, 93, 93, 23028, 21029, 1571, 1500, 6251, 149.95, 150.00
1762635284,0, NVIDIA A10, GPU-359b21ab-3dbf-5646-ba1f-a513e3866c50, 8.6, 570.148.08, 64, 92, 92, 23028, 21029, 1571, 1485, 6251, 148.57, 150.00
1762635285,0, NVIDIA A10, GPU-359b21ab-3dbf-5646-ba1f-a513e3866c50, 8.6, 570.148.08, 64, 92, 94, 23028, 21029, 1571, 1545, 6251, 153.25, 150.00
1762635286,0, NVIDIA A10, GPU-359b21ab-3dbf-5646-ba1f-a513e3866c50, 8.6, 570.148.08, 64, 93, 94, 23028, 21029, 1571, 1545, 6251, 149.30, 150.00
1762635287,0, NVIDIA A10, GPU-359b21ab-3dbf-5646-ba1f-a513e3866c50, 8.6, 570.148.08, 64, 93, 94, 23028, 21029, 1571, 1530, 6251, 148.18, 150.00
1762635289,0, NVIDIA A10, GPU-359b21ab-3dbf-5646-ba1f-a513e3866c50, 8.6, 570.148.08, 65, 93, 92, 23028, 21029, 1571, 1500, 6251, 149.54, 150.00
1762635290,0, NVIDIA A10, GPU-359b21ab-3dbf-5646-ba1f-a513e3866c50, 8.6, 570.148.08, 65, 93, 81, 23028, 21029, 1571, 1530, 6251, 147.07, 150.00
1762635291,0, NVIDIA A10, GPU-359b21ab-3dbf-5646-ba1f-a513e3866c50, 8.6, 570.148.08, 65, 93, 93, 23028, 21029, 1571, 1530, 6251, 146.46, 150.00
1762635292,0, NVIDIA A10, GPU-359b21ab-3dbf-5646-ba1f-a513e3866c50, 8.6, 570.148.08, 66, 93, 94, 23028, 21029, 1571, 1530, 6251, 147.96, 150.00
1762635293,0, NVIDIA A10, GPU-359b21ab-3dbf-5646-ba1f-a513e3866c50, 8.6, 570.148.08, 66, 93, 94, 23028, 21029, 1571, 1530, 6251, 151.46, 150.00
1762635294,0, NVIDIA A10, GPU-359b21ab-3dbf-5646-ba1f-a513e3866c50, 8.6, 570.148.08, 66, 93, 92, 23028, 21029, 1571, 1515, 6251, 148.22, 150.00
1762635295,0, NVIDIA A10, GPU-359b21ab-3dbf-5646-ba1f-a513e3866c50, 8.6, 570.148.08, 66, 92, 94, 23028, 21029, 1571, 1530, 6251, 151.31, 150.00
1762635296,0, NVIDIA A10, GPU-359b21ab-3dbf-5646-ba1f-a513e3866c50, 8.6, 570.148.08, 66, 93, 83, 23028, 21029, 1571, 1455, 6251, 149.79, 150.00
1762635297,0, NVIDIA A10, GPU-359b21ab-3dbf-5646-ba1f-a513e3866c50, 8.6, 570.148.08, 66, 92, 91, 23028, 21029, 1571, 1470, 6251, 149.32, 150.00
1762635298,0, NVIDIA A10, GPU-359b21ab-3dbf-5646-ba1f-a513e3866c50, 8.6, 570.148.08, 67, 92, 93, 23028, 21029, 1571, 1530, 6251, 154.44, 150.00
1762635299,0, NVIDIA A10, GPU-359b21ab-3dbf-5646-ba1f-a513e3866c50, 8.6, 570.148.08, 67, 93, 92, 23028, 21029, 1571, 1455, 6251, 151.33, 150.00
1762635300,0, NVIDIA A10, GPU-359b21ab-3dbf-5646-ba1f-a513e3866c50, 8.6, 570.148.08, 67, 92, 92, 23028, 21029, 1571, 1455, 6251, 149.50, 150.00
1762635301,0, NVIDIA A10, GPU-359b21ab-3dbf-5646-ba1f-a513e3866c50, 8.6, 570.148.08, 68, 94, 83, 23028, 21029, 1571, 1455, 6251, 149.54, 150.00
1762635302,0, NVIDIA A10, GPU-359b21ab-3dbf-5646-ba1f-a513e3866c50, 8.6, 570.148.08, 67, 93, 84, 23028, 21029, 1571, 1485, 6251, 150.87, 150.00
1762635303,0, NVIDIA A10, GPU-359b21ab-3dbf-5646-ba1f-a513e3866c50, 8.6, 570.148.08, 68, 93, 86, 23028, 21029, 1571, 1455, 6251, 150.70, 150.00
1762635304,0, NVIDIA A10, GPU-359b21ab-3dbf-5646-ba1f-a513e3866c50, 8.6, 570.148.08, 68, 93, 92, 23028, 21029, 1571, 1455, 6251, 147.79, 150.00
1762635305,0, NVIDIA A10, GPU-359b21ab-3dbf-5646-ba1f-a513e3866c50, 8.6, 570.148.08, 68, 92, 91, 23028, 21029, 1571, 1425, 6251, 148.15, 150.00
1762635306,0, NVIDIA A10, GPU-359b21ab-3dbf-5646-ba1f-a513e3866c50, 8.6, 570.148.08, 68, 91, 92, 23028, 21029, 1571, 1515, 6251, 152.48, 150.00
1762635307,0, NVIDIA A10, GPU-359b21ab-3dbf-5646-ba1f-a513e3866c50, 8.6, 570.148.08, 68, 93, 81, 23028, 21029, 1571, 1350, 6251, 147.69, 150.00
1762635308,0, NVIDIA A10, GPU-359b21ab-3dbf-5646-ba1f-a513e3866c50, 8.6, 570.148.08, 68, 92, 93, 23028, 21029, 1571, 1515, 6251, 146.20, 150.00
1762635309,0, NVIDIA A10, GPU-359b21ab-3dbf-5646-ba1f-a513e3866c50, 8.6, 570.148.08, 69, 92, 93, 23028, 21029, 1571, 1500, 6251, 148.69, 150.00
1762635310,0, NVIDIA A10, GPU-359b21ab-3dbf-5646-ba1f-a513e3866c50, 8.6, 570.148.08, 68, 93, 92, 23028, 21029, 1571, 1470, 6251, 148.02, 150.00
1762635311,0, NVIDIA A10, GPU-359b21ab-3dbf-5646-ba1f-a513e3866c50, 8.6, 570.148.08, 69, 93, 94, 23028, 21029, 1571, 1485, 6251, 149.20, 150.00
1762635312,0, NVIDIA A10, GPU-359b21ab-3dbf-5646-ba1f-a513e3866c50, 8.6, 570.148.08, 69, 93, 94, 23028, 21029, 1571, 1515, 6251, 148.42, 150.00
1762635313,0, NVIDIA A10, GPU-359b21ab-3dbf-5646-ba1f-a513e3866c50, 8.6, 570.148.08, 69, 93, 92, 23028, 21029, 1571, 1380, 6251, 149.01, 150.00
1762635314,0, NVIDIA A10, GPU-359b21ab-3dbf-5646-ba1f-a513e3866c50, 8.6, 570.148.08, 69, 94, 83, 23028, 21029, 1571, 1095, 6251, 147.24, 150.00
1762635315,0, NVIDIA A10, GPU-359b21ab-3dbf-5646-ba1f-a513e3866c50, 8.6, 570.148.08, 69, 94, 80, 23028, 21029, 1571, 1350, 6251, 149.36, 150.00
1762635316,0, NVIDIA A10, GPU-359b21ab-3dbf-5646-ba1f-a513e3866c50, 8.6, 570.148.08, 69, 93, 93, 23028, 21029, 1571, 1455, 6251, 146.10, 150.00
1762635317,0, NVIDIA A10, GPU-359b21ab-3dbf-5646-ba1f-a513e3866c50, 8.6, 570.148.08, 69, 93, 93, 23028, 21029, 1571, 1470, 6251, 147.36, 150.00
1762635318,0, NVIDIA A10, GPU-359b21ab-3dbf-5646-ba1f-a513e3866c50, 8.6, 570.148.08, 69, 93, 94, 23028, 21029, 1571, 1515, 6251, 149.35, 150.00
1762635319,0, NVIDIA A10, GPU-359b21ab-3dbf-5646-ba1f-a513e3866c50, 8.6, 570.148.08, 70, 92, 93, 23028, 21029, 1571, 1500, 6251, 147.08, 150.00
1762635320,0, NVIDIA A10, GPU-359b21ab-3dbf-5646-ba1f-a513e3866c50, 8.6, 570.148.08, 70, 93, 92, 23028, 21029, 1571, 1470, 6251, 149.18, 150.00
1762635321,0, NVIDIA A10, GPU-359b21ab-3dbf-5646-ba1f-a513e3866c50, 8.6, 570.148.08, 70, 92, 93, 23028, 21029, 1571, 1500, 6251, 148.31, 150.00
1762635322,0, NVIDIA A10, GPU-359b21ab-3dbf-5646-ba1f-a513e3866c50, 8.6, 570.148.08, 70, 93, 92, 23028, 21029, 1571, 1455, 6251, 150.75, 150.00
1762635324,0, NVIDIA A10, GPU-359b21ab-3dbf-5646-ba1f-a513e3866c50, 8.6, 570.148.08, 70, 93, 92, 23028, 21029, 1571, 1455, 6251, 152.78, 150.00
1762635325,0, NVIDIA A10, GPU-359b21ab-3dbf-5646-ba1f-a513e3866c50, 8.6, 570.148.08, 70, 93, 92, 23028, 21029, 1571, 1455, 6251, 147.55, 150.00
1762635326,0, NVIDIA A10, GPU-359b21ab-3dbf-5646-ba1f-a513e3866c50, 8.6, 570.148.08, 70, 93, 93, 23028, 21029, 1571, 1470, 6251, 148.08, 150.00
1762635327,0, NVIDIA A10, GPU-359b21ab-3dbf-5646-ba1f-a513e3866c50, 8.6, 570.148.08, 71, 93, 93, 23028, 21029, 1571, 1395, 6251, 148.41, 150.00
1762635328,0, NVIDIA A10, GPU-359b21ab-3dbf-5646-ba1f-a513e3866c50, 8.6, 570.148.08, 71, 92, 92, 23028, 21029, 1571, 1470, 6251, 148.71, 150.00
1762635329,0, NVIDIA A10, GPU-359b21ab-3dbf-5646-ba1f-a513e3866c50, 8.6, 570.148.08, 71, 94, 84, 23028, 21029, 1571, 1455, 6251, 147.79, 150.00
1762635330,0, NVIDIA A10, GPU-359b21ab-3dbf-5646-ba1f-a513e3866c50, 8.6, 570.148.08, 71, 92, 92, 23028, 21029, 1571, 1440, 6251, 148.31, 150.00
1762635331,0, NVIDIA A10, GPU-359b21ab-3dbf-5646-ba1f-a513e3866c50, 8.6, 570.148.08, 71, 94, 83, 23028, 21029, 1571, 1380, 6251, 153.28, 150.00
1762635332,0, NVIDIA A10, GPU-359b21ab-3dbf-5646-ba1f-a513e3866c50, 8.6, 570.148.08, 71, 93, 91, 23028, 21029, 1571, 1425, 6251, 151.61, 150.00
1762635333,0, NVIDIA A10, GPU-359b21ab-3dbf-5646-ba1f-a513e3866c50, 8.6, 570.148.08, 71, 93, 92, 23028, 21029, 1571, 1425, 6251, 152.76, 150.00
1762635334,0, NVIDIA A10, GPU-359b21ab-3dbf-5646-ba1f-a513e3866c50, 8.6, 570.148.08, 71, 93, 87, 23028, 21029, 1571, 1485, 6251, 150.97, 150.00
1762635335,0, NVIDIA A10, GPU-359b21ab-3dbf-5646-ba1f-a513e3866c50, 8.6, 570.148.08, 71, 93, 93, 23028, 21029, 1571, 1500, 6251, 148.23, 150.00
1762635336,0, NVIDIA A10, GPU-359b21ab-3dbf-5646-ba1f-a513e3866c50, 8.6, 570.148.08, 71, 93, 92, 23028, 21029, 1571, 1440, 6251, 154.53, 150.00
1762635337,0, NVIDIA A10, GPU-359b21ab-3dbf-5646-ba1f-a513e3866c50, 8.6, 570.148.08, 71, 93, 92, 23028, 21029, 1571, 1485, 6251, 146.24, 150.00
1762635338,0, NVIDIA A10, GPU-359b21ab-3dbf-5646-ba1f-a513e3866c50, 8.6, 570.148.08, 71, 93, 92, 23028, 21029, 1571, 1440, 6251, 150.37, 150.00
1762635339,0, NVIDIA A10, GPU-359b21ab-3dbf-5646-ba1f-a513e3866c50, 8.6, 570.148.08, 72, 92, 92, 23028, 21029, 1571, 1440, 6251, 154.64, 150.00
1762635340,0, NVIDIA A10, GPU-359b21ab-3dbf-5646-ba1f-a513e3866c50, 8.6, 570.148.08, 72, 92, 93, 23028, 21029, 1571, 1485, 6251, 149.96, 150.00
1762635341,0, NVIDIA A10, GPU-359b21ab-3dbf-5646-ba1f-a513e3866c50, 8.6, 570.148.08, 72, 93, 80, 23028, 21029, 1571, 1215, 6251, 146.28, 150.00
1762635342,0, NVIDIA A10, GPU-359b21ab-3dbf-5646-ba1f-a513e3866c50, 8.6, 570.148.08, 72, 93, 92, 23028, 21029, 1571, 1440, 6251, 151.65, 150.00
1762635343,0, NVIDIA A10, GPU-359b21ab-3dbf-5646-ba1f-a513e3866c50, 8.6, 570.148.08, 72, 92, 91, 23028, 21029, 1571, 1440, 6251, 153.75, 150.00
1762635344,0, NVIDIA A10, GPU-359b21ab-3dbf-5646-ba1f-a513e3866c50, 8.6, 570.148.08, 72, 93, 91, 23028, 21029, 1571, 1425, 6251, 147.66, 150.00
1762635345,0, NVIDIA A10, GPU-359b21ab-3dbf-5646-ba1f-a513e3866c50, 8.6, 570.148.08, 72, 92, 92, 23028, 21029, 1571, 1455, 6251, 150.59, 150.00
1762635346,0, NVIDIA A10, GPU-359b21ab-3dbf-5646-ba1f-a513e3866c50, 8.6, 570.148.08, 72, 92, 93, 23028, 21029, 1571, 1470, 6251, 146.34, 150.00
1762635347,0, NVIDIA A10, GPU-359b21ab-3dbf-5646-ba1f-a513e3866c50, 8.6, 570.148.08, 72, 92, 91, 23028, 21029, 1571, 1275, 6251, 151.17, 150.00
1762635348,0, NVIDIA A10, GPU-359b21ab-3dbf-5646-ba1f-a513e3866c50, 8.6, 570.148.08, 72, 92, 92, 23028, 21029, 1571, 1440, 6251, 146.40, 150.00
1762635349,0, NVIDIA A10, GPU-359b21ab-3dbf-5646-ba1f-a513e3866c50, 8.6, 570.148.08, 72, 93, 91, 23028, 21029, 1571, 1425, 6251, 150.96, 150.00
1762635350,0, NVIDIA A10, GPU-359b21ab-3dbf-5646-ba1f-a513e3866c50, 8.6, 570.148.08, 72, 93, 91, 23028, 21029, 1571, 1425, 6251, 148.34, 150.00
1762635351,0, NVIDIA A10, GPU-359b21ab-3dbf-5646-ba1f-a513e3866c50, 8.6, 570.148.08, 72, 93, 81, 23028, 21029, 1571, 1455, 6251, 150.27, 150.00
1762635352,0, NVIDIA A10, GPU-359b21ab-3dbf-5646-ba1f-a513e3866c50, 8.6, 570.148.08, 72, 92, 91, 23028, 21029, 1571, 1425, 6251, 147.27, 150.00
1762635353,0, NVIDIA A10, GPU-359b21ab-3dbf-5646-ba1f-a513e3866c50, 8.6, 570.148.08, 73, 93, 93, 23028, 21029, 1571, 1440, 6251, 153.61, 150.00
1762635354,0, NVIDIA A10, GPU-359b21ab-3dbf-5646-ba1f-a513e3866c50, 8.6, 570.148.08, 72, 93, 93, 23028, 21029, 1571, 1470, 6251, 151.23, 150.00
1762635355,0, NVIDIA A10, GPU-359b21ab-3dbf-5646-ba1f-a513e3866c50, 8.6, 570.148.08, 72, 92, 92, 23028, 21029, 1571, 1500, 6251, 150.01, 150.00
1762635356,0, NVIDIA A10, GPU-359b21ab-3dbf-5646-ba1f-a513e3866c50, 8.6, 570.148.08, 72, 92, 92, 23028, 21029, 1571, 1470, 6251, 146.61, 150.00
1762635357,0, NVIDIA A10, GPU-359b21ab-3dbf-5646-ba1f-a513e3866c50, 8.6, 570.148.08, 73, 92, 93, 23028, 21029, 1571, 1470, 6251, 153.08, 150.00
1762635359,0, NVIDIA A10, GPU-359b21ab-3dbf-5646-ba1f-a513e3866c50, 8.6, 570.148.08, 73, 92, 88, 23028, 21029, 1571, 1455, 6251, 154.22, 150.00
1762635360,0, NVIDIA A10, GPU-359b21ab-3dbf-5646-ba1f-a513e3866c50, 8.6, 570.148.08, 73, 92, 93, 23028, 21029, 1571, 1455, 6251, 155.06, 150.00
1762635361,0, NVIDIA A10, GPU-359b21ab-3dbf-5646-ba1f-a513e3866c50, 8.6, 570.148.08, 73, 94, 83, 23028, 21029, 1571, 1470, 6251, 147.82, 150.00
1762635362,0, NVIDIA A10, GPU-359b21ab-3dbf-5646-ba1f-a513e3866c50, 8.6, 570.148.08, 72, 93, 93, 23028, 21029, 1571, 1470, 6251, 152.10, 150.00
1762635363,0, NVIDIA A10, GPU-359b21ab-3dbf-5646-ba1f-a513e3866c50, 8.6, 570.148.08, 73, 92, 92, 23028, 21029, 1571, 1455, 6251, 151.58, 150.00
1762635364,0, NVIDIA A10, GPU-359b21ab-3dbf-5646-ba1f-a513e3866c50, 8.6, 570.148.08, 73, 93, 91, 23028, 21029, 1571, 1470, 6251, 145.63, 150.00
1762635365,0, NVIDIA A10, GPU-359b21ab-3dbf-5646-ba1f-a513e3866c50, 8.6, 570.148.08, 73, 92, 92, 23028, 21029, 1571, 1305, 6251, 151.50, 150.00
1762635366,0, NVIDIA A10, GPU-359b21ab-3dbf-5646-ba1f-a513e3866c50, 8.6, 570.148.08, 73, 93, 93, 23028, 21029, 1571, 1440, 6251, 146.90, 150.00
1762635367,0, NVIDIA A10, GPU-359b21ab-3dbf-5646-ba1f-a513e3866c50, 8.6, 570.148.08, 73, 92, 91, 23028, 21029, 1571, 1410, 6251, 149.52, 150.00
1762635368,0, NVIDIA A10, GPU-359b21ab-3dbf-5646-ba1f-a513e3866c50, 8.6, 570.148.08, 73, 92, 91, 23028, 21029, 1571, 1425, 6251, 151.24, 150.00
1762635369,0, NVIDIA A10, GPU-359b21ab-3dbf-5646-ba1f-a513e3866c50, 8.6, 570.148.08, 73, 92, 92, 23028, 21029, 1571, 1470, 6251, 145.64, 150.00
1762635370,0, NVIDIA A10, GPU-359b21ab-3dbf-5646-ba1f-a513e3866c50, 8.6, 570.148.08, 73, 93, 91, 23028, 21029, 1571, 1410, 6251, 148.93, 150.00
1762635371,0, NVIDIA A10, GPU-359b21ab-3dbf-5646-ba1f-a513e3866c50, 8.6, 570.148.08, 74, 91, 87, 23028, 21029, 1571, 1260, 6251, 150.76, 150.00
1762635372,0, NVIDIA A10, GPU-359b21ab-3dbf-5646-ba1f-a513e3866c50, 8.6, 570.148.08, 74, 93, 85, 23028, 21029, 1571, 1365, 6251, 149.29, 150.00
1762635373,0, NVIDIA A10, GPU-359b21ab-3dbf-5646-ba1f-a513e3866c50, 8.6, 570.148.08, 74, 92, 91, 23028, 21029, 1571, 1425, 6251, 146.77, 150.00
1762635374,0, NVIDIA A10, GPU-359b21ab-3dbf-5646-ba1f-a513e3866c50, 8.6, 570.148.08, 73, 92, 91, 23028, 21029, 1571, 1440, 6251, 150.87, 150.00
1762635375,0, NVIDIA A10, GPU-359b21ab-3dbf-5646-ba1f-a513e3866c50, 8.6, 570.148.08, 74, 93, 93, 23028, 21029, 1571, 1425, 6251, 148.54, 150.00
1762635376,0, NVIDIA A10, GPU-359b21ab-3dbf-5646-ba1f-a513e3866c50, 8.6, 570.148.08, 74, 93, 91, 23028, 21029, 1571, 1395, 6251, 148.91, 150.00
1762635377,0, NVIDIA A10, GPU-359b21ab-3dbf-5646-ba1f-a513e3866c50, 8.6, 570.148.08, 74, 92, 93, 23028, 21029, 1571, 1470, 6251, 149.31, 150.00
1762635378,0, NVIDIA A10, GPU-359b21ab-3dbf-5646-ba1f-a513e3866c50, 8.6, 570.148.08, 74, 93, 91, 23028, 21029, 1571, 1410, 6251, 153.59, 150.00
1762635379,0, NVIDIA A10, GPU-359b21ab-3dbf-5646-ba1f-a513e3866c50, 8.6, 570.148.08, 74, 93, 93, 23028, 21029, 1571, 1440, 6251, 148.80, 150.00
1762635380,0, NVIDIA A10, GPU-359b21ab-3dbf-5646-ba1f-a513e3866c50, 8.6, 570.148.08, 74, 93, 81, 23028, 21029, 1571, 1440, 6251, 147.63, 150.00
1762635381,0, NVIDIA A10, GPU-359b21ab-3dbf-5646-ba1f-a513e3866c50, 8.6, 570.148.08, 74, 93, 93, 23028, 21029, 1571, 1455, 6251, 148.73, 150.00
1762635382,0, NVIDIA A10, GPU-359b21ab-3dbf-5646-ba1f-a513e3866c50, 8.6, 570.148.08, 74, 93, 91, 23028, 21029, 1571, 1425, 6251, 147.91, 150.00
1762635383,0, NVIDIA A10, GPU-359b21ab-3dbf-5646-ba1f-a513e3866c50, 8.6, 570.148.08, 74, 92, 91, 23028, 21029, 1571, 1470, 6251, 146.06, 150.00
1762635384,0, NVIDIA A10, GPU-359b21ab-3dbf-5646-ba1f-a513e3866c50, 8.6, 570.148.08, 74, 93, 92, 23028, 21029, 1571, 1470, 6251, 152.60, 150.00
1762635385,0, NVIDIA A10, GPU-359b21ab-3dbf-5646-ba1f-a513e3866c50, 8.6, 570.148.08, 74, 93, 92, 23028, 21029, 1571, 1425, 6251, 153.66, 150.00
1762635386,0, NVIDIA A10, GPU-359b21ab-3dbf-5646-ba1f-a513e3866c50, 8.6, 570.148.08, 74, 92, 90, 23028, 21029, 1571, 1470, 6251, 148.55, 150.00
1762635387,0, NVIDIA A10, GPU-359b21ab-3dbf-5646-ba1f-a513e3866c50, 8.6, 570.148.08, 74, 91, 89, 23028, 21029, 1571, 1425, 6251, 150.23, 150.00
1762635388,0, NVIDIA A10, GPU-359b21ab-3dbf-5646-ba1f-a513e3866c50, 8.6, 570.148.08, 74, 92, 92, 23028, 21029, 1571, 1455, 6251, 148.46, 150.00
1762635389,0, NVIDIA A10, GPU-359b21ab-3dbf-5646-ba1f-a513e3866c50, 8.6, 570.148.08, 74, 92, 93, 23028, 21029, 1571, 1470, 6251, 149.34, 150.00
1762635390,0, NVIDIA A10, GPU-359b21ab-3dbf-5646-ba1f-a513e3866c50, 8.6, 570.148.08, 74, 93, 81, 23028, 21029, 1571, 1350, 6251, 147.25, 150.00
1762635391,0, NVIDIA A10, GPU-359b21ab-3dbf-5646-ba1f-a513e3866c50, 8.6, 570.148.08, 74, 92, 91, 23028, 21029, 1571, 1005, 6251, 148.94, 150.00
1762635393,0, NVIDIA A10, GPU-359b21ab-3dbf-5646-ba1f-a513e3866c50, 8.6, 570.148.08, 74, 93, 91, 23028, 21029, 1571, 1365, 6251, 147.70, 150.00
1762635394,0, NVIDIA A10, GPU-359b21ab-3dbf-5646-ba1f-a513e3866c50, 8.6, 570.148.08, 74, 92, 92, 23028, 21029, 1571, 1440, 6251, 147.70, 150.00
1762635395,0, NVIDIA A10, GPU-359b21ab-3dbf-5646-ba1f-a513e3866c50, 8.6, 570.148.08, 74, 93, 92, 23028, 21029, 1571, 1425, 6251, 155.30, 150.00
1762635396,0, NVIDIA A10, GPU-359b21ab-3dbf-5646-ba1f-a513e3866c50, 8.6, 570.148.08, 75, 93, 90, 23028, 21029, 1571, 1425, 6251, 149.41, 150.00
1762635397,0, NVIDIA A10, GPU-359b21ab-3dbf-5646-ba1f-a513e3866c50, 8.6, 570.148.08, 74, 93, 88, 23028, 21029, 1571, 1455, 6251, 153.74, 150.00
1762635398,0, NVIDIA A10, GPU-359b21ab-3dbf-5646-ba1f-a513e3866c50, 8.6, 570.148.08, 75, 93, 91, 23028, 21029, 1571, 1395, 6251, 150.25, 150.00
1762635399,0, NVIDIA A10, GPU-359b21ab-3dbf-5646-ba1f-a513e3866c50, 8.6, 570.148.08, 75, 92, 92, 23028, 21029, 1571, 1410, 6251, 148.19, 150.00
1762635400,0, NVIDIA A10, GPU-359b21ab-3dbf-5646-ba1f-a513e3866c50, 8.6, 570.148.08, 75, 93, 93, 23028, 21029, 1571, 1470, 6251, 152.01, 150.00
1762635401,0, NVIDIA A10, GPU-359b21ab-3dbf-5646-ba1f-a513e3866c50, 8.6, 570.148.08, 75, 92, 91, 23028, 21029, 1571, 1425, 6251, 149.91, 150.00
1762635402,0, NVIDIA A10, GPU-359b21ab-3dbf-5646-ba1f-a513e3866c50, 8.6, 570.148.08, 75, 92, 91, 23028, 21029, 1571, 1425, 6251, 148.59, 150.00
1762635403,0, NVIDIA A10, GPU-359b21ab-3dbf-5646-ba1f-a513e3866c50, 8.6, 570.148.08, 75, 92, 92, 23028, 21029, 1571, 1455, 6251, 152.53, 150.00
1762635404,0, NVIDIA A10, GPU-359b21ab-3dbf-5646-ba1f-a513e3866c50, 8.6, 570.148.08, 75, 93, 91, 23028, 21029, 1571, 1410, 6251, 148.58, 150.00
1762635405,0, NVIDIA A10, GPU-359b21ab-3dbf-5646-ba1f-a513e3866c50, 8.6, 570.148.08, 75, 92, 92, 23028, 21029, 1571, 1470, 6251, 146.36, 150.00
1762635406,0, NVIDIA A10, GPU-359b21ab-3dbf-5646-ba1f-a513e3866c50, 8.6, 570.148.08, 75, 92, 92, 23028, 21029, 1571, 1425, 6251, 150.62, 150.00
1762635407,0, NVIDIA A10, GPU-359b21ab-3dbf-5646-ba1f-a513e3866c50, 8.6, 570.148.08, 75, 93, 93, 23028, 21029, 1571, 1470, 6251, 148.59, 150.00
1762635408,0, NVIDIA A10, GPU-359b21ab-3dbf-5646-ba1f-a513e3866c50, 8.6, 570.148.08, 75, 92, 91, 23028, 21029, 1571, 1425, 6251, 148.94, 150.00
1762635409,0, NVIDIA A10, GPU-359b21ab-3dbf-5646-ba1f-a513e3866c50, 8.6, 570.148.08, 75, 92, 88, 23028, 21029, 1571, 1455, 6251, 152.94, 150.00
1762635410,0, NVIDIA A10, GPU-359b21ab-3dbf-5646-ba1f-a513e3866c50, 8.6, 570.148.08, 75, 92, 93, 23028, 21029, 1571, 1455, 6251, 148.90, 150.00
1762635411,0, NVIDIA A10, GPU-359b21ab-3dbf-5646-ba1f-a513e3866c50, 8.6, 570.148.08, 75, 94, 82, 23028, 21029, 1571, 1320, 6251, 148.33, 150.00
1762635412,0, NVIDIA A10, GPU-359b21ab-3dbf-5646-ba1f-a513e3866c50, 8.6, 570.148.08, 75, 94, 78, 23028, 21029, 1571, 1425, 6251, 150.69, 150.00
1762635413,0, NVIDIA A10, GPU-359b21ab-3dbf-5646-ba1f-a513e3866c50, 8.6, 570.148.08, 75, 92, 92, 23028, 21029, 1571, 1440, 6251, 154.12, 150.00
1762635414,0, NVIDIA A10, GPU-359b21ab-3dbf-5646-ba1f-a513e3866c50, 8.6, 570.148.08, 75, 93, 91, 23028, 21029, 1571, 1410, 6251, 148.19, 150.00
1762635415,0, NVIDIA A10, GPU-359b21ab-3dbf-5646-ba1f-a513e3866c50, 8.6, 570.148.08, 75, 93, 92, 23028, 21029, 1571, 1425, 6251, 148.54, 150.00
1762635416,0, NVIDIA A10, GPU-359b21ab-3dbf-5646-ba1f-a513e3866c50, 8.6, 570.148.08, 75, 93, 93, 23028, 21029, 1571, 1455, 6251, 147.70, 150.00
1762635417,0, NVIDIA A10, GPU-359b21ab-3dbf-5646-ba1f-a513e3866c50, 8.6, 570.148.08, 75, 93, 91, 23028, 21029, 1571, 1425, 6251, 149.11, 150.00
1762635418,0, NVIDIA A10, GPU-359b21ab-3dbf-5646-ba1f-a513e3866c50, 8.6, 570.148.08, 75, 93, 91, 23028, 21029, 1571, 1440, 6251, 147.43, 150.00
1762635419,0, NVIDIA A10, GPU-359b21ab-3dbf-5646-ba1f-a513e3866c50, 8.6, 570.148.08, 76, 93, 91, 23028, 21029, 1571, 1260, 6251, 152.20, 150.00
1762635420,0, NVIDIA A10, GPU-359b21ab-3dbf-5646-ba1f-a513e3866c50, 8.6, 570.148.08, 75, 93, 91, 23028, 21029, 1571, 1425, 6251, 146.05, 150.00
1762635421,0, NVIDIA A10, GPU-359b21ab-3dbf-5646-ba1f-a513e3866c50, 8.6, 570.148.08, 75, 92, 92, 23028, 21029, 1571, 1410, 6251, 151.97, 150.00
1762635422,0, NVIDIA A10, GPU-359b21ab-3dbf-5646-ba1f-a513e3866c50, 8.6, 570.148.08, 75, 93, 93, 23028, 21029, 1571, 1440, 6251, 152.07, 150.00
1762635423,0, NVIDIA A10, GPU-359b21ab-3dbf-5646-ba1f-a513e3866c50, 8.6, 570.148.08, 75, 92, 93, 23028, 21029, 1571, 1470, 6251, 153.77, 150.00
1762635424,0, NVIDIA A10, GPU-359b21ab-3dbf-5646-ba1f-a513e3866c50, 8.6, 570.148.08, 75, 93, 91, 23028, 21029, 1571, 1410, 6251, 149.82, 150.00
1762635425,0, NVIDIA A10, GPU-359b21ab-3dbf-5646-ba1f-a513e3866c50, 8.6, 570.148.08, 75, 92, 92, 23028, 21029, 1571, 1440, 6251, 150.76, 150.00
1762635426,0, NVIDIA A10, GPU-359b21ab-3dbf-5646-ba1f-a513e3866c50, 8.6, 570.148.08, 75, 93, 91, 23028, 21029, 1571, 1425, 6251, 150.20, 150.00
1762635428,0, NVIDIA A10, GPU-359b21ab-3dbf-5646-ba1f-a513e3866c50, 8.6, 570.148.08, 75, 93, 92, 23028, 21029, 1571, 1410, 6251, 148.64, 150.00
1762635429,0, NVIDIA A10, GPU-359b21ab-3dbf-5646-ba1f-a513e3866c50, 8.6, 570.148.08, 76, 91, 88, 23028, 21029, 1571, 1080, 6251, 149.23, 150.00
1762635430,0, NVIDIA A10, GPU-359b21ab-3dbf-5646-ba1f-a513e3866c50, 8.6, 570.148.08, 75, 93, 93, 23028, 21029, 1571, 1410, 6251, 150.81, 150.00
1762635431,0, NVIDIA A10, GPU-359b21ab-3dbf-5646-ba1f-a513e3866c50, 8.6, 570.148.08, 75, 93, 91, 23028, 21029, 1571, 1410, 6251, 151.25, 150.00
1762635432,0, NVIDIA A10, GPU-359b21ab-3dbf-5646-ba1f-a513e3866c50, 8.6, 570.148.08, 75, 93, 93, 23028, 21029, 1571, 1455, 6251, 146.31, 150.00
1762635433,0, NVIDIA A10, GPU-359b21ab-3dbf-5646-ba1f-a513e3866c50, 8.6, 570.148.08, 75, 93, 91, 23028, 21029, 1571, 1425, 6251, 152.10, 150.00
1762635434,0, NVIDIA A10, GPU-359b21ab-3dbf-5646-ba1f-a513e3866c50, 8.6, 570.148.08, 75, 92, 91, 23028, 21029, 1571, 1410, 6251, 148.86, 150.00
1762635435,0, NVIDIA A10, GPU-359b21ab-3dbf-5646-ba1f-a513e3866c50, 8.6, 570.148.08, 75, 92, 92, 23028, 21029, 1571, 1455, 6251, 148.72, 150.00
1762635436,0, NVIDIA A10, GPU-359b21ab-3dbf-5646-ba1f-a513e3866c50, 8.6, 570.148.08, 75, 92, 91, 23028, 21029, 1571, 1410, 6251, 150.67, 150.00
1762635437,0, NVIDIA A10, GPU-359b21ab-3dbf-5646-ba1f-a513e3866c50, 8.6, 570.148.08, 75, 93, 79, 23028, 21029, 1571, 1230, 6251, 145.39, 150.00
1762635438,0, NVIDIA A10, GPU-359b21ab-3dbf-5646-ba1f-a513e3866c50, 8.6, 570.148.08, 75, 92, 92, 23028, 21029, 1571, 1425, 6251, 146.21, 150.00
1762635439,0, NVIDIA A10, GPU-359b21ab-3dbf-5646-ba1f-a513e3866c50, 8.6, 570.148.08, 75, 93, 93, 23028, 21029, 1571, 1455, 6251, 147.76, 150.00
1762635440,0, NVIDIA A10, GPU-359b21ab-3dbf-5646-ba1f-a513e3866c50, 8.6, 570.148.08, 75, 93, 92, 23028, 21029, 1571, 1410, 6251, 148.90, 150.00
1762635441,0, NVIDIA A10, GPU-359b21ab-3dbf-5646-ba1f-a513e3866c50, 8.6, 570.148.08, 75, 94, 83, 23028, 21029, 1571, 1395, 6251, 149.11, 150.00
1762635442,0, NVIDIA A10, GPU-359b21ab-3dbf-5646-ba1f-a513e3866c50, 8.6, 570.148.08, 76, 93, 91, 23028, 21029, 1571, 1020, 6251, 152.07, 150.00
1762635443,0, NVIDIA A10, GPU-359b21ab-3dbf-5646-ba1f-a513e3866c50, 8.6, 570.148.08, 76, 94, 84, 23028, 21029, 1571, 1320, 6251, 152.80, 150.00
1762635444,0, NVIDIA A10, GPU-359b21ab-3dbf-5646-ba1f-a513e3866c50, 8.6, 570.148.08, 75, 93, 92, 23028, 21029, 1571, 1410, 6251, 148.79, 150.00
1762635445,0, NVIDIA A10, GPU-359b21ab-3dbf-5646-ba1f-a513e3866c50, 8.6, 570.148.08, 75, 93, 93, 23028, 21029, 1571, 1410, 6251, 148.45, 150.00
1762635446,0, NVIDIA A10, GPU-359b21ab-3dbf-5646-ba1f-a513e3866c50, 8.6, 570.148.08, 76, 92, 93, 23028, 21029, 1571, 1440, 6251, 151.95, 150.00
1762635447,0, NVIDIA A10, GPU-359b21ab-3dbf-5646-ba1f-a513e3866c50, 8.6, 570.148.08, 76, 92, 92, 23028, 21029, 1571, 1455, 6251, 152.98, 150.00
1762635448,0, NVIDIA A10, GPU-359b21ab-3dbf-5646-ba1f-a513e3866c50, 8.6, 570.148.08, 76, 93, 93, 23028, 21029, 1571, 1410, 6251, 150.95, 150.00
1762635449,0, NVIDIA A10, GPU-359b21ab-3dbf-5646-ba1f-a513e3866c50, 8.6, 570.148.08, 76, 94, 82, 23028, 21029, 1571, 1380, 6251, 149.04, 150.00
1762635450,0, NVIDIA A10, GPU-359b21ab-3dbf-5646-ba1f-a513e3866c50, 8.6, 570.148.08, 76, 93, 93, 23028, 21029, 1571, 1410, 6251, 147.44, 150.00
1762635451,0, NVIDIA A10, GPU-359b21ab-3dbf-5646-ba1f-a513e3866c50, 8.6, 570.148.08, 76, 92, 91, 23028, 21029, 1571, 1380, 6251, 148.54, 150.00
1762635452,0, NVIDIA A10, GPU-359b21ab-3dbf-5646-ba1f-a513e3866c50, 8.6, 570.148.08, 76, 93, 91, 23028, 21029, 1571, 1380, 6251, 149.72, 150.00
1762635453,0, NVIDIA A10, GPU-359b21ab-3dbf-5646-ba1f-a513e3866c50, 8.6, 570.148.08, 76, 92, 92, 23028, 21029, 1571, 1380, 6251, 149.99, 150.00
1762635454,0, NVIDIA A10, GPU-359b21ab-3dbf-5646-ba1f-a513e3866c50, 8.6, 570.148.08, 76, 93, 93, 23028, 21029, 1571, 1455, 6251, 146.80, 150.00
1762635455,0, NVIDIA A10, GPU-359b21ab-3dbf-5646-ba1f-a513e3866c50, 8.6, 570.148.08, 76, 93, 90, 23028, 21029, 1571, 1455, 6251, 147.35, 150.00
1762635456,0, NVIDIA A10, GPU-359b21ab-3dbf-5646-ba1f-a513e3866c50, 8.6, 570.148.08, 76, 92, 91, 23028, 21029, 1571, 1425, 6251, 147.76, 150.00
1762635457,0, NVIDIA A10, GPU-359b21ab-3dbf-5646-ba1f-a513e3866c50, 8.6, 570.148.08, 76, 93, 93, 23028, 21029, 1571, 1455, 6251, 151.77, 150.00
1762635458,0, NVIDIA A10, GPU-359b21ab-3dbf-5646-ba1f-a513e3866c50, 8.6, 570.148.08, 76, 92, 92, 23028, 21029, 1571, 1410, 6251, 149.63, 150.00
1762635459,0, NVIDIA A10, GPU-359b21ab-3dbf-5646-ba1f-a513e3866c50, 8.6, 570.148.08, 76, 93, 91, 23028, 21029, 1571, 1410, 6251, 151.47, 150.00
1762635460,0, NVIDIA A10, GPU-359b21ab-3dbf-5646-ba1f-a513e3866c50, 8.6, 570.148.08, 76, 93, 91, 23028, 21029, 1571, 1380, 6251, 148.47, 150.00
1762635462,0, NVIDIA A10, GPU-359b21ab-3dbf-5646-ba1f-a513e3866c50, 8.6, 570.148.08, 76, 92, 92, 23028, 21029, 1571, 1425, 6251, 146.65, 150.00
1762635463,0, NVIDIA A10, GPU-359b21ab-3dbf-5646-ba1f-a513e3866c50, 8.6, 570.148.08, 76, 93, 91, 23028, 21029, 1571, 1380, 6251, 149.13, 150.00
1762635464,0, NVIDIA A10, GPU-359b21ab-3dbf-5646-ba1f-a513e3866c50, 8.6, 570.148.08, 76, 92, 80, 23028, 21029, 1571, 1425, 6251, 147.63, 150.00
1762635465,0, NVIDIA A10, GPU-359b21ab-3dbf-5646-ba1f-a513e3866c50, 8.6, 570.148.08, 76, 93, 92, 23028, 21029, 1571, 1425, 6251, 148.68, 150.00
1762635466,0, NVIDIA A10, GPU-359b21ab-3dbf-5646-ba1f-a513e3866c50, 8.6, 570.148.08, 76, 93, 91, 23028, 21029, 1571, 1395, 6251, 150.42, 150.00
1762635467,0, NVIDIA A10, GPU-359b21ab-3dbf-5646-ba1f-a513e3866c50, 8.6, 570.148.08, 76, 93, 92, 23028, 21029, 1571, 1425, 6251, 153.58, 150.00
1762635468,0, NVIDIA A10, GPU-359b21ab-3dbf-5646-ba1f-a513e3866c50, 8.6, 570.148.08, 76, 93, 91, 23028, 21029, 1571, 1380, 6251, 150.12, 150.00
1762635469,0, NVIDIA A10, GPU-359b21ab-3dbf-5646-ba1f-a513e3866c50, 8.6, 570.148.08, 76, 92, 92, 23028, 21029, 1571, 1440, 6251, 152.07, 150.00
1762635470,0, NVIDIA A10, GPU-359b21ab-3dbf-5646-ba1f-a513e3866c50, 8.6, 570.148.08, 77, 94, 85, 23028, 21029, 1571, 1245, 6251, 157.07, 150.00
1762635471,0, NVIDIA A10, GPU-359b21ab-3dbf-5646-ba1f-a513e3866c50, 8.6, 570.148.08, 76, 93, 91, 23028, 21029, 1571, 1365, 6251, 147.33, 150.00
1762635472,0, NVIDIA A10, GPU-359b21ab-3dbf-5646-ba1f-a513e3866c50, 8.6, 570.148.08, 76, 92, 91, 23028, 21029, 1571, 1395, 6251, 149.63, 150.00
1762635473,0, NVIDIA A10, GPU-359b21ab-3dbf-5646-ba1f-a513e3866c50, 8.6, 570.148.08, 76, 92, 90, 23028, 21029, 1571, 1380, 6251, 148.37, 150.00
1762635474,0, NVIDIA A10, GPU-359b21ab-3dbf-5646-ba1f-a513e3866c50, 8.6, 570.148.08, 76, 93, 93, 23028, 21029, 1571, 1425, 6251, 149.01, 150.00
1762635475,0, NVIDIA A10, GPU-359b21ab-3dbf-5646-ba1f-a513e3866c50, 8.6, 570.148.08, 77, 93, 91, 23028, 21029, 1571, 1410, 6251, 148.20, 150.00
1762635476,0, NVIDIA A10, GPU-359b21ab-3dbf-5646-ba1f-a513e3866c50, 8.6, 570.148.08, 76, 93, 90, 23028, 21029, 1571, 1425, 6251, 147.93, 150.00
1762635477,0, NVIDIA A10, GPU-359b21ab-3dbf-5646-ba1f-a513e3866c50, 8.6, 570.148.08, 76, 93, 91, 23028, 21029, 1571, 1350, 6251, 149.84, 150.00
1762635478,0, NVIDIA A10, GPU-359b21ab-3dbf-5646-ba1f-a513e3866c50, 8.6, 570.148.08, 77, 93, 91, 23028, 21029, 1571, 1380, 6251, 147.80, 150.00
1762635479,0, NVIDIA A10, GPU-359b21ab-3dbf-5646-ba1f-a513e3866c50, 8.6, 570.148.08, 77, 92, 92, 23028, 21029, 1571, 1440, 6251, 155.92, 150.00
1762635480,0, NVIDIA A10, GPU-359b21ab-3dbf-5646-ba1f-a513e3866c50, 8.6, 570.148.08, 77, 93, 91, 23028, 21029, 1571, 1380, 6251, 150.29, 150.00
1762635481,0, NVIDIA A10, GPU-359b21ab-3dbf-5646-ba1f-a513e3866c50, 8.6, 570.148.08, 76, 93, 90, 23028, 21029, 1571, 1410, 6251, 147.63, 150.00
1762635482,0, NVIDIA A10, GPU-359b21ab-3dbf-5646-ba1f-a513e3866c50, 8.6, 570.148.08, 76, 93, 91, 23028, 21029, 1571, 1395, 6251, 149.47, 150.00
1762635483,0, NVIDIA A10, GPU-359b21ab-3dbf-5646-ba1f-a513e3866c50, 8.6, 570.148.08, 76, 93, 92, 23028, 21029, 1571, 990, 6251, 148.71, 150.00
1762635484,0, NVIDIA A10, GPU-359b21ab-3dbf-5646-ba1f-a513e3866c50, 8.6, 570.148.08, 77, 93, 90, 23028, 21029, 1571, 1350, 6251, 148.25, 150.00
1762635485,0, NVIDIA A10, GPU-359b21ab-3dbf-5646-ba1f-a513e3866c50, 8.6, 570.148.08, 76, 93, 91, 23028, 21029, 1571, 1395, 6251, 149.46, 150.00
1762635486,0, NVIDIA A10, GPU-359b21ab-3dbf-5646-ba1f-a513e3866c50, 8.6, 570.148.08, 77, 92, 92, 23028, 21029, 1571, 1440, 6251, 146.28, 150.00
1762635487,0, NVIDIA A10, GPU-359b21ab-3dbf-5646-ba1f-a513e3866c50, 8.6, 570.148.08, 76, 92, 92, 23028, 21029, 1571, 1470, 6251, 150.33, 150.00
1762635488,0, NVIDIA A10, GPU-359b21ab-3dbf-5646-ba1f-a513e3866c50, 8.6, 570.148.08, 77, 94, 82, 23028, 21029, 1571, 1365, 6251, 148.59, 150.00
1762635489,0, NVIDIA A10, GPU-359b21ab-3dbf-5646-ba1f-a513e3866c50, 8.6, 570.148.08, 76, 93, 90, 23028, 21029, 1571, 1440, 6251, 145.57, 150.00
1762635490,0, NVIDIA A10, GPU-359b21ab-3dbf-5646-ba1f-a513e3866c50, 8.6, 570.148.08, 76, 93, 91, 23028, 21029, 1571, 1395, 6251, 153.60, 150.00
1762635491,0, NVIDIA A10, GPU-359b21ab-3dbf-5646-ba1f-a513e3866c50, 8.6, 570.148.08, 77, 92, 92, 23028, 21029, 1571, 1410, 6251, 153.80, 150.00
1762635492,0, NVIDIA A10, GPU-359b21ab-3dbf-5646-ba1f-a513e3866c50, 8.6, 570.148.08, 77, 93, 91, 23028, 21029, 1571, 1350, 6251, 152.14, 150.00
1762635493,0, NVIDIA A10, GPU-359b21ab-3dbf-5646-ba1f-a513e3866c50, 8.6, 570.148.08, 76, 93, 79, 23028, 21029, 1571, 1410, 6251, 146.18, 150.00
1762635494,0, NVIDIA A10, GPU-359b21ab-3dbf-5646-ba1f-a513e3866c50, 8.6, 570.148.08, 76, 92, 90, 23028, 21029, 1571, 1425, 6251, 146.71, 150.00
1762635496,0, NVIDIA A10, GPU-359b21ab-3dbf-5646-ba1f-a513e3866c50, 8.6, 570.148.08, 76, 93, 91, 23028, 21029, 1571, 1380, 6251, 149.71, 150.00
1762635497,0, NVIDIA A10, GPU-359b21ab-3dbf-5646-ba1f-a513e3866c50, 8.6, 570.148.08, 76, 93, 92, 23028, 21029, 1571, 1140, 6251, 147.93, 150.00
1762635498,0, NVIDIA A10, GPU-359b21ab-3dbf-5646-ba1f-a513e3866c50, 8.6, 570.148.08, 77, 92, 92, 23028, 21029, 1571, 1365, 6251, 147.42, 150.00
1762635499,0, NVIDIA A10, GPU-359b21ab-3dbf-5646-ba1f-a513e3866c50, 8.6, 570.148.08, 76, 93, 91, 23028, 21029, 1571, 1365, 6251, 149.62, 150.00
1762635500,0, NVIDIA A10, GPU-359b21ab-3dbf-5646-ba1f-a513e3866c50, 8.6, 570.148.08, 76, 95, 80, 23028, 21029, 1571, 1425, 6251, 150.23, 150.00
1762635501,0, NVIDIA A10, GPU-359b21ab-3dbf-5646-ba1f-a513e3866c50, 8.6, 570.148.08, 76, 93, 90, 23028, 21029, 1571, 1395, 6251, 146.17, 150.00
1762635502,0, NVIDIA A10, GPU-359b21ab-3dbf-5646-ba1f-a513e3866c50, 8.6, 570.148.08, 76, 93, 93, 23028, 21029, 1571, 1440, 6251, 149.78, 150.00
1762635503,0, NVIDIA A10, GPU-359b21ab-3dbf-5646-ba1f-a513e3866c50, 8.6, 570.148.08, 76, 92, 93, 23028, 21029, 1571, 1440, 6251, 150.39, 150.00
1762635504,0, NVIDIA A10, GPU-359b21ab-3dbf-5646-ba1f-a513e3866c50, 8.6, 570.148.08, 76, 93, 91, 23028, 21029, 1571, 1395, 6251, 150.25, 150.00
1762635505,0, NVIDIA A10, GPU-359b21ab-3dbf-5646-ba1f-a513e3866c50, 8.6, 570.148.08, 76, 92, 92, 23028, 21029, 1571, 1425, 6251, 146.37, 150.00
1762635506,0, NVIDIA A10, GPU-359b21ab-3dbf-5646-ba1f-a513e3866c50, 8.6, 570.148.08, 76, 92, 93, 23028, 21029, 1571, 1440, 6251, 148.85, 150.00
1762635507,0, NVIDIA A10, GPU-359b21ab-3dbf-5646-ba1f-a513e3866c50, 8.6, 570.148.08, 76, 93, 90, 23028, 21029, 1571, 1440, 6251, 146.87, 150.00
1762635508,0, NVIDIA A10, GPU-359b21ab-3dbf-5646-ba1f-a513e3866c50, 8.6, 570.148.08, 76, 93, 91, 23028, 21029, 1571, 1395, 6251, 150.46, 150.00
1762635509,0, NVIDIA A10, GPU-359b21ab-3dbf-5646-ba1f-a513e3866c50, 8.6, 570.148.08, 76, 93, 93, 23028, 21029, 1571, 1425, 6251, 148.53, 150.00
1762635510,0, NVIDIA A10, GPU-359b21ab-3dbf-5646-ba1f-a513e3866c50, 8.6, 570.148.08, 76, 93, 91, 23028, 21029, 1571, 1410, 6251, 149.89, 150.00
1762635511,0, NVIDIA A10, GPU-359b21ab-3dbf-5646-ba1f-a513e3866c50, 8.6, 570.148.08, 77, 92, 92, 23028, 21029, 1571, 1200, 6251, 146.53, 150.00
1762635512,0, NVIDIA A10, GPU-359b21ab-3dbf-5646-ba1f-a513e3866c50, 8.6, 570.148.08, 76, 92, 91, 23028, 21029, 1571, 1365, 6251, 149.24, 150.00
1762635513,0, NVIDIA A10, GPU-359b21ab-3dbf-5646-ba1f-a513e3866c50, 8.6, 570.148.08, 77, 92, 92, 23028, 21029, 1571, 1440, 6251, 154.63, 150.00
1762635514,0, NVIDIA A10, GPU-359b21ab-3dbf-5646-ba1f-a513e3866c50, 8.6, 570.148.08, 77, 92, 91, 23028, 21029, 1571, 1275, 6251, 148.38, 150.00
1762635515,0, NVIDIA A10, GPU-359b21ab-3dbf-5646-ba1f-a513e3866c50, 8.6, 570.148.08, 77, 93, 91, 23028, 21029, 1571, 1380, 6251, 147.36, 150.00
1762635516,0, NVIDIA A10, GPU-359b21ab-3dbf-5646-ba1f-a513e3866c50, 8.6, 570.148.08, 76, 93, 88, 23028, 21029, 1571, 1425, 6251, 150.26, 150.00
1762635517,0, NVIDIA A10, GPU-359b21ab-3dbf-5646-ba1f-a513e3866c50, 8.6, 570.148.08, 77, 93, 93, 23028, 21029, 1571, 1440, 6251, 148.43, 150.00
1762635518,0, NVIDIA A10, GPU-359b21ab-3dbf-5646-ba1f-a513e3866c50, 8.6, 570.148.08, 77, 93, 91, 23028, 21029, 1571, 1410, 6251, 155.00, 150.00
1762635519,0, NVIDIA A10, GPU-359b21ab-3dbf-5646-ba1f-a513e3866c50, 8.6, 570.148.08, 77, 93, 92, 23028, 21029, 1571, 1425, 6251, 155.38, 150.00
1762635520,0, NVIDIA A10, GPU-359b21ab-3dbf-5646-ba1f-a513e3866c50, 8.6, 570.148.08, 76, 94, 81, 23028, 21029, 1571, 1410, 6251, 146.73, 150.00
1762635521,0, NVIDIA A10, GPU-359b21ab-3dbf-5646-ba1f-a513e3866c50, 8.6, 570.148.08, 76, 93, 91, 23028, 21029, 1571, 1365, 6251, 152.07, 150.00
1762635522,0, NVIDIA A10, GPU-359b21ab-3dbf-5646-ba1f-a513e3866c50, 8.6, 570.148.08, 76, 92, 92, 23028, 21029, 1571, 1380, 6251, 146.53, 150.00
1762635523,0, NVIDIA A10, GPU-359b21ab-3dbf-5646-ba1f-a513e3866c50, 8.6, 570.148.08, 76, 93, 91, 23028, 21029, 1571, 1380, 6251, 148.45, 150.00
1762635524,0, NVIDIA A10, GPU-359b21ab-3dbf-5646-ba1f-a513e3866c50, 8.6, 570.148.08, 77, 93, 93, 23028, 21029, 1571, 1380, 6251, 152.33, 150.00
1762635525,0, NVIDIA A10, GPU-359b21ab-3dbf-5646-ba1f-a513e3866c50, 8.6, 570.148.08, 77, 93, 93, 23028, 21029, 1571, 1440, 6251, 147.48, 150.00
1762635526,0, NVIDIA A10, GPU-359b21ab-3dbf-5646-ba1f-a513e3866c50, 8.6, 570.148.08, 77, 93, 93, 23028, 21029, 1571, 1425, 6251, 148.18, 150.00
1762635527,0, NVIDIA A10, GPU-359b21ab-3dbf-5646-ba1f-a513e3866c50, 8.6, 570.148.08, 77, 93, 91, 23028, 21029, 1571, 1395, 6251, 148.38, 150.00
1762635528,0, NVIDIA A10, GPU-359b21ab-3dbf-5646-ba1f-a513e3866c50, 8.6, 570.148.08, 77, 92, 93, 23028, 21029, 1571, 1440, 6251, 146.55, 150.00
1762635530,0, NVIDIA A10, GPU-359b21ab-3dbf-5646-ba1f-a513e3866c50, 8.6, 570.148.08, 77, 92, 92, 23028, 21029, 1571, 1410, 6251, 153.42, 150.00
1762635531,0, NVIDIA A10, GPU-359b21ab-3dbf-5646-ba1f-a513e3866c50, 8.6, 570.148.08, 77, 92, 92, 23028, 21029, 1571, 1440, 6251, 150.48, 150.00
1762635532,0, NVIDIA A10, GPU-359b21ab-3dbf-5646-ba1f-a513e3866c50, 8.6, 570.148.08, 76, 93, 92, 23028, 21029, 1571, 1440, 6251, 146.75, 150.00
1762635533,0, NVIDIA A10, GPU-359b21ab-3dbf-5646-ba1f-a513e3866c50, 8.6, 570.148.08, 77, 93, 91, 23028, 21029, 1571, 1395, 6251, 152.09, 150.00
1762635534,0, NVIDIA A10, GPU-359b21ab-3dbf-5646-ba1f-a513e3866c50, 8.6, 570.148.08, 77, 93, 93, 23028, 21029, 1571, 1440, 6251, 148.78, 150.00
1762635535,0, NVIDIA A10, GPU-359b21ab-3dbf-5646-ba1f-a513e3866c50, 8.6, 570.148.08, 77, 93, 91, 23028, 21029, 1571, 1395, 6251, 148.31, 150.00
1762635536,0, NVIDIA A10, GPU-359b21ab-3dbf-5646-ba1f-a513e3866c50, 8.6, 570.148.08, 77, 93, 90, 23028, 21029, 1571, 1425, 6251, 150.92, 150.00
1762635537,0, NVIDIA A10, GPU-359b21ab-3dbf-5646-ba1f-a513e3866c50, 8.6, 570.148.08, 77, 93, 91, 23028, 21029, 1571, 1395, 6251, 149.51, 150.00
1762635538,0, NVIDIA A10, GPU-359b21ab-3dbf-5646-ba1f-a513e3866c50, 8.6, 570.148.08, 77, 93, 92, 23028, 21029, 1571, 1335, 6251, 149.43, 150.00
1762635539,0, NVIDIA A10, GPU-359b21ab-3dbf-5646-ba1f-a513e3866c50, 8.6, 570.148.08, 77, 92, 90, 23028, 21029, 1571, 1365, 6251, 150.57, 150.00
1762635540,0, NVIDIA A10, GPU-359b21ab-3dbf-5646-ba1f-a513e3866c50, 8.6, 570.148.08, 77, 93, 92, 23028, 21029, 1571, 1440, 6251, 147.08, 150.00
1762635541,0, NVIDIA A10, GPU-359b21ab-3dbf-5646-ba1f-a513e3866c50, 8.6, 570.148.08, 77, 92, 92, 23028, 21029, 1571, 1380, 6251, 148.95, 150.00
1762635542,0, NVIDIA A10, GPU-359b21ab-3dbf-5646-ba1f-a513e3866c50, 8.6, 570.148.08, 77, 93, 93, 23028, 21029, 1571, 1410, 6251, 148.44, 150.00
1762635543,0, NVIDIA A10, GPU-359b21ab-3dbf-5646-ba1f-a513e3866c50, 8.6, 570.148.08, 77, 93, 91, 23028, 21029, 1571, 1395, 6251, 149.56, 150.00
1762635544,0, NVIDIA A10, GPU-359b21ab-3dbf-5646-ba1f-a513e3866c50, 8.6, 570.148.08, 77, 93, 91, 23028, 21029, 1571, 1380, 6251, 148.61, 150.00
1762635545,0, NVIDIA A10, GPU-359b21ab-3dbf-5646-ba1f-a513e3866c50, 8.6, 570.148.08, 77, 94, 81, 23028, 21029, 1571, 1365, 6251, 145.32, 150.00
1762635546,0, NVIDIA A10, GPU-359b21ab-3dbf-5646-ba1f-a513e3866c50, 8.6, 570.148.08, 77, 93, 91, 23028, 21029, 1571, 1395, 6251, 147.14, 150.00
1762635547,0, NVIDIA A10, GPU-359b21ab-3dbf-5646-ba1f-a513e3866c50, 8.6, 570.148.08, 77, 93, 91, 23028, 21029, 1571, 1395, 6251, 149.64, 150.00
1762635548,0, NVIDIA A10, GPU-359b21ab-3dbf-5646-ba1f-a513e3866c50, 8.6, 570.148.08, 77, 94, 79, 23028, 21029, 1571, 1425, 6251, 150.02, 150.00
1762635549,0, NVIDIA A10, GPU-359b21ab-3dbf-5646-ba1f-a513e3866c50, 8.6, 570.148.08, 77, 93, 92, 23028, 21029, 1571, 1395, 6251, 150.80, 150.00
1762635550,0, NVIDIA A10, GPU-359b21ab-3dbf-5646-ba1f-a513e3866c50, 8.6, 570.148.08, 77, 93, 92, 23028, 21029, 1571, 1350, 6251, 152.70, 150.00
1762635551,0, NVIDIA A10, GPU-359b21ab-3dbf-5646-ba1f-a513e3866c50, 8.6, 570.148.08, 77, 93, 92, 23028, 21029, 1571, 1395, 6251, 151.23, 150.00
1762635552,0, NVIDIA A10, GPU-359b21ab-3dbf-5646-ba1f-a513e3866c50, 8.6, 570.148.08, 77, 93, 91, 23028, 21029, 1571, 1410, 6251, 152.33, 150.00
1762635553,0, NVIDIA A10, GPU-359b21ab-3dbf-5646-ba1f-a513e3866c50, 8.6, 570.148.08, 77, 93, 91, 23028, 21029, 1571, 1380, 6251, 148.18, 150.00
1762635554,0, NVIDIA A10, GPU-359b21ab-3dbf-5646-ba1f-a513e3866c50, 8.6, 570.148.08, 77, 92, 92, 23028, 21029, 1571, 1410, 6251, 153.97, 150.00
1762635555,0, NVIDIA A10, GPU-359b21ab-3dbf-5646-ba1f-a513e3866c50, 8.6, 570.148.08, 77, 93, 91, 23028, 21029, 1571, 1395, 6251, 150.20, 150.00
1762635556,0, NVIDIA A10, GPU-359b21ab-3dbf-5646-ba1f-a513e3866c50, 8.6, 570.148.08, 77, 93, 91, 23028, 21029, 1571, 1335, 6251, 148.15, 150.00
1762635557,0, NVIDIA A10, GPU-359b21ab-3dbf-5646-ba1f-a513e3866c50, 8.6, 570.148.08, 77, 93, 92, 23028, 21029, 1571, 1380, 6251, 155.26, 150.00
1762635558,0, NVIDIA A10, GPU-359b21ab-3dbf-5646-ba1f-a513e3866c50, 8.6, 570.148.08, 77, 92, 92, 23028, 21029, 1571, 1365, 6251, 151.59, 150.00
1762635559,0, NVIDIA A10, GPU-359b21ab-3dbf-5646-ba1f-a513e3866c50, 8.6, 570.148.08, 77, 93, 91, 23028, 21029, 1571, 1395, 6251, 148.26, 150.00
1762635560,0, NVIDIA A10, GPU-359b21ab-3dbf-5646-ba1f-a513e3866c50, 8.6, 570.148.08, 77, 92, 92, 23028, 21029, 1571, 1410, 6251, 147.69, 150.00
1762635561,0, NVIDIA A10, GPU-359b21ab-3dbf-5646-ba1f-a513e3866c50, 8.6, 570.148.08, 77, 93, 91, 23028, 21029, 1571, 1410, 6251, 148.70, 150.00
1762635562,0, NVIDIA A10, GPU-359b21ab-3dbf-5646-ba1f-a513e3866c50, 8.6, 570.148.08, 77, 93, 91, 23028, 21029, 1571, 1410, 6251, 149.31, 150.00
1762635563,0, NVIDIA A10, GPU-359b21ab-3dbf-5646-ba1f-a513e3866c50, 8.6, 570.148.08, 77, 92, 92, 23028, 21029, 1571, 1440, 6251, 154.23, 150.00
1762635565,0, NVIDIA A10, GPU-359b21ab-3dbf-5646-ba1f-a513e3866c50, 8.6, 570.148.08, 77, 93, 91, 23028, 21029, 1571, 1410, 6251, 148.70, 150.00
1762635566,0, NVIDIA A10, GPU-359b21ab-3dbf-5646-ba1f-a513e3866c50, 8.6, 570.148.08, 77, 93, 91, 23028, 21029, 1571, 1395, 6251, 146.71, 150.00
1762635567,0, NVIDIA A10, GPU-359b21ab-3dbf-5646-ba1f-a513e3866c50, 8.6, 570.148.08, 77, 93, 92, 23028, 21029, 1571, 1440, 6251, 149.33, 150.00
1762635568,0, NVIDIA A10, GPU-359b21ab-3dbf-5646-ba1f-a513e3866c50, 8.6, 570.148.08, 77, 93, 93, 23028, 21029, 1571, 1425, 6251, 148.32, 150.00
1762635569,0, NVIDIA A10, GPU-359b21ab-3dbf-5646-ba1f-a513e3866c50, 8.6, 570.148.08, 77, 92, 92, 23028, 21029, 1571, 1425, 6251, 151.69, 150.00
1762635570,0, NVIDIA A10, GPU-359b21ab-3dbf-5646-ba1f-a513e3866c50, 8.6, 570.148.08, 77, 93, 88, 23028, 21029, 1571, 1410, 6251, 151.82, 150.00
1762635571,0, NVIDIA A10, GPU-359b21ab-3dbf-5646-ba1f-a513e3866c50, 8.6, 570.148.08, 77, 93, 92, 23028, 21029, 1571, 1425, 6251, 152.41, 150.00
1762635572,0, NVIDIA A10, GPU-359b21ab-3dbf-5646-ba1f-a513e3866c50, 8.6, 570.148.08, 77, 93, 93, 23028, 21029, 1571, 1440, 6251, 152.95, 150.00
1762635573,0, NVIDIA A10, GPU-359b21ab-3dbf-5646-ba1f-a513e3866c50, 8.6, 570.148.08, 77, 93, 93, 23028, 21029, 1571, 1440, 6251, 146.77, 150.00
1762635574,0, NVIDIA A10, GPU-359b21ab-3dbf-5646-ba1f-a513e3866c50, 8.6, 570.148.08, 77, 93, 93, 23028, 21029, 1571, 1440, 6251, 148.27, 150.00
1762635575,0, NVIDIA A10, GPU-359b21ab-3dbf-5646-ba1f-a513e3866c50, 8.6, 570.148.08, 77, 94, 82, 23028, 21029, 1571, 1395, 6251, 149.63, 150.00
1762635576,0, NVIDIA A10, GPU-359b21ab-3dbf-5646-ba1f-a513e3866c50, 8.6, 570.148.08, 77, 93, 91, 23028, 21029, 1571, 1395, 6251, 147.91, 150.00
1762635577,0, NVIDIA A10, GPU-359b21ab-3dbf-5646-ba1f-a513e3866c50, 8.6, 570.148.08, 77, 94, 79, 23028, 21029, 1571, 1410, 6251, 146.48, 150.00
1762635578,0, NVIDIA A10, GPU-359b21ab-3dbf-5646-ba1f-a513e3866c50, 8.6, 570.148.08, 77, 93, 91, 23028, 21029, 1571, 1365, 6251, 148.20, 150.00
1762635579,0, NVIDIA A10, GPU-359b21ab-3dbf-5646-ba1f-a513e3866c50, 8.6, 570.148.08, 77, 92, 90, 23028, 21029, 1571, 1380, 6251, 153.18, 150.00
1762635580,0, NVIDIA A10, GPU-359b21ab-3dbf-5646-ba1f-a513e3866c50, 8.6, 570.148.08, 77, 93, 91, 23028, 21029, 1571, 1350, 6251, 149.88, 150.00
1762635581,0, NVIDIA A10, GPU-359b21ab-3dbf-5646-ba1f-a513e3866c50, 8.6, 570.148.08, 77, 93, 93, 23028, 21029, 1571, 1410, 6251, 149.71, 150.00
1762635582,0, NVIDIA A10, GPU-359b21ab-3dbf-5646-ba1f-a513e3866c50, 8.6, 570.148.08, 77, 93, 91, 23028, 21029, 1571, 1380, 6251, 150.02, 150.00
1762635583,0, NVIDIA A10, GPU-359b21ab-3dbf-5646-ba1f-a513e3866c50, 8.6, 570.148.08, 77, 93, 93, 23028, 21029, 1571, 1395, 6251, 150.36, 150.00
1762635584,0, NVIDIA A10, GPU-359b21ab-3dbf-5646-ba1f-a513e3866c50, 8.6, 570.148.08, 74, 0, 0, 23028, 21029, 1571, 1695, 6251, 105.20, 150.00
1762635585,0, NVIDIA A10, GPU-359b21ab-3dbf-5646-ba1f-a513e3866c50, 8.6, 570.148.08, 74, 0, 0, 23028, 3, 22596, 1695, 6251, 82.32, 150.00
1762635586,0, NVIDIA A10, GPU-359b21ab-3dbf-5646-ba1f-a513e3866c50, 8.6, 570.148.08, 73, 0, 0, 23028, 3, 22596, 1695, 6251, 84.60, 150.00
1762635587,0, NVIDIA A10, GPU-359b21ab-3dbf-5646-ba1f-a513e3866c50, 8.6, 570.148.08, 73, 0, 0, 23028, 0, 22599, 1695, 6251, 79.16, 150.00
1762635588,0, NVIDIA A10, GPU-359b21ab-3dbf-5646-ba1f-a513e3866c50, 8.6, 570.148.08, 73, 0, 0, 23028, 0, 22599, 1695, 6251, 79.06, 150.00
1762635589,0, NVIDIA A10, GPU-359b21ab-3dbf-5646-ba1f-a513e3866c50, 8.6, 570.148.08, 70, 0, 0, 23028, 0, 22599, 255, 6251, 54.96, 150.00
1762635590,0, NVIDIA A10, GPU-359b21ab-3dbf-5646-ba1f-a513e3866c50, 8.6, 570.148.08, 70, 0, 0, 23028, 0, 22599, 210, 6251, 52.33, 150.00
1762635591,0, NVIDIA A10, GPU-359b21ab-3dbf-5646-ba1f-a513e3866c50, 8.6, 570.148.08, 68, 0, 0, 23028, 0, 22599, 210, 6251, 51.95, 150.00
1762635592,0, NVIDIA A10, GPU-359b21ab-3dbf-5646-ba1f-a513e3866c50, 8.6, 570.148.08, 67, 0, 0, 23028, 0, 22599, 210, 405, 19.90, 150.00
1762635593,0, NVIDIA A10, GPU-359b21ab-3dbf-5646-ba1f-a513e3866c50, 8.6, 570.148.08, 67, 0, 0, 23028, 0, 22599, 210, 405, 19.52, 150.00
1762635594,0, NVIDIA A10, GPU-359b21ab-3dbf-5646-ba1f-a513e3866c50, 8.6, 570.148.08, 66, 0, 0, 23028, 0, 22599, 210, 405, 18.99, 150.00
1762635595,0, NVIDIA A10, GPU-359b21ab-3dbf-5646-ba1f-a513e3866c50, 8.6, 570.148.08, 66, 0, 0, 23028, 0, 22599, 210, 405, 18.84, 150.00
1762635596,0, NVIDIA A10, GPU-359b21ab-3dbf-5646-ba1f-a513e3866c50, 8.6, 570.148.08, 65, 0, 0, 23028, 0, 22599, 210, 405, 18.75, 150.00
1762635597,0, NVIDIA A10, GPU-359b21ab-3dbf-5646-ba1f-a513e3866c50, 8.6, 570.148.08, 65, 3, 0, 23028, 275, 22325, 1680, 6251, 27.25, 150.00
1762635598,0, NVIDIA A10, GPU-359b21ab-3dbf-5646-ba1f-a513e3866c50, 8.6, 570.148.08, 66, 31, 2, 23028, 3219, 19381, 1695, 6251, 72.55, 150.00
1762635599,0, NVIDIA A10, GPU-359b21ab-3dbf-5646-ba1f-a513e3866c50, 8.6, 570.148.08, 66, 0, 0, 23028, 2717, 19883, 1695, 6251, 73.03, 150.00
1762635601,0, NVIDIA A10, GPU-359b21ab-3dbf-5646-ba1f-a513e3866c50, 8.6, 570.148.08, 66, 0, 0, 23028, 2717, 19883, 1695, 6251, 72.27, 150.00
1762635602,0, NVIDIA A10, GPU-359b21ab-3dbf-5646-ba1f-a513e3866c50, 8.6, 570.148.08, 66, 0, 0, 23028, 2717, 19883, 1695, 6251, 71.93, 150.00
1762635603,0, NVIDIA A10, GPU-359b21ab-3dbf-5646-ba1f-a513e3866c50, 8.6, 570.148.08, 65, 0, 0, 23028, 2717, 19883, 1695, 6251, 71.67, 150.00
1762635604,0, NVIDIA A10, GPU-359b21ab-3dbf-5646-ba1f-a513e3866c50, 8.6, 570.148.08, 67, 100, 49, 23028, 3409, 19191, 1155, 6251, 91.71, 150.00
1762635605,0, NVIDIA A10, GPU-359b21ab-3dbf-5646-ba1f-a513e3866c50, 8.6, 570.148.08, 65, 0, 0, 23028, 19437, 3163, 1695, 6251, 93.72, 150.00
1762635606,0, NVIDIA A10, GPU-359b21ab-3dbf-5646-ba1f-a513e3866c50, 8.6, 570.148.08, 68, 38, 35, 23028, 19673, 2927, 1575, 6251, 141.85, 150.00
1762635607,0, NVIDIA A10, GPU-359b21ab-3dbf-5646-ba1f-a513e3866c50, 8.6, 570.148.08, 68, 39, 36, 23028, 19831, 2769, 1695, 6251, 125.96, 150.00
1762635608,0, NVIDIA A10, GPU-359b21ab-3dbf-5646-ba1f-a513e3866c50, 8.6, 570.148.08, 66, 0, 0, 23028, 21029, 1571, 1695, 6251, 81.14, 150.00
1762635609,0, NVIDIA A10, GPU-359b21ab-3dbf-5646-ba1f-a513e3866c50, 8.6, 570.148.08, 66, 0, 0, 23028, 21029, 1571, 1695, 6251, 80.92, 150.00
1762635610,0, NVIDIA A10, GPU-359b21ab-3dbf-5646-ba1f-a513e3866c50, 8.6, 570.148.08, 65, 0, 0, 23028, 21029, 1571, 1695, 6251, 71.96, 150.00
1762635611,0, NVIDIA A10, GPU-359b21ab-3dbf-5646-ba1f-a513e3866c50, 8.6, 570.148.08, 65, 0, 0, 23028, 21029, 1571, 1695, 6251, 71.67, 150.00
1762635612,0, NVIDIA A10, GPU-359b21ab-3dbf-5646-ba1f-a513e3866c50, 8.6, 570.148.08, 65, 0, 0, 23028, 21029, 1571, 1695, 6251, 71.45, 150.00
1762635613,0, NVIDIA A10, GPU-359b21ab-3dbf-5646-ba1f-a513e3866c50, 8.6, 570.148.08, 64, 0, 0, 23028, 21029, 1571, 1695, 6251, 71.26, 150.00
1762635614,0, NVIDIA A10, GPU-359b21ab-3dbf-5646-ba1f-a513e3866c50, 8.6, 570.148.08, 64, 0, 0, 23028, 21029, 1571, 1695, 6251, 71.06, 150.00
1762635615,0, NVIDIA A10, GPU-359b21ab-3dbf-5646-ba1f-a513e3866c50, 8.6, 570.148.08, 64, 0, 0, 23028, 21029, 1571, 1695, 6251, 70.96, 150.00
1762635616,0, NVIDIA A10, GPU-359b21ab-3dbf-5646-ba1f-a513e3866c50, 8.6, 570.148.08, 63, 0, 0, 23028, 21029, 1571, 1695, 6251, 70.96, 150.00
1762635617,0, NVIDIA A10, GPU-359b21ab-3dbf-5646-ba1f-a513e3866c50, 8.6, 570.148.08, 65, 96, 55, 23028, 21029, 1571, 1215, 6251, 94.47, 150.00
1762635618,0, NVIDIA A10, GPU-359b21ab-3dbf-5646-ba1f-a513e3866c50, 8.6, 570.148.08, 66, 95, 65, 23028, 21029, 1571, 1365, 6251, 148.42, 150.00
1762635619,0, NVIDIA A10, GPU-359b21ab-3dbf-5646-ba1f-a513e3866c50, 8.6, 570.148.08, 66, 93, 91, 23028, 21029, 1571, 1455, 6251, 147.76, 150.00
1762635620,0, NVIDIA A10, GPU-359b21ab-3dbf-5646-ba1f-a513e3866c50, 8.6, 570.148.08, 67, 92, 93, 23028, 21029, 1571, 1485, 6251, 147.99, 150.00
1762635621,0, NVIDIA A10, GPU-359b21ab-3dbf-5646-ba1f-a513e3866c50, 8.6, 570.148.08, 67, 92, 93, 23028, 21029, 1571, 1485, 6251, 150.96, 150.00
1762635622,0, NVIDIA A10, GPU-359b21ab-3dbf-5646-ba1f-a513e3866c50, 8.6, 570.148.08, 68, 92, 93, 23028, 21029, 1571, 1500, 6251, 147.41, 150.00
1762635623,0, NVIDIA A10, GPU-359b21ab-3dbf-5646-ba1f-a513e3866c50, 8.6, 570.148.08, 68, 92, 92, 23028, 21029, 1571, 1470, 6251, 149.17, 150.00
1762635624,0, NVIDIA A10, GPU-359b21ab-3dbf-5646-ba1f-a513e3866c50, 8.6, 570.148.08, 68, 93, 93, 23028, 21029, 1571, 1455, 6251, 147.49, 150.00
1762635625,0, NVIDIA A10, GPU-359b21ab-3dbf-5646-ba1f-a513e3866c50, 8.6, 570.148.08, 68, 93, 93, 23028, 21029, 1571, 1425, 6251, 152.08, 150.00
1762635626,0, NVIDIA A10, GPU-359b21ab-3dbf-5646-ba1f-a513e3866c50, 8.6, 570.148.08, 69, 93, 92, 23028, 21029, 1571, 1440, 6251, 149.69, 150.00
1762635627,0, NVIDIA A10, GPU-359b21ab-3dbf-5646-ba1f-a513e3866c50, 8.6, 570.148.08, 69, 93, 92, 23028, 21029, 1571, 1425, 6251, 150.90, 150.00
1762635628,0, NVIDIA A10, GPU-359b21ab-3dbf-5646-ba1f-a513e3866c50, 8.6, 570.148.08, 69, 93, 93, 23028, 21029, 1571, 1425, 6251, 152.40, 150.00
1762635629,0, NVIDIA A10, GPU-359b21ab-3dbf-5646-ba1f-a513e3866c50, 8.6, 570.148.08, 70, 93, 86, 23028, 21029, 1571, 1335, 6251, 154.10, 150.00
1762635630,0, NVIDIA A10, GPU-359b21ab-3dbf-5646-ba1f-a513e3866c50, 8.6, 570.148.08, 69, 93, 92, 23028, 21029, 1571, 1455, 6251, 150.02, 150.00
1762635631,0, NVIDIA A10, GPU-359b21ab-3dbf-5646-ba1f-a513e3866c50, 8.6, 570.148.08, 69, 93, 92, 23028, 21029, 1571, 1455, 6251, 150.10, 150.00
1762635632,0, NVIDIA A10, GPU-359b21ab-3dbf-5646-ba1f-a513e3866c50, 8.6, 570.148.08, 69, 92, 92, 23028, 21029, 1571, 1500, 6251, 150.48, 150.00
1762635633,0, NVIDIA A10, GPU-359b21ab-3dbf-5646-ba1f-a513e3866c50, 8.6, 570.148.08, 70, 92, 91, 23028, 21029, 1571, 1500, 6251, 150.56, 150.00
1762635634,0, NVIDIA A10, GPU-359b21ab-3dbf-5646-ba1f-a513e3866c50, 8.6, 570.148.08, 70, 92, 93, 23028, 21029, 1571, 1485, 6251, 152.20, 150.00
1762635635,0, NVIDIA A10, GPU-359b21ab-3dbf-5646-ba1f-a513e3866c50, 8.6, 570.148.08, 70, 92, 91, 23028, 21029, 1571, 1440, 6251, 149.82, 150.00
1762635636,0, NVIDIA A10, GPU-359b21ab-3dbf-5646-ba1f-a513e3866c50, 8.6, 570.148.08, 70, 93, 92, 23028, 21029, 1571, 1440, 6251, 151.93, 150.00
1762635637,0, NVIDIA A10, GPU-359b21ab-3dbf-5646-ba1f-a513e3866c50, 8.6, 570.148.08, 70, 93, 92, 23028, 21029, 1571, 1455, 6251, 152.75, 150.00
1762635638,0, NVIDIA A10, GPU-359b21ab-3dbf-5646-ba1f-a513e3866c50, 8.6, 570.148.08, 70, 96, 69, 23028, 21029, 1571, 1455, 6251, 146.95, 150.00
1762635640,0, NVIDIA A10, GPU-359b21ab-3dbf-5646-ba1f-a513e3866c50, 8.6, 570.148.08, 70, 93, 83, 23028, 21029, 1571, 1485, 6251, 150.28, 150.00
1762635641,0, NVIDIA A10, GPU-359b21ab-3dbf-5646-ba1f-a513e3866c50, 8.6, 570.148.08, 71, 92, 92, 23028, 21029, 1571, 1425, 6251, 150.96, 150.00
1762635642,0, NVIDIA A10, GPU-359b21ab-3dbf-5646-ba1f-a513e3866c50, 8.6, 570.148.08, 71, 93, 93, 23028, 21029, 1571, 1455, 6251, 150.06, 150.00
1762635643,0, NVIDIA A10, GPU-359b21ab-3dbf-5646-ba1f-a513e3866c50, 8.6, 570.148.08, 71, 92, 93, 23028, 21029, 1571, 1470, 6251, 149.01, 150.00
1762635644,0, NVIDIA A10, GPU-359b21ab-3dbf-5646-ba1f-a513e3866c50, 8.6, 570.148.08, 71, 93, 92, 23028, 21029, 1571, 1455, 6251, 151.46, 150.00
1762635645,0, NVIDIA A10, GPU-359b21ab-3dbf-5646-ba1f-a513e3866c50, 8.6, 570.148.08, 71, 93, 93, 23028, 21029, 1571, 1395, 6251, 148.30, 150.00
1762635646,0, NVIDIA A10, GPU-359b21ab-3dbf-5646-ba1f-a513e3866c50, 8.6, 570.148.08, 71, 93, 92, 23028, 21029, 1571, 1410, 6251, 150.23, 150.00
1762635647,0, NVIDIA A10, GPU-359b21ab-3dbf-5646-ba1f-a513e3866c50, 8.6, 570.148.08, 72, 92, 93, 23028, 21029, 1571, 1470, 6251, 147.92, 150.00
1762635648,0, NVIDIA A10, GPU-359b21ab-3dbf-5646-ba1f-a513e3866c50, 8.6, 570.148.08, 72, 93, 93, 23028, 21029, 1571, 1470, 6251, 148.68, 150.00
1762635649,0, NVIDIA A10, GPU-359b21ab-3dbf-5646-ba1f-a513e3866c50, 8.6, 570.148.08, 71, 94, 62, 23028, 21029, 1571, 1440, 6251, 147.21, 150.00
1762635650,0, NVIDIA A10, GPU-359b21ab-3dbf-5646-ba1f-a513e3866c50, 8.6, 570.148.08, 72, 93, 93, 23028, 21029, 1571, 1440, 6251, 149.53, 150.00
1762635651,0, NVIDIA A10, GPU-359b21ab-3dbf-5646-ba1f-a513e3866c50, 8.6, 570.148.08, 72, 92, 92, 23028, 21029, 1571, 1455, 6251, 147.48, 150.00
1762635652,0, NVIDIA A10, GPU-359b21ab-3dbf-5646-ba1f-a513e3866c50, 8.6, 570.148.08, 72, 95, 68, 23028, 21029, 1571, 1335, 6251, 147.25, 150.00
1762635653,0, NVIDIA A10, GPU-359b21ab-3dbf-5646-ba1f-a513e3866c50, 8.6, 570.148.08, 72, 93, 91, 23028, 21029, 1571, 1410, 6251, 148.86, 150.00
1762635654,0, NVIDIA A10, GPU-359b21ab-3dbf-5646-ba1f-a513e3866c50, 8.6, 570.148.08, 72, 92, 92, 23028, 21029, 1571, 1455, 6251, 148.91, 150.00
1762635655,0, NVIDIA A10, GPU-359b21ab-3dbf-5646-ba1f-a513e3866c50, 8.6, 570.148.08, 72, 92, 93, 23028, 21029, 1571, 1440, 6251, 147.84, 150.00
1762635656,0, NVIDIA A10, GPU-359b21ab-3dbf-5646-ba1f-a513e3866c50, 8.6, 570.148.08, 72, 93, 91, 23028, 21029, 1571, 1395, 6251, 149.83, 150.00
1762635657,0, NVIDIA A10, GPU-359b21ab-3dbf-5646-ba1f-a513e3866c50, 8.6, 570.148.08, 72, 92, 92, 23028, 21029, 1571, 1500, 6251, 150.24, 150.00
1762635658,0, NVIDIA A10, GPU-359b21ab-3dbf-5646-ba1f-a513e3866c50, 8.6, 570.148.08, 72, 93, 91, 23028, 21029, 1571, 1425, 6251, 150.24, 150.00
1762635659,0, NVIDIA A10, GPU-359b21ab-3dbf-5646-ba1f-a513e3866c50, 8.6, 570.148.08, 72, 92, 93, 23028, 21029, 1571, 1455, 6251, 152.13, 150.00
1762635660,0, NVIDIA A10, GPU-359b21ab-3dbf-5646-ba1f-a513e3866c50, 8.6, 570.148.08, 72, 93, 91, 23028, 21029, 1571, 1470, 6251, 147.03, 150.00
1762635661,0, NVIDIA A10, GPU-359b21ab-3dbf-5646-ba1f-a513e3866c50, 8.6, 570.148.08, 72, 93, 89, 23028, 21029, 1571, 1455, 6251, 148.09, 150.00
1762635662,0, NVIDIA A10, GPU-359b21ab-3dbf-5646-ba1f-a513e3866c50, 8.6, 570.148.08, 72, 92, 90, 23028, 21029, 1571, 1470, 6251, 147.56, 150.00
1762635663,0, NVIDIA A10, GPU-359b21ab-3dbf-5646-ba1f-a513e3866c50, 8.6, 570.148.08, 73, 93, 91, 23028, 21029, 1571, 1410, 6251, 148.80, 150.00
1762635664,0, NVIDIA A10, GPU-359b21ab-3dbf-5646-ba1f-a513e3866c50, 8.6, 570.148.08, 73, 92, 88, 23028, 21029, 1571, 1395, 6251, 149.39, 150.00
1762635665,0, NVIDIA A10, GPU-359b21ab-3dbf-5646-ba1f-a513e3866c50, 8.6, 570.148.08, 73, 96, 67, 23028, 21029, 1571, 1410, 6251, 146.50, 150.00
1762635666,0, NVIDIA A10, GPU-359b21ab-3dbf-5646-ba1f-a513e3866c50, 8.6, 570.148.08, 73, 92, 93, 23028, 21029, 1571, 1440, 6251, 145.89, 150.00
1762635667,0, NVIDIA A10, GPU-359b21ab-3dbf-5646-ba1f-a513e3866c50, 8.6, 570.148.08, 73, 92, 92, 23028, 21029, 1571, 1440, 6251, 151.40, 150.00
1762635668,0, NVIDIA A10, GPU-359b21ab-3dbf-5646-ba1f-a513e3866c50, 8.6, 570.148.08, 73, 95, 63, 23028, 21029, 1571, 1395, 6251, 148.94, 150.00
1762635669,0, NVIDIA A10, GPU-359b21ab-3dbf-5646-ba1f-a513e3866c50, 8.6, 570.148.08, 73, 92, 93, 23028, 21029, 1571, 1425, 6251, 150.49, 150.00
1762635670,0, NVIDIA A10, GPU-359b21ab-3dbf-5646-ba1f-a513e3866c50, 8.6, 570.148.08, 73, 92, 92, 23028, 21029, 1571, 1455, 6251, 149.40, 150.00
1762635671,0, NVIDIA A10, GPU-359b21ab-3dbf-5646-ba1f-a513e3866c50, 8.6, 570.148.08, 73, 92, 92, 23028, 21029, 1571, 1470, 6251, 151.37, 150.00
1762635672,0, NVIDIA A10, GPU-359b21ab-3dbf-5646-ba1f-a513e3866c50, 8.6, 570.148.08, 73, 92, 92, 23028, 21029, 1571, 1470, 6251, 151.85, 150.00
1762635674,0, NVIDIA A10, GPU-359b21ab-3dbf-5646-ba1f-a513e3866c50, 8.6, 570.148.08, 73, 92, 93, 23028, 21029, 1571, 1470, 6251, 151.67, 150.00
1762635675,0, NVIDIA A10, GPU-359b21ab-3dbf-5646-ba1f-a513e3866c50, 8.6, 570.148.08, 74, 93, 93, 23028, 21029, 1571, 1470, 6251, 148.09, 150.00
1762635676,0, NVIDIA A10, GPU-359b21ab-3dbf-5646-ba1f-a513e3866c50, 8.6, 570.148.08, 73, 93, 62, 23028, 21029, 1571, 1380, 6251, 147.99, 150.00
1762635677,0, NVIDIA A10, GPU-359b21ab-3dbf-5646-ba1f-a513e3866c50, 8.6, 570.148.08, 74, 92, 92, 23028, 21029, 1571, 1440, 6251, 148.41, 150.00
1762635678,0, NVIDIA A10, GPU-359b21ab-3dbf-5646-ba1f-a513e3866c50, 8.6, 570.148.08, 74, 93, 91, 23028, 21029, 1571, 1410, 6251, 149.92, 150.00
1762635679,0, NVIDIA A10, GPU-359b21ab-3dbf-5646-ba1f-a513e3866c50, 8.6, 570.148.08, 74, 93, 92, 23028, 21029, 1571, 1410, 6251, 151.56, 150.00
1762635680,0, NVIDIA A10, GPU-359b21ab-3dbf-5646-ba1f-a513e3866c50, 8.6, 570.148.08, 74, 93, 92, 23028, 21029, 1571, 1185, 6251, 152.28, 150.00
1762635681,0, NVIDIA A10, GPU-359b21ab-3dbf-5646-ba1f-a513e3866c50, 8.6, 570.148.08, 74, 96, 60, 23028, 21029, 1571, 1110, 6251, 148.00, 150.00
1762635682,0, NVIDIA A10, GPU-359b21ab-3dbf-5646-ba1f-a513e3866c50, 8.6, 570.148.08, 74, 95, 69, 23028, 21029, 1571, 1095, 6251, 149.54, 150.00
1762635683,0, NVIDIA A10, GPU-359b21ab-3dbf-5646-ba1f-a513e3866c50, 8.6, 570.148.08, 74, 92, 90, 23028, 21029, 1571, 1425, 6251, 147.98, 150.00
1762635684,0, NVIDIA A10, GPU-359b21ab-3dbf-5646-ba1f-a513e3866c50, 8.6, 570.148.08, 74, 93, 91, 23028, 21029, 1571, 1410, 6251, 149.98, 150.00
1762635685,0, NVIDIA A10, GPU-359b21ab-3dbf-5646-ba1f-a513e3866c50, 8.6, 570.148.08, 74, 92, 92, 23028, 21029, 1571, 1410, 6251, 147.94, 150.00
1762635686,0, NVIDIA A10, GPU-359b21ab-3dbf-5646-ba1f-a513e3866c50, 8.6, 570.148.08, 74, 93, 93, 23028, 21029, 1571, 1425, 6251, 149.24, 150.00
1762635687,0, NVIDIA A10, GPU-359b21ab-3dbf-5646-ba1f-a513e3866c50, 8.6, 570.148.08, 74, 92, 92, 23028, 21029, 1571, 1455, 6251, 151.89, 150.00
1762635688,0, NVIDIA A10, GPU-359b21ab-3dbf-5646-ba1f-a513e3866c50, 8.6, 570.148.08, 74, 92, 91, 23028, 21029, 1571, 1410, 6251, 150.83, 150.00
1762635689,0, NVIDIA A10, GPU-359b21ab-3dbf-5646-ba1f-a513e3866c50, 8.6, 570.148.08, 74, 92, 92, 23028, 21029, 1571, 1470, 6251, 147.49, 150.00
1762635690,0, NVIDIA A10, GPU-359b21ab-3dbf-5646-ba1f-a513e3866c50, 8.6, 570.148.08, 74, 92, 92, 23028, 21029, 1571, 1455, 6251, 148.19, 150.00
1762635691,0, NVIDIA A10, GPU-359b21ab-3dbf-5646-ba1f-a513e3866c50, 8.6, 570.148.08, 74, 93, 92, 23028, 21029, 1571, 1440, 6251, 150.32, 150.00
1762635692,0, NVIDIA A10, GPU-359b21ab-3dbf-5646-ba1f-a513e3866c50, 8.6, 570.148.08, 74, 93, 92, 23028, 21029, 1571, 1425, 6251, 148.73, 150.00
1762635693,0, NVIDIA A10, GPU-359b21ab-3dbf-5646-ba1f-a513e3866c50, 8.6, 570.148.08, 74, 92, 92, 23028, 21029, 1571, 1410, 6251, 152.38, 150.00
1762635694,0, NVIDIA A10, GPU-359b21ab-3dbf-5646-ba1f-a513e3866c50, 8.6, 570.148.08, 74, 92, 93, 23028, 21029, 1571, 1455, 6251, 149.13, 150.00
1762635695,0, NVIDIA A10, GPU-359b21ab-3dbf-5646-ba1f-a513e3866c50, 8.6, 570.148.08, 74, 92, 92, 23028, 21029, 1571, 1425, 6251, 148.04, 150.00
1762635696,0, NVIDIA A10, GPU-359b21ab-3dbf-5646-ba1f-a513e3866c50, 8.6, 570.148.08, 74, 92, 92, 23028, 21029, 1571, 1455, 6251, 149.53, 150.00
1762635697,0, NVIDIA A10, GPU-359b21ab-3dbf-5646-ba1f-a513e3866c50, 8.6, 570.148.08, 74, 93, 91, 23028, 21029, 1571, 1410, 6251, 148.24, 150.00
1762635698,0, NVIDIA A10, GPU-359b21ab-3dbf-5646-ba1f-a513e3866c50, 8.6, 570.148.08, 74, 93, 93, 23028, 21029, 1571, 1425, 6251, 148.34, 150.00
1762635699,0, NVIDIA A10, GPU-359b21ab-3dbf-5646-ba1f-a513e3866c50, 8.6, 570.148.08, 74, 93, 91, 23028, 21029, 1571, 1425, 6251, 151.65, 150.00
1762635700,0, NVIDIA A10, GPU-359b21ab-3dbf-5646-ba1f-a513e3866c50, 8.6, 570.148.08, 74, 92, 91, 23028, 21029, 1571, 1425, 6251, 152.64, 150.00
1762635701,0, NVIDIA A10, GPU-359b21ab-3dbf-5646-ba1f-a513e3866c50, 8.6, 570.148.08, 74, 91, 87, 23028, 21029, 1571, 1365, 6251, 149.31, 150.00
1762635702,0, NVIDIA A10, GPU-359b21ab-3dbf-5646-ba1f-a513e3866c50, 8.6, 570.148.08, 74, 93, 92, 23028, 21029, 1571, 1410, 6251, 147.45, 150.00
1762635703,0, NVIDIA A10, GPU-359b21ab-3dbf-5646-ba1f-a513e3866c50, 8.6, 570.148.08, 75, 92, 91, 23028, 21029, 1571, 1455, 6251, 147.52, 150.00
1762635704,0, NVIDIA A10, GPU-359b21ab-3dbf-5646-ba1f-a513e3866c50, 8.6, 570.148.08, 75, 92, 92, 23028, 21029, 1571, 1425, 6251, 151.74, 150.00
1762635705,0, NVIDIA A10, GPU-359b21ab-3dbf-5646-ba1f-a513e3866c50, 8.6, 570.148.08, 75, 92, 92, 23028, 21029, 1571, 1440, 6251, 148.23, 150.00
1762635706,0, NVIDIA A10, GPU-359b21ab-3dbf-5646-ba1f-a513e3866c50, 8.6, 570.148.08, 75, 93, 93, 23028, 21029, 1571, 1335, 6251, 150.66, 150.00
1762635708,0, NVIDIA A10, GPU-359b21ab-3dbf-5646-ba1f-a513e3866c50, 8.6, 570.148.08, 75, 92, 92, 23028, 21029, 1571, 1410, 6251, 146.87, 150.00
1762635709,0, NVIDIA A10, GPU-359b21ab-3dbf-5646-ba1f-a513e3866c50, 8.6, 570.148.08, 75, 94, 78, 23028, 21029, 1571, 1065, 6251, 150.89, 150.00
1762635710,0, NVIDIA A10, GPU-359b21ab-3dbf-5646-ba1f-a513e3866c50, 8.6, 570.148.08, 75, 92, 92, 23028, 21029, 1571, 1425, 6251, 150.46, 150.00
1762635711,0, NVIDIA A10, GPU-359b21ab-3dbf-5646-ba1f-a513e3866c50, 8.6, 570.148.08, 75, 92, 91, 23028, 21029, 1571, 1455, 6251, 151.54, 150.00
1762635712,0, NVIDIA A10, GPU-359b21ab-3dbf-5646-ba1f-a513e3866c50, 8.6, 570.148.08, 75, 92, 92, 23028, 21029, 1571, 1455, 6251, 147.89, 150.00
1762635713,0, NVIDIA A10, GPU-359b21ab-3dbf-5646-ba1f-a513e3866c50, 8.6, 570.148.08, 75, 92, 92, 23028, 21029, 1571, 1455, 6251, 151.55, 150.00
1762635714,0, NVIDIA A10, GPU-359b21ab-3dbf-5646-ba1f-a513e3866c50, 8.6, 570.148.08, 75, 92, 91, 23028, 21029, 1571, 1410, 6251, 150.22, 150.00
1762635715,0, NVIDIA A10, GPU-359b21ab-3dbf-5646-ba1f-a513e3866c50, 8.6, 570.148.08, 75, 93, 91, 23028, 21029, 1571, 1410, 6251, 151.89, 150.00
1762635716,0, NVIDIA A10, GPU-359b21ab-3dbf-5646-ba1f-a513e3866c50, 8.6, 570.148.08, 75, 94, 72, 23028, 21029, 1571, 1410, 6251, 151.12, 150.00
1762635717,0, NVIDIA A10, GPU-359b21ab-3dbf-5646-ba1f-a513e3866c50, 8.6, 570.148.08, 75, 92, 88, 23028, 21029, 1571, 1095, 6251, 147.77, 150.00
1762635718,0, NVIDIA A10, GPU-359b21ab-3dbf-5646-ba1f-a513e3866c50, 8.6, 570.148.08, 75, 92, 92, 23028, 21029, 1571, 1395, 6251, 149.44, 150.00
1762635719,0, NVIDIA A10, GPU-359b21ab-3dbf-5646-ba1f-a513e3866c50, 8.6, 570.148.08, 75, 92, 92, 23028, 21029, 1571, 1440, 6251, 151.69, 150.00
1762635720,0, NVIDIA A10, GPU-359b21ab-3dbf-5646-ba1f-a513e3866c50, 8.6, 570.148.08, 75, 93, 91, 23028, 21029, 1571, 1395, 6251, 149.60, 150.00
1762635721,0, NVIDIA A10, GPU-359b21ab-3dbf-5646-ba1f-a513e3866c50, 8.6, 570.148.08, 75, 92, 91, 23028, 21029, 1571, 1170, 6251, 150.64, 150.00
1762635722,0, NVIDIA A10, GPU-359b21ab-3dbf-5646-ba1f-a513e3866c50, 8.6, 570.148.08, 75, 92, 92, 23028, 21029, 1571, 1425, 6251, 146.46, 150.00
1762635723,0, NVIDIA A10, GPU-359b21ab-3dbf-5646-ba1f-a513e3866c50, 8.6, 570.148.08, 75, 92, 92, 23028, 21029, 1571, 1410, 6251, 149.25, 150.00
1762635724,0, NVIDIA A10, GPU-359b21ab-3dbf-5646-ba1f-a513e3866c50, 8.6, 570.148.08, 75, 92, 92, 23028, 21029, 1571, 1440, 6251, 148.03, 150.00
1762635725,0, NVIDIA A10, GPU-359b21ab-3dbf-5646-ba1f-a513e3866c50, 8.6, 570.148.08, 75, 92, 92, 23028, 21029, 1571, 1425, 6251, 148.42, 150.00
1762635726,0, NVIDIA A10, GPU-359b21ab-3dbf-5646-ba1f-a513e3866c50, 8.6, 570.148.08, 75, 92, 92, 23028, 21029, 1571, 1455, 6251, 149.32, 150.00
1762635727,0, NVIDIA A10, GPU-359b21ab-3dbf-5646-ba1f-a513e3866c50, 8.6, 570.148.08, 75, 93, 93, 23028, 21029, 1571, 1440, 6251, 152.11, 150.00
1762635728,0, NVIDIA A10, GPU-359b21ab-3dbf-5646-ba1f-a513e3866c50, 8.6, 570.148.08, 75, 92, 92, 23028, 21029, 1571, 1455, 6251, 149.76, 150.00
1762635729,0, NVIDIA A10, GPU-359b21ab-3dbf-5646-ba1f-a513e3866c50, 8.6, 570.148.08, 75, 93, 91, 23028, 21029, 1571, 1410, 6251, 150.07, 150.00
1762635730,0, NVIDIA A10, GPU-359b21ab-3dbf-5646-ba1f-a513e3866c50, 8.6, 570.148.08, 75, 92, 92, 23028, 21029, 1571, 1425, 6251, 150.40, 150.00
1762635731,0, NVIDIA A10, GPU-359b21ab-3dbf-5646-ba1f-a513e3866c50, 8.6, 570.148.08, 75, 93, 91, 23028, 21029, 1571, 1395, 6251, 149.66, 150.00
1762635732,0, NVIDIA A10, GPU-359b21ab-3dbf-5646-ba1f-a513e3866c50, 8.6, 570.148.08, 75, 95, 73, 23028, 21029, 1571, 1410, 6251, 150.14, 150.00
1762635733,0, NVIDIA A10, GPU-359b21ab-3dbf-5646-ba1f-a513e3866c50, 8.6, 570.148.08, 75, 92, 92, 23028, 21029, 1571, 1425, 6251, 146.85, 150.00
1762635734,0, NVIDIA A10, GPU-359b21ab-3dbf-5646-ba1f-a513e3866c50, 8.6, 570.148.08, 75, 92, 92, 23028, 21029, 1571, 1425, 6251, 150.38, 150.00
1762635735,0, NVIDIA A10, GPU-359b21ab-3dbf-5646-ba1f-a513e3866c50, 8.6, 570.148.08, 75, 92, 91, 23028, 21029, 1571, 1410, 6251, 151.36, 150.00
1762635736,0, NVIDIA A10, GPU-359b21ab-3dbf-5646-ba1f-a513e3866c50, 8.6, 570.148.08, 75, 92, 92, 23028, 21029, 1571, 1410, 6251, 149.04, 150.00
1762635737,0, NVIDIA A10, GPU-359b21ab-3dbf-5646-ba1f-a513e3866c50, 8.6, 570.148.08, 75, 92, 92, 23028, 21029, 1571, 1425, 6251, 149.37, 150.00
1762635738,0, NVIDIA A10, GPU-359b21ab-3dbf-5646-ba1f-a513e3866c50, 8.6, 570.148.08, 75, 92, 92, 23028, 21029, 1571, 1440, 6251, 152.05, 150.00
1762635739,0, NVIDIA A10, GPU-359b21ab-3dbf-5646-ba1f-a513e3866c50, 8.6, 570.148.08, 75, 95, 71, 23028, 21029, 1571, 1440, 6251, 150.33, 150.00
1762635740,0, NVIDIA A10, GPU-359b21ab-3dbf-5646-ba1f-a513e3866c50, 8.6, 570.148.08, 75, 93, 92, 23028, 21029, 1571, 1410, 6251, 148.25, 150.00
1762635742,0, NVIDIA A10, GPU-359b21ab-3dbf-5646-ba1f-a513e3866c50, 8.6, 570.148.08, 75, 92, 92, 23028, 21029, 1571, 1425, 6251, 147.80, 150.00
1762635743,0, NVIDIA A10, GPU-359b21ab-3dbf-5646-ba1f-a513e3866c50, 8.6, 570.148.08, 75, 92, 90, 23028, 21029, 1571, 1455, 6251, 148.83, 150.00
1762635744,0, NVIDIA A10, GPU-359b21ab-3dbf-5646-ba1f-a513e3866c50, 8.6, 570.148.08, 75, 93, 91, 23028, 21029, 1571, 1410, 6251, 149.93, 150.00
1762635745,0, NVIDIA A10, GPU-359b21ab-3dbf-5646-ba1f-a513e3866c50, 8.6, 570.148.08, 75, 92, 92, 23028, 21029, 1571, 1425, 6251, 149.68, 150.00
1762635746,0, NVIDIA A10, GPU-359b21ab-3dbf-5646-ba1f-a513e3866c50, 8.6, 570.148.08, 75, 92, 92, 23028, 21029, 1571, 1425, 6251, 151.49, 150.00
1762635747,0, NVIDIA A10, GPU-359b21ab-3dbf-5646-ba1f-a513e3866c50, 8.6, 570.148.08, 75, 92, 91, 23028, 21029, 1571, 1440, 6251, 150.76, 150.00
1762635748,0, NVIDIA A10, GPU-359b21ab-3dbf-5646-ba1f-a513e3866c50, 8.6, 570.148.08, 75, 93, 91, 23028, 21029, 1571, 1410, 6251, 149.92, 150.00
1762635749,0, NVIDIA A10, GPU-359b21ab-3dbf-5646-ba1f-a513e3866c50, 8.6, 570.148.08, 75, 93, 91, 23028, 21029, 1571, 1410, 6251, 151.41, 150.00
1762635750,0, NVIDIA A10, GPU-359b21ab-3dbf-5646-ba1f-a513e3866c50, 8.6, 570.148.08, 75, 93, 92, 23028, 21029, 1571, 1410, 6251, 148.24, 150.00
1762635751,0, NVIDIA A10, GPU-359b21ab-3dbf-5646-ba1f-a513e3866c50, 8.6, 570.148.08, 75, 94, 62, 23028, 21029, 1571, 1440, 6251, 147.67, 150.00
1762635752,0, NVIDIA A10, GPU-359b21ab-3dbf-5646-ba1f-a513e3866c50, 8.6, 570.148.08, 75, 92, 91, 23028, 21029, 1571, 1410, 6251, 150.20, 150.00
1762635753,0, NVIDIA A10, GPU-359b21ab-3dbf-5646-ba1f-a513e3866c50, 8.6, 570.148.08, 75, 92, 92, 23028, 21029, 1571, 1455, 6251, 148.03, 150.00
1762635754,0, NVIDIA A10, GPU-359b21ab-3dbf-5646-ba1f-a513e3866c50, 8.6, 570.148.08, 75, 93, 91, 23028, 21029, 1571, 1395, 6251, 149.91, 150.00
1762635755,0, NVIDIA A10, GPU-359b21ab-3dbf-5646-ba1f-a513e3866c50, 8.6, 570.148.08, 76, 93, 91, 23028, 21029, 1571, 1380, 6251, 148.30, 150.00
1762635756,0, NVIDIA A10, GPU-359b21ab-3dbf-5646-ba1f-a513e3866c50, 8.6, 570.148.08, 76, 92, 92, 23028, 21029, 1571, 1410, 6251, 148.39, 150.00
1762635757,0, NVIDIA A10, GPU-359b21ab-3dbf-5646-ba1f-a513e3866c50, 8.6, 570.148.08, 76, 92, 92, 23028, 21029, 1571, 1410, 6251, 148.17, 150.00
1762635758,0, NVIDIA A10, GPU-359b21ab-3dbf-5646-ba1f-a513e3866c50, 8.6, 570.148.08, 76, 92, 92, 23028, 21029, 1571, 1440, 6251, 149.35, 150.00
1762635759,0, NVIDIA A10, GPU-359b21ab-3dbf-5646-ba1f-a513e3866c50, 8.6, 570.148.08, 76, 93, 91, 23028, 21029, 1571, 1410, 6251, 149.95, 150.00
1762635760,0, NVIDIA A10, GPU-359b21ab-3dbf-5646-ba1f-a513e3866c50, 8.6, 570.148.08, 75, 96, 68, 23028, 21029, 1571, 1380, 6251, 149.16, 150.00
1762635761,0, NVIDIA A10, GPU-359b21ab-3dbf-5646-ba1f-a513e3866c50, 8.6, 570.148.08, 76, 92, 92, 23028, 21029, 1571, 1425, 6251, 148.91, 150.00
1762635762,0, NVIDIA A10, GPU-359b21ab-3dbf-5646-ba1f-a513e3866c50, 8.6, 570.148.08, 76, 93, 91, 23028, 21029, 1571, 1410, 6251, 149.76, 150.00
1762635763,0, NVIDIA A10, GPU-359b21ab-3dbf-5646-ba1f-a513e3866c50, 8.6, 570.148.08, 76, 92, 91, 23028, 21029, 1571, 1380, 6251, 151.49, 150.00
1762635764,0, NVIDIA A10, GPU-359b21ab-3dbf-5646-ba1f-a513e3866c50, 8.6, 570.148.08, 76, 93, 91, 23028, 21029, 1571, 1350, 6251, 150.82, 150.00
1762635765,0, NVIDIA A10, GPU-359b21ab-3dbf-5646-ba1f-a513e3866c50, 8.6, 570.148.08, 76, 94, 76, 23028, 21029, 1571, 1095, 6251, 148.58, 150.00
1762635766,0, NVIDIA A10, GPU-359b21ab-3dbf-5646-ba1f-a513e3866c50, 8.6, 570.148.08, 76, 92, 92, 23028, 21029, 1571, 1410, 6251, 149.39, 150.00
1762635767,0, NVIDIA A10, GPU-359b21ab-3dbf-5646-ba1f-a513e3866c50, 8.6, 570.148.08, 76, 92, 92, 23028, 21029, 1571, 1425, 6251, 151.11, 150.00
1762635768,0, NVIDIA A10, GPU-359b21ab-3dbf-5646-ba1f-a513e3866c50, 8.6, 570.148.08, 76, 92, 92, 23028, 21029, 1571, 1440, 6251, 150.88, 150.00
1762635769,0, NVIDIA A10, GPU-359b21ab-3dbf-5646-ba1f-a513e3866c50, 8.6, 570.148.08, 76, 91, 79, 23028, 21029, 1571, 840, 6251, 152.53, 150.00
1762635770,0, NVIDIA A10, GPU-359b21ab-3dbf-5646-ba1f-a513e3866c50, 8.6, 570.148.08, 76, 92, 92, 23028, 21029, 1571, 1365, 6251, 149.78, 150.00
1762635771,0, NVIDIA A10, GPU-359b21ab-3dbf-5646-ba1f-a513e3866c50, 8.6, 570.148.08, 76, 92, 91, 23028, 21029, 1571, 1395, 6251, 147.08, 150.00
1762635772,0, NVIDIA A10, GPU-359b21ab-3dbf-5646-ba1f-a513e3866c50, 8.6, 570.148.08, 76, 93, 92, 23028, 21029, 1571, 1395, 6251, 151.41, 150.00
1762635773,0, NVIDIA A10, GPU-359b21ab-3dbf-5646-ba1f-a513e3866c50, 8.6, 570.148.08, 76, 96, 66, 23028, 21029, 1571, 1365, 6251, 145.22, 150.00
1762635774,0, NVIDIA A10, GPU-359b21ab-3dbf-5646-ba1f-a513e3866c50, 8.6, 570.148.08, 76, 93, 91, 23028, 21029, 1571, 1380, 6251, 149.10, 150.00
1762635775,0, NVIDIA A10, GPU-359b21ab-3dbf-5646-ba1f-a513e3866c50, 8.6, 570.148.08, 76, 92, 91, 23028, 21029, 1571, 1380, 6251, 152.88, 150.00
1762635777,0, NVIDIA A10, GPU-359b21ab-3dbf-5646-ba1f-a513e3866c50, 8.6, 570.148.08, 76, 92, 90, 23028, 21029, 1571, 1440, 6251, 146.82, 150.00
1762635778,0, NVIDIA A10, GPU-359b21ab-3dbf-5646-ba1f-a513e3866c50, 8.6, 570.148.08, 76, 92, 91, 23028, 21029, 1571, 1425, 6251, 149.65, 150.00
1762635779,0, NVIDIA A10, GPU-359b21ab-3dbf-5646-ba1f-a513e3866c50, 8.6, 570.148.08, 76, 93, 91, 23028, 21029, 1571, 1380, 6251, 149.93, 150.00
1762635780,0, NVIDIA A10, GPU-359b21ab-3dbf-5646-ba1f-a513e3866c50, 8.6, 570.148.08, 76, 93, 91, 23028, 21029, 1571, 1395, 6251, 151.03, 150.00
1762635781,0, NVIDIA A10, GPU-359b21ab-3dbf-5646-ba1f-a513e3866c50, 8.6, 570.148.08, 76, 96, 64, 23028, 21029, 1571, 1350, 6251, 145.73, 150.00
1762635782,0, NVIDIA A10, GPU-359b21ab-3dbf-5646-ba1f-a513e3866c50, 8.6, 570.148.08, 76, 94, 81, 23028, 21029, 1571, 1440, 6251, 148.04, 150.00
1762635783,0, NVIDIA A10, GPU-359b21ab-3dbf-5646-ba1f-a513e3866c50, 8.6, 570.148.08, 76, 92, 92, 23028, 21029, 1571, 1425, 6251, 151.09, 150.00
1762635784,0, NVIDIA A10, GPU-359b21ab-3dbf-5646-ba1f-a513e3866c50, 8.6, 570.148.08, 76, 92, 92, 23028, 21029, 1571, 1425, 6251, 151.32, 150.00
1762635785,0, NVIDIA A10, GPU-359b21ab-3dbf-5646-ba1f-a513e3866c50, 8.6, 570.148.08, 76, 92, 92, 23028, 21029, 1571, 1425, 6251, 149.76, 150.00
1762635786,0, NVIDIA A10, GPU-359b21ab-3dbf-5646-ba1f-a513e3866c50, 8.6, 570.148.08, 76, 92, 92, 23028, 21029, 1571, 1440, 6251, 148.49, 150.00
1762635787,0, NVIDIA A10, GPU-359b21ab-3dbf-5646-ba1f-a513e3866c50, 8.6, 570.148.08, 76, 93, 91, 23028, 21029, 1571, 1395, 6251, 149.64, 150.00
1762635788,0, NVIDIA A10, GPU-359b21ab-3dbf-5646-ba1f-a513e3866c50, 8.6, 570.148.08, 76, 92, 92, 23028, 21029, 1571, 1440, 6251, 149.88, 150.00
1762635789,0, NVIDIA A10, GPU-359b21ab-3dbf-5646-ba1f-a513e3866c50, 8.6, 570.148.08, 76, 92, 92, 23028, 21029, 1571, 1410, 6251, 152.12, 150.00
1762635790,0, NVIDIA A10, GPU-359b21ab-3dbf-5646-ba1f-a513e3866c50, 8.6, 570.148.08, 76, 92, 92, 23028, 21029, 1571, 1440, 6251, 148.98, 150.00
1762635791,0, NVIDIA A10, GPU-359b21ab-3dbf-5646-ba1f-a513e3866c50, 8.6, 570.148.08, 76, 93, 91, 23028, 21029, 1571, 1410, 6251, 150.46, 150.00
1762635792,0, NVIDIA A10, GPU-359b21ab-3dbf-5646-ba1f-a513e3866c50, 8.6, 570.148.08, 76, 92, 92, 23028, 21029, 1571, 1395, 6251, 150.66, 150.00
1762635793,0, NVIDIA A10, GPU-359b21ab-3dbf-5646-ba1f-a513e3866c50, 8.6, 570.148.08, 76, 93, 91, 23028, 21029, 1571, 1365, 6251, 152.15, 150.00
1762635794,0, NVIDIA A10, GPU-359b21ab-3dbf-5646-ba1f-a513e3866c50, 8.6, 570.148.08, 76, 92, 91, 23028, 21029, 1571, 1440, 6251, 148.98, 150.00
1762635795,0, NVIDIA A10, GPU-359b21ab-3dbf-5646-ba1f-a513e3866c50, 8.6, 570.148.08, 76, 92, 92, 23028, 21029, 1571, 1425, 6251, 151.20, 150.00
1762635796,0, NVIDIA A10, GPU-359b21ab-3dbf-5646-ba1f-a513e3866c50, 8.6, 570.148.08, 76, 93, 91, 23028, 21029, 1571, 1380, 6251, 149.38, 150.00
1762635797,0, NVIDIA A10, GPU-359b21ab-3dbf-5646-ba1f-a513e3866c50, 8.6, 570.148.08, 76, 92, 90, 23028, 21029, 1571, 1440, 6251, 146.58, 150.00
1762635798,0, NVIDIA A10, GPU-359b21ab-3dbf-5646-ba1f-a513e3866c50, 8.6, 570.148.08, 76, 92, 91, 23028, 21029, 1571, 1425, 6251, 151.05, 150.00
1762635799,0, NVIDIA A10, GPU-359b21ab-3dbf-5646-ba1f-a513e3866c50, 8.6, 570.148.08, 76, 92, 92, 23028, 21029, 1571, 1440, 6251, 149.52, 150.00
1762635800,0, NVIDIA A10, GPU-359b21ab-3dbf-5646-ba1f-a513e3866c50, 8.6, 570.148.08, 76, 92, 89, 23028, 21029, 1571, 1410, 6251, 149.56, 150.00
1762635801,0, NVIDIA A10, GPU-359b21ab-3dbf-5646-ba1f-a513e3866c50, 8.6, 570.148.08, 76, 93, 91, 23028, 21029, 1571, 1395, 6251, 150.34, 150.00
1762635802,0, NVIDIA A10, GPU-359b21ab-3dbf-5646-ba1f-a513e3866c50, 8.6, 570.148.08, 76, 92, 92, 23028, 21029, 1571, 1440, 6251, 149.44, 150.00
1762635803,0, NVIDIA A10, GPU-359b21ab-3dbf-5646-ba1f-a513e3866c50, 8.6, 570.148.08, 76, 93, 92, 23028, 21029, 1571, 1425, 6251, 148.32, 150.00
1762635804,0, NVIDIA A10, GPU-359b21ab-3dbf-5646-ba1f-a513e3866c50, 8.6, 570.148.08, 76, 96, 64, 23028, 21029, 1571, 1335, 6251, 147.28, 150.00
1762635805,0, NVIDIA A10, GPU-359b21ab-3dbf-5646-ba1f-a513e3866c50, 8.6, 570.148.08, 76, 92, 92, 23028, 21029, 1571, 1425, 6251, 151.01, 150.00
1762635806,0, NVIDIA A10, GPU-359b21ab-3dbf-5646-ba1f-a513e3866c50, 8.6, 570.148.08, 77, 92, 92, 23028, 21029, 1571, 1425, 6251, 148.37, 150.00
1762635807,0, NVIDIA A10, GPU-359b21ab-3dbf-5646-ba1f-a513e3866c50, 8.6, 570.148.08, 77, 93, 91, 23028, 21029, 1571, 1395, 6251, 149.73, 150.00
1762635808,0, NVIDIA A10, GPU-359b21ab-3dbf-5646-ba1f-a513e3866c50, 8.6, 570.148.08, 77, 93, 91, 23028, 21029, 1571, 1020, 6251, 148.81, 150.00
1762635809,0, NVIDIA A10, GPU-359b21ab-3dbf-5646-ba1f-a513e3866c50, 8.6, 570.148.08, 77, 93, 91, 23028, 21029, 1571, 1320, 6251, 148.46, 150.00
1762635810,0, NVIDIA A10, GPU-359b21ab-3dbf-5646-ba1f-a513e3866c50, 8.6, 570.148.08, 77, 96, 60, 23028, 21029, 1571, 930, 6251, 148.59, 150.00
1762635812,0, NVIDIA A10, GPU-359b21ab-3dbf-5646-ba1f-a513e3866c50, 8.6, 570.148.08, 76, 92, 91, 23028, 21029, 1571, 1380, 6251, 146.45, 150.00
1762635813,0, NVIDIA A10, GPU-359b21ab-3dbf-5646-ba1f-a513e3866c50, 8.6, 570.148.08, 77, 92, 92, 23028, 21029, 1571, 1410, 6251, 148.79, 150.00
1762635814,0, NVIDIA A10, GPU-359b21ab-3dbf-5646-ba1f-a513e3866c50, 8.6, 570.148.08, 76, 93, 91, 23028, 21029, 1571, 1380, 6251, 149.78, 150.00
1762635815,0, NVIDIA A10, GPU-359b21ab-3dbf-5646-ba1f-a513e3866c50, 8.6, 570.148.08, 77, 93, 91, 23028, 21029, 1571, 1380, 6251, 149.96, 150.00
1762635816,0, NVIDIA A10, GPU-359b21ab-3dbf-5646-ba1f-a513e3866c50, 8.6, 570.148.08, 76, 93, 91, 23028, 21029, 1571, 1335, 6251, 149.32, 150.00
1762635817,0, NVIDIA A10, GPU-359b21ab-3dbf-5646-ba1f-a513e3866c50, 8.6, 570.148.08, 76, 92, 92, 23028, 21029, 1571, 1440, 6251, 149.09, 150.00
1762635818,0, NVIDIA A10, GPU-359b21ab-3dbf-5646-ba1f-a513e3866c50, 8.6, 570.148.08, 75, 37, 37, 23028, 21029, 1571, 1665, 6251, 143.68, 150.00
1762635819,0, NVIDIA A10, GPU-359b21ab-3dbf-5646-ba1f-a513e3866c50, 8.6, 570.148.08, 74, 0, 0, 23028, 21029, 1571, 1695, 6251, 85.86, 150.00
1762635820,0, NVIDIA A10, GPU-359b21ab-3dbf-5646-ba1f-a513e3866c50, 8.6, 570.148.08, 74, 100, 10, 23028, 3, 22596, 1695, 6251, 84.58, 150.00
1762635821,0, NVIDIA A10, GPU-359b21ab-3dbf-5646-ba1f-a513e3866c50, 8.6, 570.148.08, 73, 0, 0, 23028, 0, 22599, 1695, 6251, 81.26, 150.00
1762635822,0, NVIDIA A10, GPU-359b21ab-3dbf-5646-ba1f-a513e3866c50, 8.6, 570.148.08, 72, 0, 0, 23028, 0, 22599, 1695, 6251, 79.20, 150.00
1762635823,0, NVIDIA A10, GPU-359b21ab-3dbf-5646-ba1f-a513e3866c50, 8.6, 570.148.08, 70, 0, 0, 23028, 0, 22599, 270, 6251, 54.66, 150.00
1762635824,0, NVIDIA A10, GPU-359b21ab-3dbf-5646-ba1f-a513e3866c50, 8.6, 570.148.08, 69, 0, 0, 23028, 0, 22599, 210, 6251, 52.19, 150.00
1762635825,0, NVIDIA A10, GPU-359b21ab-3dbf-5646-ba1f-a513e3866c50, 8.6, 570.148.08, 69, 0, 0, 23028, 0, 22599, 210, 6251, 51.91, 150.00
1762635826,0, NVIDIA A10, GPU-359b21ab-3dbf-5646-ba1f-a513e3866c50, 8.6, 570.148.08, 68, 0, 0, 23028, 0, 22599, 210, 6251, 51.54, 150.00
1762635827,0, NVIDIA A10, GPU-359b21ab-3dbf-5646-ba1f-a513e3866c50, 8.6, 570.148.08, 68, 0, 0, 23028, 0, 22599, 210, 405, 35.25, 150.00
1762635828,0, NVIDIA A10, GPU-359b21ab-3dbf-5646-ba1f-a513e3866c50, 8.6, 570.148.08, 66, 0, 0, 23028, 0, 22599, 210, 405, 19.08, 150.00
1762635829,0, NVIDIA A10, GPU-359b21ab-3dbf-5646-ba1f-a513e3866c50, 8.6, 570.148.08, 66, 0, 0, 23028, 0, 22599, 210, 405, 18.94, 150.00
1762635830,0, NVIDIA A10, GPU-359b21ab-3dbf-5646-ba1f-a513e3866c50, 8.6, 570.148.08, 65, 0, 0, 23028, 0, 22599, 210, 405, 18.80, 150.00
1762635831,0, NVIDIA A10, GPU-359b21ab-3dbf-5646-ba1f-a513e3866c50, 8.6, 570.148.08, 65, 0, 0, 23028, 1, 22599, 210, 405, 18.70, 150.00
1762635832,0, NVIDIA A10, GPU-359b21ab-3dbf-5646-ba1f-a513e3866c50, 8.6, 570.148.08, 65, 0, 0, 23028, 861, 21739, 1695, 6251, 43.52, 150.00
1762635833,0, NVIDIA A10, GPU-359b21ab-3dbf-5646-ba1f-a513e3866c50, 8.6, 570.148.08, 65, 0, 0, 23028, 3219, 19381, 1695, 6251, 73.24, 150.00
1762635834,0, NVIDIA A10, GPU-359b21ab-3dbf-5646-ba1f-a513e3866c50, 8.6, 570.148.08, 65, 0, 0, 23028, 2717, 19883, 1695, 6251, 72.38, 150.00
1762635835,0, NVIDIA A10, GPU-359b21ab-3dbf-5646-ba1f-a513e3866c50, 8.6, 570.148.08, 65, 0, 0, 23028, 2717, 19883, 1695, 6251, 71.91, 150.00
1762635836,0, NVIDIA A10, GPU-359b21ab-3dbf-5646-ba1f-a513e3866c50, 8.6, 570.148.08, 65, 0, 0, 23028, 2717, 19883, 1695, 6251, 71.72, 150.00
1762635837,0, NVIDIA A10, GPU-359b21ab-3dbf-5646-ba1f-a513e3866c50, 8.6, 570.148.08, 65, 0, 0, 23028, 2717, 19883, 1695, 6251, 71.67, 150.00
1762635838,0, NVIDIA A10, GPU-359b21ab-3dbf-5646-ba1f-a513e3866c50, 8.6, 570.148.08, 66, 16, 16, 23028, 4291, 18309, 1680, 6251, 94.39, 150.00
1762635839,0, NVIDIA A10, GPU-359b21ab-3dbf-5646-ba1f-a513e3866c50, 8.6, 570.148.08, 67, 61, 37, 23028, 19581, 3019, 1515, 6251, 90.10, 150.00
1762635840,0, NVIDIA A10, GPU-359b21ab-3dbf-5646-ba1f-a513e3866c50, 8.6, 570.148.08, 67, 35, 34, 23028, 19723, 2877, 1680, 6251, 126.44, 150.00
1762635841,0, NVIDIA A10, GPU-359b21ab-3dbf-5646-ba1f-a513e3866c50, 8.6, 570.148.08, 67, 30, 33, 23028, 21029, 1571, 1650, 6251, 119.14, 150.00
1762635842,0, NVIDIA A10, GPU-359b21ab-3dbf-5646-ba1f-a513e3866c50, 8.6, 570.148.08, 65, 0, 0, 23028, 21029, 1571, 1695, 6251, 80.70, 150.00
1762635843,0, NVIDIA A10, GPU-359b21ab-3dbf-5646-ba1f-a513e3866c50, 8.6, 570.148.08, 65, 0, 0, 23028, 21029, 1571, 1695, 6251, 71.65, 150.00
1762635844,0, NVIDIA A10, GPU-359b21ab-3dbf-5646-ba1f-a513e3866c50, 8.6, 570.148.08, 65, 0, 0, 23028, 21029, 1571, 1695, 6251, 71.34, 150.00
1762635845,0, NVIDIA A10, GPU-359b21ab-3dbf-5646-ba1f-a513e3866c50, 8.6, 570.148.08, 64, 0, 0, 23028, 21029, 1571, 1695, 6251, 71.15, 150.00
1762635846,0, NVIDIA A10, GPU-359b21ab-3dbf-5646-ba1f-a513e3866c50, 8.6, 570.148.08, 64, 0, 0, 23028, 21029, 1571, 1695, 6251, 71.05, 150.00
1762635847,0, NVIDIA A10, GPU-359b21ab-3dbf-5646-ba1f-a513e3866c50, 8.6, 570.148.08, 64, 0, 0, 23028, 21029, 1571, 1695, 6251, 70.74, 150.00
1762635848,0, NVIDIA A10, GPU-359b21ab-3dbf-5646-ba1f-a513e3866c50, 8.6, 570.148.08, 64, 0, 0, 23028, 21029, 1571, 1695, 6251, 70.61, 150.00
1762635850,0, NVIDIA A10, GPU-359b21ab-3dbf-5646-ba1f-a513e3866c50, 8.6, 570.148.08, 64, 0, 0, 23028, 21029, 1571, 1695, 6251, 70.42, 150.00
1762635851,0, NVIDIA A10, GPU-359b21ab-3dbf-5646-ba1f-a513e3866c50, 8.6, 570.148.08, 63, 0, 0, 23028, 21029, 1571, 1695, 6251, 70.28, 150.00
1762635852,0, NVIDIA A10, GPU-359b21ab-3dbf-5646-ba1f-a513e3866c50, 8.6, 570.148.08, 63, 0, 0, 23028, 21029, 1571, 1695, 6251, 69.85, 150.00
1762635853,0, NVIDIA A10, GPU-359b21ab-3dbf-5646-ba1f-a513e3866c50, 8.6, 570.148.08, 66, 92, 91, 23028, 21029, 1571, 1545, 6251, 144.95, 150.00
1762635854,0, NVIDIA A10, GPU-359b21ab-3dbf-5646-ba1f-a513e3866c50, 8.6, 570.148.08, 67, 93, 92, 23028, 21029, 1571, 1485, 6251, 150.13, 150.00
1762635855,0, NVIDIA A10, GPU-359b21ab-3dbf-5646-ba1f-a513e3866c50, 8.6, 570.148.08, 67, 93, 93, 23028, 21029, 1571, 1515, 6251, 150.74, 150.00
1762635856,0, NVIDIA A10, GPU-359b21ab-3dbf-5646-ba1f-a513e3866c50, 8.6, 570.148.08, 67, 92, 92, 23028, 21029, 1571, 1530, 6251, 147.67, 150.00
1762635857,0, NVIDIA A10, GPU-359b21ab-3dbf-5646-ba1f-a513e3866c50, 8.6, 570.148.08, 67, 93, 92, 23028, 21029, 1571, 1485, 6251, 149.96, 150.00
1762635858,0, NVIDIA A10, GPU-359b21ab-3dbf-5646-ba1f-a513e3866c50, 8.6, 570.148.08, 68, 92, 93, 23028, 21029, 1571, 1485, 6251, 151.60, 150.00
1762635859,0, NVIDIA A10, GPU-359b21ab-3dbf-5646-ba1f-a513e3866c50, 8.6, 570.148.08, 68, 93, 91, 23028, 21029, 1571, 1515, 6251, 153.76, 150.00
1762635860,0, NVIDIA A10, GPU-359b21ab-3dbf-5646-ba1f-a513e3866c50, 8.6, 570.148.08, 68, 92, 93, 23028, 21029, 1571, 1515, 6251, 148.61, 150.00
1762635861,0, NVIDIA A10, GPU-359b21ab-3dbf-5646-ba1f-a513e3866c50, 8.6, 570.148.08, 68, 92, 92, 23028, 21029, 1571, 1470, 6251, 149.62, 150.00
1762635862,0, NVIDIA A10, GPU-359b21ab-3dbf-5646-ba1f-a513e3866c50, 8.6, 570.148.08, 68, 93, 92, 23028, 21029, 1571, 1065, 6251, 149.77, 150.00
1762635863,0, NVIDIA A10, GPU-359b21ab-3dbf-5646-ba1f-a513e3866c50, 8.6, 570.148.08, 69, 92, 91, 23028, 21029, 1571, 1500, 6251, 145.07, 150.00
1762635864,0, NVIDIA A10, GPU-359b21ab-3dbf-5646-ba1f-a513e3866c50, 8.6, 570.148.08, 69, 93, 92, 23028, 21029, 1571, 1455, 6251, 149.76, 150.00
1762635865,0, NVIDIA A10, GPU-359b21ab-3dbf-5646-ba1f-a513e3866c50, 8.6, 570.148.08, 69, 91, 91, 23028, 21029, 1571, 1470, 6251, 148.26, 150.00
1762635866,0, NVIDIA A10, GPU-359b21ab-3dbf-5646-ba1f-a513e3866c50, 8.6, 570.148.08, 69, 91, 89, 23028, 21029, 1571, 1500, 6251, 150.18, 150.00
1762635867,0, NVIDIA A10, GPU-359b21ab-3dbf-5646-ba1f-a513e3866c50, 8.6, 570.148.08, 70, 91, 90, 23028, 21029, 1571, 1500, 6251, 148.15, 150.00
1762635868,0, NVIDIA A10, GPU-359b21ab-3dbf-5646-ba1f-a513e3866c50, 8.6, 570.148.08, 69, 92, 76, 23028, 21029, 1571, 1515, 6251, 148.05, 150.00
1762635869,0, NVIDIA A10, GPU-359b21ab-3dbf-5646-ba1f-a513e3866c50, 8.6, 570.148.08, 70, 91, 91, 23028, 21029, 1571, 1470, 6251, 149.88, 150.00
1762635870,0, NVIDIA A10, GPU-359b21ab-3dbf-5646-ba1f-a513e3866c50, 8.6, 570.148.08, 70, 91, 91, 23028, 21029, 1571, 1485, 6251, 152.07, 150.00
1762635871,0, NVIDIA A10, GPU-359b21ab-3dbf-5646-ba1f-a513e3866c50, 8.6, 570.148.08, 70, 93, 75, 23028, 21029, 1571, 1485, 6251, 147.90, 150.00
1762635872,0, NVIDIA A10, GPU-359b21ab-3dbf-5646-ba1f-a513e3866c50, 8.6, 570.148.08, 70, 93, 91, 23028, 21029, 1571, 1440, 6251, 149.08, 150.00
1762635873,0, NVIDIA A10, GPU-359b21ab-3dbf-5646-ba1f-a513e3866c50, 8.6, 570.148.08, 70, 91, 91, 23028, 21029, 1571, 1485, 6251, 148.89, 150.00
1762635874,0, NVIDIA A10, GPU-359b21ab-3dbf-5646-ba1f-a513e3866c50, 8.6, 570.148.08, 70, 92, 92, 23028, 21029, 1571, 1455, 6251, 149.97, 150.00
1762635875,0, NVIDIA A10, GPU-359b21ab-3dbf-5646-ba1f-a513e3866c50, 8.6, 570.148.08, 70, 92, 92, 23028, 21029, 1571, 1455, 6251, 149.51, 150.00
1762635876,0, NVIDIA A10, GPU-359b21ab-3dbf-5646-ba1f-a513e3866c50, 8.6, 570.148.08, 71, 93, 56, 23028, 21029, 1571, 1050, 6251, 149.24, 150.00
1762635877,0, NVIDIA A10, GPU-359b21ab-3dbf-5646-ba1f-a513e3866c50, 8.6, 570.148.08, 71, 92, 87, 23028, 21029, 1571, 1050, 6251, 149.48, 150.00
1762635878,0, NVIDIA A10, GPU-359b21ab-3dbf-5646-ba1f-a513e3866c50, 8.6, 570.148.08, 71, 93, 93, 23028, 21029, 1571, 1395, 6251, 150.50, 150.00
1762635879,0, NVIDIA A10, GPU-359b21ab-3dbf-5646-ba1f-a513e3866c50, 8.6, 570.148.08, 71, 99, 43, 23028, 21029, 1571, 1410, 6251, 152.34, 150.00
1762635880,0, NVIDIA A10, GPU-359b21ab-3dbf-5646-ba1f-a513e3866c50, 8.6, 570.148.08, 71, 92, 90, 23028, 21029, 1571, 1485, 6251, 147.28, 150.00
1762635881,0, NVIDIA A10, GPU-359b21ab-3dbf-5646-ba1f-a513e3866c50, 8.6, 570.148.08, 71, 97, 53, 23028, 21029, 1571, 1440, 6251, 148.93, 150.00
1762635882,0, NVIDIA A10, GPU-359b21ab-3dbf-5646-ba1f-a513e3866c50, 8.6, 570.148.08, 71, 92, 89, 23028, 21029, 1571, 1485, 6251, 147.85, 150.00
1762635883,0, NVIDIA A10, GPU-359b21ab-3dbf-5646-ba1f-a513e3866c50, 8.6, 570.148.08, 71, 92, 91, 23028, 21029, 1571, 1485, 6251, 148.21, 150.00
1762635884,0, NVIDIA A10, GPU-359b21ab-3dbf-5646-ba1f-a513e3866c50, 8.6, 570.148.08, 72, 91, 91, 23028, 21029, 1571, 1485, 6251, 153.41, 150.00
1762635886,0, NVIDIA A10, GPU-359b21ab-3dbf-5646-ba1f-a513e3866c50, 8.6, 570.148.08, 71, 92, 91, 23028, 21029, 1571, 1485, 6251, 150.52, 150.00
1762635887,0, NVIDIA A10, GPU-359b21ab-3dbf-5646-ba1f-a513e3866c50, 8.6, 570.148.08, 72, 92, 92, 23028, 21029, 1571, 1500, 6251, 151.95, 150.00
1762635888,0, NVIDIA A10, GPU-359b21ab-3dbf-5646-ba1f-a513e3866c50, 8.6, 570.148.08, 72, 93, 91, 23028, 21029, 1571, 1485, 6251, 153.65, 150.00
1762635889,0, NVIDIA A10, GPU-359b21ab-3dbf-5646-ba1f-a513e3866c50, 8.6, 570.148.08, 72, 92, 92, 23028, 21029, 1571, 1470, 6251, 153.70, 150.00
1762635890,0, NVIDIA A10, GPU-359b21ab-3dbf-5646-ba1f-a513e3866c50, 8.6, 570.148.08, 72, 93, 91, 23028, 21029, 1571, 1440, 6251, 149.77, 150.00
1762635891,0, NVIDIA A10, GPU-359b21ab-3dbf-5646-ba1f-a513e3866c50, 8.6, 570.148.08, 72, 93, 92, 23028, 21029, 1571, 1455, 6251, 151.06, 150.00
1762635892,0, NVIDIA A10, GPU-359b21ab-3dbf-5646-ba1f-a513e3866c50, 8.6, 570.148.08, 72, 92, 91, 23028, 21029, 1571, 1470, 6251, 150.80, 150.00
1762635893,0, NVIDIA A10, GPU-359b21ab-3dbf-5646-ba1f-a513e3866c50, 8.6, 570.148.08, 72, 92, 91, 23028, 21029, 1571, 1485, 6251, 148.80, 150.00
1762635894,0, NVIDIA A10, GPU-359b21ab-3dbf-5646-ba1f-a513e3866c50, 8.6, 570.148.08, 72, 92, 92, 23028, 21029, 1571, 1470, 6251, 147.54, 150.00
1762635895,0, NVIDIA A10, GPU-359b21ab-3dbf-5646-ba1f-a513e3866c50, 8.6, 570.148.08, 72, 93, 92, 23028, 21029, 1571, 1455, 6251, 149.67, 150.00
1762635896,0, NVIDIA A10, GPU-359b21ab-3dbf-5646-ba1f-a513e3866c50, 8.6, 570.148.08, 73, 92, 91, 23028, 21029, 1571, 1455, 6251, 148.33, 150.00
1762635897,0, NVIDIA A10, GPU-359b21ab-3dbf-5646-ba1f-a513e3866c50, 8.6, 570.148.08, 73, 92, 91, 23028, 21029, 1571, 1470, 6251, 147.65, 150.00
1762635898,0, NVIDIA A10, GPU-359b21ab-3dbf-5646-ba1f-a513e3866c50, 8.6, 570.148.08, 73, 93, 93, 23028, 21029, 1571, 1470, 6251, 149.52, 150.00
1762635899,0, NVIDIA A10, GPU-359b21ab-3dbf-5646-ba1f-a513e3866c50, 8.6, 570.148.08, 73, 93, 93, 23028, 21029, 1571, 1470, 6251, 151.17, 150.00
1762635900,0, NVIDIA A10, GPU-359b21ab-3dbf-5646-ba1f-a513e3866c50, 8.6, 570.148.08, 73, 93, 92, 23028, 21029, 1571, 1050, 6251, 149.49, 150.00
1762635901,0, NVIDIA A10, GPU-359b21ab-3dbf-5646-ba1f-a513e3866c50, 8.6, 570.148.08, 73, 92, 91, 23028, 21029, 1571, 1455, 6251, 151.17, 150.00
1762635902,0, NVIDIA A10, GPU-359b21ab-3dbf-5646-ba1f-a513e3866c50, 8.6, 570.148.08, 73, 92, 91, 23028, 21029, 1571, 1455, 6251, 147.58, 150.00
1762635903,0, NVIDIA A10, GPU-359b21ab-3dbf-5646-ba1f-a513e3866c50, 8.6, 570.148.08, 73, 92, 92, 23028, 21029, 1571, 1425, 6251, 150.26, 150.00
1762635904,0, NVIDIA A10, GPU-359b21ab-3dbf-5646-ba1f-a513e3866c50, 8.6, 570.148.08, 73, 92, 91, 23028, 21029, 1571, 1470, 6251, 149.38, 150.00
1762635905,0, NVIDIA A10, GPU-359b21ab-3dbf-5646-ba1f-a513e3866c50, 8.6, 570.148.08, 73, 92, 91, 23028, 21029, 1571, 1470, 6251, 151.47, 150.00
1762635906,0, NVIDIA A10, GPU-359b21ab-3dbf-5646-ba1f-a513e3866c50, 8.6, 570.148.08, 73, 93, 91, 23028, 21029, 1571, 1440, 6251, 149.95, 150.00
1762635907,0, NVIDIA A10, GPU-359b21ab-3dbf-5646-ba1f-a513e3866c50, 8.6, 570.148.08, 73, 91, 91, 23028, 21029, 1571, 1470, 6251, 154.10, 150.00
1762635908,0, NVIDIA A10, GPU-359b21ab-3dbf-5646-ba1f-a513e3866c50, 8.6, 570.148.08, 73, 92, 91, 23028, 21029, 1571, 1470, 6251, 148.93, 150.00
1762635909,0, NVIDIA A10, GPU-359b21ab-3dbf-5646-ba1f-a513e3866c50, 8.6, 570.148.08, 74, 96, 60, 23028, 21029, 1571, 1170, 6251, 149.41, 150.00
1762635910,0, NVIDIA A10, GPU-359b21ab-3dbf-5646-ba1f-a513e3866c50, 8.6, 570.148.08, 73, 93, 90, 23028, 21029, 1571, 1365, 6251, 147.47, 150.00
1762635911,0, NVIDIA A10, GPU-359b21ab-3dbf-5646-ba1f-a513e3866c50, 8.6, 570.148.08, 74, 93, 91, 23028, 21029, 1571, 1350, 6251, 148.84, 150.00
1762635912,0, NVIDIA A10, GPU-359b21ab-3dbf-5646-ba1f-a513e3866c50, 8.6, 570.148.08, 74, 92, 92, 23028, 21029, 1571, 1455, 6251, 147.41, 150.00
1762635913,0, NVIDIA A10, GPU-359b21ab-3dbf-5646-ba1f-a513e3866c50, 8.6, 570.148.08, 74, 92, 91, 23028, 21029, 1571, 1455, 6251, 148.41, 150.00
1762635914,0, NVIDIA A10, GPU-359b21ab-3dbf-5646-ba1f-a513e3866c50, 8.6, 570.148.08, 74, 92, 91, 23028, 21029, 1571, 1425, 6251, 149.68, 150.00
1762635915,0, NVIDIA A10, GPU-359b21ab-3dbf-5646-ba1f-a513e3866c50, 8.6, 570.148.08, 74, 93, 93, 23028, 21029, 1571, 1440, 6251, 149.09, 150.00
1762635916,0, NVIDIA A10, GPU-359b21ab-3dbf-5646-ba1f-a513e3866c50, 8.6, 570.148.08, 74, 94, 61, 23028, 21029, 1571, 1185, 6251, 148.26, 150.00
1762635917,0, NVIDIA A10, GPU-359b21ab-3dbf-5646-ba1f-a513e3866c50, 8.6, 570.148.08, 74, 93, 90, 23028, 21029, 1571, 1365, 6251, 147.72, 150.00
1762635918,0, NVIDIA A10, GPU-359b21ab-3dbf-5646-ba1f-a513e3866c50, 8.6, 570.148.08, 74, 92, 90, 23028, 21029, 1571, 1470, 6251, 147.02, 150.00
1762635920,0, NVIDIA A10, GPU-359b21ab-3dbf-5646-ba1f-a513e3866c50, 8.6, 570.148.08, 74, 92, 91, 23028, 21029, 1571, 1440, 6251, 148.10, 150.00
1762635921,0, NVIDIA A10, GPU-359b21ab-3dbf-5646-ba1f-a513e3866c50, 8.6, 570.148.08, 74, 91, 91, 23028, 21029, 1571, 1455, 6251, 150.65, 150.00
1762635922,0, NVIDIA A10, GPU-359b21ab-3dbf-5646-ba1f-a513e3866c50, 8.6, 570.148.08, 74, 100, 44, 23028, 21029, 1571, 1170, 6251, 150.90, 150.00
1762635923,0, NVIDIA A10, GPU-359b21ab-3dbf-5646-ba1f-a513e3866c50, 8.6, 570.148.08, 74, 91, 89, 23028, 21029, 1571, 1005, 6251, 149.21, 150.00
1762635924,0, NVIDIA A10, GPU-359b21ab-3dbf-5646-ba1f-a513e3866c50, 8.6, 570.148.08, 74, 93, 93, 23028, 21029, 1571, 1335, 6251, 148.48, 150.00
1762635925,0, NVIDIA A10, GPU-359b21ab-3dbf-5646-ba1f-a513e3866c50, 8.6, 570.148.08, 74, 91, 85, 23028, 21029, 1571, 1455, 6251, 150.49, 150.00
1762635926,0, NVIDIA A10, GPU-359b21ab-3dbf-5646-ba1f-a513e3866c50, 8.6, 570.148.08, 74, 92, 91, 23028, 21029, 1571, 1440, 6251, 149.21, 150.00
1762635927,0, NVIDIA A10, GPU-359b21ab-3dbf-5646-ba1f-a513e3866c50, 8.6, 570.148.08, 74, 91, 90, 23028, 21029, 1571, 1455, 6251, 153.12, 150.00
1762635928,0, NVIDIA A10, GPU-359b21ab-3dbf-5646-ba1f-a513e3866c50, 8.6, 570.148.08, 74, 92, 91, 23028, 21029, 1571, 1455, 6251, 149.05, 150.00
1762635929,0, NVIDIA A10, GPU-359b21ab-3dbf-5646-ba1f-a513e3866c50, 8.6, 570.148.08, 74, 92, 92, 23028, 21029, 1571, 1455, 6251, 148.35, 150.00
1762635930,0, NVIDIA A10, GPU-359b21ab-3dbf-5646-ba1f-a513e3866c50, 8.6, 570.148.08, 74, 92, 93, 23028, 21029, 1571, 1440, 6251, 150.54, 150.00
1762635931,0, NVIDIA A10, GPU-359b21ab-3dbf-5646-ba1f-a513e3866c50, 8.6, 570.148.08, 74, 92, 92, 23028, 21029, 1571, 1455, 6251, 148.15, 150.00
1762635932,0, NVIDIA A10, GPU-359b21ab-3dbf-5646-ba1f-a513e3866c50, 8.6, 570.148.08, 74, 92, 92, 23028, 21029, 1571, 1455, 6251, 150.28, 150.00
1762635933,0, NVIDIA A10, GPU-359b21ab-3dbf-5646-ba1f-a513e3866c50, 8.6, 570.148.08, 74, 92, 91, 23028, 21029, 1571, 1215, 6251, 149.99, 150.00
1762635934,0, NVIDIA A10, GPU-359b21ab-3dbf-5646-ba1f-a513e3866c50, 8.6, 570.148.08, 75, 93, 93, 23028, 21029, 1571, 1425, 6251, 149.04, 150.00
1762635935,0, NVIDIA A10, GPU-359b21ab-3dbf-5646-ba1f-a513e3866c50, 8.6, 570.148.08, 74, 95, 66, 23028, 21029, 1571, 1410, 6251, 147.03, 150.00
1762635936,0, NVIDIA A10, GPU-359b21ab-3dbf-5646-ba1f-a513e3866c50, 8.6, 570.148.08, 75, 93, 91, 23028, 21029, 1571, 1395, 6251, 148.57, 150.00
1762635937,0, NVIDIA A10, GPU-359b21ab-3dbf-5646-ba1f-a513e3866c50, 8.6, 570.148.08, 74, 92, 91, 23028, 21029, 1571, 1455, 6251, 147.89, 150.00
1762635938,0, NVIDIA A10, GPU-359b21ab-3dbf-5646-ba1f-a513e3866c50, 8.6, 570.148.08, 75, 93, 93, 23028, 21029, 1571, 1440, 6251, 150.13, 150.00
1762635939,0, NVIDIA A10, GPU-359b21ab-3dbf-5646-ba1f-a513e3866c50, 8.6, 570.148.08, 75, 91, 91, 23028, 21029, 1571, 1440, 6251, 147.80, 150.00
1762635940,0, NVIDIA A10, GPU-359b21ab-3dbf-5646-ba1f-a513e3866c50, 8.6, 570.148.08, 75, 93, 91, 23028, 21029, 1571, 1185, 6251, 149.57, 150.00
1762635941,0, NVIDIA A10, GPU-359b21ab-3dbf-5646-ba1f-a513e3866c50, 8.6, 570.148.08, 75, 93, 92, 23028, 21029, 1571, 1410, 6251, 151.53, 150.00
1762635942,0, NVIDIA A10, GPU-359b21ab-3dbf-5646-ba1f-a513e3866c50, 8.6, 570.148.08, 75, 93, 93, 23028, 21029, 1571, 1425, 6251, 149.87, 150.00
1762635943,0, NVIDIA A10, GPU-359b21ab-3dbf-5646-ba1f-a513e3866c50, 8.6, 570.148.08, 75, 93, 91, 23028, 21029, 1571, 1410, 6251, 149.59, 150.00
1762635944,0, NVIDIA A10, GPU-359b21ab-3dbf-5646-ba1f-a513e3866c50, 8.6, 570.148.08, 75, 93, 91, 23028, 21029, 1571, 1350, 6251, 153.90, 150.00
1762635945,0, NVIDIA A10, GPU-359b21ab-3dbf-5646-ba1f-a513e3866c50, 8.6, 570.148.08, 75, 93, 93, 23028, 21029, 1571, 1410, 6251, 148.07, 150.00
1762635946,0, NVIDIA A10, GPU-359b21ab-3dbf-5646-ba1f-a513e3866c50, 8.6, 570.148.08, 75, 93, 84, 23028, 21029, 1571, 1065, 6251, 150.47, 150.00
1762635947,0, NVIDIA A10, GPU-359b21ab-3dbf-5646-ba1f-a513e3866c50, 8.6, 570.148.08, 75, 97, 60, 23028, 21029, 1571, 1260, 6251, 153.01, 150.00
1762635948,0, NVIDIA A10, GPU-359b21ab-3dbf-5646-ba1f-a513e3866c50, 8.6, 570.148.08, 75, 93, 92, 23028, 21029, 1571, 1425, 6251, 148.44, 150.00
1762635949,0, NVIDIA A10, GPU-359b21ab-3dbf-5646-ba1f-a513e3866c50, 8.6, 570.148.08, 75, 92, 91, 23028, 21029, 1571, 1440, 6251, 147.57, 150.00
1762635950,0, NVIDIA A10, GPU-359b21ab-3dbf-5646-ba1f-a513e3866c50, 8.6, 570.148.08, 75, 92, 91, 23028, 21029, 1571, 1455, 6251, 149.39, 150.00
1762635951,0, NVIDIA A10, GPU-359b21ab-3dbf-5646-ba1f-a513e3866c50, 8.6, 570.148.08, 75, 93, 81, 23028, 21029, 1571, 1170, 6251, 152.26, 150.00
1762635952,0, NVIDIA A10, GPU-359b21ab-3dbf-5646-ba1f-a513e3866c50, 8.6, 570.148.08, 75, 92, 91, 23028, 21029, 1571, 1440, 6251, 150.61, 150.00
1762635953,0, NVIDIA A10, GPU-359b21ab-3dbf-5646-ba1f-a513e3866c50, 8.6, 570.148.08, 75, 91, 91, 23028, 21029, 1571, 1440, 6251, 149.53, 150.00
1762635955,0, NVIDIA A10, GPU-359b21ab-3dbf-5646-ba1f-a513e3866c50, 8.6, 570.148.08, 75, 91, 90, 23028, 21029, 1571, 1410, 6251, 152.31, 150.00
1762635956,0, NVIDIA A10, GPU-359b21ab-3dbf-5646-ba1f-a513e3866c50, 8.6, 570.148.08, 75, 91, 91, 23028, 21029, 1571, 1455, 6251, 151.72, 150.00
1762635957,0, NVIDIA A10, GPU-359b21ab-3dbf-5646-ba1f-a513e3866c50, 8.6, 570.148.08, 75, 91, 91, 23028, 21029, 1571, 1455, 6251, 148.05, 150.00
1762635958,0, NVIDIA A10, GPU-359b21ab-3dbf-5646-ba1f-a513e3866c50, 8.6, 570.148.08, 75, 92, 91, 23028, 21029, 1571, 1455, 6251, 149.09, 150.00
1762635959,0, NVIDIA A10, GPU-359b21ab-3dbf-5646-ba1f-a513e3866c50, 8.6, 570.148.08, 75, 92, 91, 23028, 21029, 1571, 1455, 6251, 147.45, 150.00
1762635960,0, NVIDIA A10, GPU-359b21ab-3dbf-5646-ba1f-a513e3866c50, 8.6, 570.148.08, 75, 92, 91, 23028, 21029, 1571, 1440, 6251, 148.78, 150.00
1762635961,0, NVIDIA A10, GPU-359b21ab-3dbf-5646-ba1f-a513e3866c50, 8.6, 570.148.08, 75, 92, 91, 23028, 21029, 1571, 1440, 6251, 148.95, 150.00
1762635962,0, NVIDIA A10, GPU-359b21ab-3dbf-5646-ba1f-a513e3866c50, 8.6, 570.148.08, 75, 93, 92, 23028, 21029, 1571, 1425, 6251, 150.07, 150.00
1762635963,0, NVIDIA A10, GPU-359b21ab-3dbf-5646-ba1f-a513e3866c50, 8.6, 570.148.08, 76, 93, 91, 23028, 21029, 1571, 1425, 6251, 152.06, 150.00
1762635964,0, NVIDIA A10, GPU-359b21ab-3dbf-5646-ba1f-a513e3866c50, 8.6, 570.148.08, 75, 91, 90, 23028, 21029, 1571, 1455, 6251, 148.42, 150.00
1762635965,0, NVIDIA A10, GPU-359b21ab-3dbf-5646-ba1f-a513e3866c50, 8.6, 570.148.08, 76, 92, 92, 23028, 21029, 1571, 1455, 6251, 148.46, 150.00
1762635966,0, NVIDIA A10, GPU-359b21ab-3dbf-5646-ba1f-a513e3866c50, 8.6, 570.148.08, 76, 92, 92, 23028, 21029, 1571, 1425, 6251, 149.32, 150.00
1762635967,0, NVIDIA A10, GPU-359b21ab-3dbf-5646-ba1f-a513e3866c50, 8.6, 570.148.08, 76, 92, 92, 23028, 21029, 1571, 1410, 6251, 149.87, 150.00
1762635968,0, NVIDIA A10, GPU-359b21ab-3dbf-5646-ba1f-a513e3866c50, 8.6, 570.148.08, 75, 92, 91, 23028, 21029, 1571, 1380, 6251, 148.56, 150.00
1762635969,0, NVIDIA A10, GPU-359b21ab-3dbf-5646-ba1f-a513e3866c50, 8.6, 570.148.08, 76, 96, 59, 23028, 21029, 1571, 1155, 6251, 147.42, 150.00
1762635970,0, NVIDIA A10, GPU-359b21ab-3dbf-5646-ba1f-a513e3866c50, 8.6, 570.148.08, 75, 93, 91, 23028, 21029, 1571, 1395, 6251, 147.88, 150.00
1762635971,0, NVIDIA A10, GPU-359b21ab-3dbf-5646-ba1f-a513e3866c50, 8.6, 570.148.08, 76, 93, 91, 23028, 21029, 1571, 930, 6251, 148.93, 150.00
1762635972,0, NVIDIA A10, GPU-359b21ab-3dbf-5646-ba1f-a513e3866c50, 8.6, 570.148.08, 76, 96, 59, 23028, 21029, 1571, 750, 6251, 147.18, 150.00
1762635973,0, NVIDIA A10, GPU-359b21ab-3dbf-5646-ba1f-a513e3866c50, 8.6, 570.148.08, 76, 94, 77, 23028, 21029, 1571, 900, 6251, 148.53, 150.00
1762635974,0, NVIDIA A10, GPU-359b21ab-3dbf-5646-ba1f-a513e3866c50, 8.6, 570.148.08, 76, 93, 93, 23028, 21029, 1571, 1335, 6251, 151.36, 150.00
1762635975,0, NVIDIA A10, GPU-359b21ab-3dbf-5646-ba1f-a513e3866c50, 8.6, 570.148.08, 76, 92, 91, 23028, 21029, 1571, 1395, 6251, 147.12, 150.00
1762635976,0, NVIDIA A10, GPU-359b21ab-3dbf-5646-ba1f-a513e3866c50, 8.6, 570.148.08, 76, 93, 92, 23028, 21029, 1571, 1410, 6251, 147.80, 150.00
1762635977,0, NVIDIA A10, GPU-359b21ab-3dbf-5646-ba1f-a513e3866c50, 8.6, 570.148.08, 76, 95, 51, 23028, 21029, 1571, 1050, 6251, 148.21, 150.00
1762635978,0, NVIDIA A10, GPU-359b21ab-3dbf-5646-ba1f-a513e3866c50, 8.6, 570.148.08, 76, 93, 92, 23028, 21029, 1571, 1335, 6251, 147.48, 150.00
1762635979,0, NVIDIA A10, GPU-359b21ab-3dbf-5646-ba1f-a513e3866c50, 8.6, 570.148.08, 74, 0, 0, 23028, 21029, 1571, 1680, 6251, 130.44, 150.00
1762635980,0, NVIDIA A10, GPU-359b21ab-3dbf-5646-ba1f-a513e3866c50, 8.6, 570.148.08, 73, 0, 0, 23028, 21029, 1571, 1695, 6251, 85.68, 150.00
1762635981,0, NVIDIA A10, GPU-359b21ab-3dbf-5646-ba1f-a513e3866c50, 8.6, 570.148.08, 72, 80, 8, 23028, 3, 22596, 1695, 6251, 83.79, 150.00
